Spacecraft,EventID,EventStartUTC,EventEndUTCInclusive,PlotStartUTC,PlotEndUTCExclusive,MAG1hSourceFileCount,MAG1hRecords,MAGDailyMeanDays,COHOSourceFileCount,COHORecords,DirectPlasmaVariables,FigureFile,PitchAngleDataFile,Status,Notes
1,Case1-S01-L01,2020-05-22,2020-05-22,2020-05-15,2020-05-30,1,113,14,1,360,,C:\Users\Administrator\Documents\FWD_matlab\Voyager_fu\Voyager_Interstellar_Monthly\Case1_PPT_VerticalLine_Events_7d\V1_Case1-S01-L01_20200522_20200522_COHO1h_raw_LECP_P1_pitch_angle_Florinski2008_1d.png,C:\Users\Administrator\Documents\FWD_matlab\Voyager_fu\Voyager_Interstellar_Monthly\Case1_Selected_Event_Data\derived\lecp_pitch_angle_florinski2008_daily\V1_Case1-S01-L01_20200522_20200522_LECP_P1_Florinski2008_pitch_angle_1d.csv,ok,
1,Case1-S01-L02,2020-09-23,2020-09-23,2020-09-16,2020-10-01,1,106,15,1,360,,C:\Users\Administrator\Documents\FWD_matlab\Voyager_fu\Voyager_Interstellar_Monthly\Case1_PPT_VerticalLine_Events_7d\V1_Case1-S01-L02_20200923_20200923_COHO1h_raw_LECP_P1_pitch_angle_Florinski2008_1d.png,C:\Users\Administrator\Documents\FWD_matlab\Voyager_fu\Voyager_Interstellar_Monthly\Case1_Selected_Event_Data\derived\lecp_pitch_angle_florinski2008_daily\V1_Case1-S01-L02_20200923_20200923_LECP_P1_Florinski2008_pitch_angle_1d.csv,ok,
1,Case1-S01-L03,2020-12-06,2020-12-06,2020-11-29,2020-12-14,2,103,15,2,360,,C:\Users\Administrator\Documents\FWD_matlab\Voyager_fu\Voyager_Interstellar_Monthly\Case1_PPT_VerticalLine_Events_7d\V1_Case1-S01-L03_20201206_20201206_COHO1h_raw_LECP_P1_pitch_angle_Florinski2008_1d.png,C:\Users\Administrator\Documents\FWD_matlab\Voyager_fu\Voyager_Interstellar_Monthly\Case1_Selected_Event_Data\derived\lecp_pitch_angle_florinski2008_daily\V1_Case1-S01-L03_20201206_20201206_LECP_P1_Florinski2008_pitch_angle_1d.csv,ok,
1,Case1-S02-L01,2018-01-08,2018-01-08,2018-01-01,2018-01-16,1,111,15,1,360,,C:\Users\Administrator\Documents\FWD_matlab\Voyager_fu\Voyager_Interstellar_Monthly\Case1_PPT_VerticalLine_Events_7d\V1_Case1-S02-L01_20180108_20180108_COHO1h_raw_LECP_P1_pitch_angle_Florinski2008_1d.png,C:\Users\Administrator\Documents\FWD_matlab\Voyager_fu\Voyager_Interstellar_Monthly\Case1_Selected_Event_Data\derived\lecp_pitch_angle_florinski2008_daily\V1_Case1-S02-L01_20180108_20180108_LECP_P1_Florinski2008_pitch_angle_1d.csv,ok,
1,Case1-S02-L02,2018-02-02,2018-02-02,2018-01-26,2018-02-10,2,130,15,2,360,,C:\Users\Administrator\Documents\FWD_matlab\Voyager_fu\Voyager_Interstellar_Monthly\Case1_PPT_VerticalLine_Events_7d\V1_Case1-S02-L02_20180202_20180202_COHO1h_raw_LECP_P1_pitch_angle_Florinski2008_1d.png,C:\Users\Administrator\Documents\FWD_matlab\Voyager_fu\Voyager_Interstellar_Monthly\Case1_Selected_Event_Data\derived\lecp_pitch_angle_florinski2008_daily\V1_Case1-S02-L02_20180202_20180202_LECP_P1_Florinski2008_pitch_angle_1d.csv,ok,
1,Case1-S02-L03,2018-04-24,2018-04-24,2018-04-17,2018-05-02,2,103,15,2,360,,C:\Users\Administrator\Documents\FWD_matlab\Voyager_fu\Voyager_Interstellar_Monthly\Case1_PPT_VerticalLine_Events_7d\V1_Case1-S02-L03_20180424_20180424_COHO1h_raw_LECP_P1_pitch_angle_Florinski2008_1d.png,C:\Users\Administrator\Documents\FWD_matlab\Voyager_fu\Voyager_Interstellar_Monthly\Case1_Selected_Event_Data\derived\lecp_pitch_angle_florinski2008_daily\V1_Case1-S02-L03_20180424_20180424_LECP_P1_Florinski2008_pitch_angle_1d.csv,ok,
1,Case1-S02-L04,2018-07-07,2018-07-07,2018-06-30,2018-07-15,2,83,14,2,360,,C:\Users\Administrator\Documents\FWD_matlab\Voyager_fu\Voyager_Interstellar_Monthly\Case1_PPT_VerticalLine_Events_7d\V1_Case1-S02-L04_20180707_20180707_COHO1h_raw_LECP_P1_pitch_angle_Florinski2008_1d.png,C:\Users\Administrator\Documents\FWD_matlab\Voyager_fu\Voyager_Interstellar_Monthly\Case1_Selected_Event_Data\derived\lecp_pitch_angle_florinski2008_daily\V1_Case1-S02-L04_20180707_20180707_LECP_P1_Florinski2008_pitch_angle_1d.csv,ok,
1,Case1-S02-L05,2018-08-03,2018-08-03,2018-07-27,2018-08-11,2,84,15,2,360,,C:\Users\Administrator\Documents\FWD_matlab\Voyager_fu\Voyager_Interstellar_Monthly\Case1_PPT_VerticalLine_Events_7d\V1_Case1-S02-L05_20180803_20180803_COHO1h_raw_LECP_P1_pitch_angle_Florinski2008_1d.png,C:\Users\Administrator\Documents\FWD_matlab\Voyager_fu\Voyager_Interstellar_Monthly\Case1_Selected_Event_Data\derived\lecp_pitch_angle_florinski2008_daily\V1_Case1-S02-L05_20180803_20180803_LECP_P1_Florinski2008_pitch_angle_1d.csv,ok,
1,Case1-S02-L06,2018-08-23,2018-08-23,2018-08-16,2018-08-31,1,95,15,1,360,,C:\Users\Administrator\Documents\FWD_matlab\Voyager_fu\Voyager_Interstellar_Monthly\Case1_PPT_VerticalLine_Events_7d\V1_Case1-S02-L06_20180823_20180823_COHO1h_raw_LECP_P1_pitch_angle_Florinski2008_1d.png,C:\Users\Administrator\Documents\FWD_matlab\Voyager_fu\Voyager_Interstellar_Monthly\Case1_Selected_Event_Data\derived\lecp_pitch_angle_florinski2008_daily\V1_Case1-S02-L06_20180823_20180823_LECP_P1_Florinski2008_pitch_angle_1d.csv,ok,
1,Case1-S02-L07,2018-10-30,2018-10-30,2018-10-23,2018-11-07,2,88,14,2,360,,C:\Users\Administrator\Documents\FWD_matlab\Voyager_fu\Voyager_Interstellar_Monthly\Case1_PPT_VerticalLine_Events_7d\V1_Case1-S02-L07_20181030_20181030_COHO1h_raw_LECP_P1_pitch_angle_Florinski2008_1d.png,C:\Users\Administrator\Documents\FWD_matlab\Voyager_fu\Voyager_Interstellar_Monthly\Case1_Selected_Event_Data\derived\lecp_pitch_angle_florinski2008_daily\V1_Case1-S02-L07_20181030_20181030_LECP_P1_Florinski2008_pitch_angle_1d.csv,ok,
1,Case1-S02-L08,2018-11-10,2018-11-10,2018-11-03,2018-11-18,1,80,14,1,360,,C:\Users\Administrator\Documents\FWD_matlab\Voyager_fu\Voyager_Interstellar_Monthly\Case1_PPT_VerticalLine_Events_7d\V1_Case1-S02-L08_20181110_20181110_COHO1h_raw_LECP_P1_pitch_angle_Florinski2008_1d.png,C:\Users\Administrator\Documents\FWD_matlab\Voyager_fu\Voyager_Interstellar_Monthly\Case1_Selected_Event_Data\derived\lecp_pitch_angle_florinski2008_daily\V1_Case1-S02-L08_20181110_20181110_LECP_P1_Florinski2008_pitch_angle_1d.csv,ok,
1,Case1-S02-L09,2018-12-12,2018-12-12,2018-12-05,2018-12-20,1,110,15,1,360,,C:\Users\Administrator\Documents\FWD_matlab\Voyager_fu\Voyager_Interstellar_Monthly\Case1_PPT_VerticalLine_Events_7d\V1_Case1-S02-L09_20181212_20181212_COHO1h_raw_LECP_P1_pitch_angle_Florinski2008_1d.png,C:\Users\Administrator\Documents\FWD_matlab\Voyager_fu\Voyager_Interstellar_Monthly\Case1_Selected_Event_Data\derived\lecp_pitch_angle_florinski2008_daily\V1_Case1-S02-L09_20181212_20181212_LECP_P1_Florinski2008_pitch_angle_1d.csv,ok,
1,Case1-S03-L01,2019-05-02,2019-05-02,2019-04-25,2019-05-10,2,122,15,2,360,,C:\Users\Administrator\Documents\FWD_matlab\Voyager_fu\Voyager_Interstellar_Monthly\Case1_PPT_VerticalLine_Events_7d\V1_Case1-S03-L01_20190502_20190502_COHO1h_raw_LECP_P1_pitch_angle_Florinski2008_1d.png,C:\Users\Administrator\Documents\FWD_matlab\Voyager_fu\Voyager_Interstellar_Monthly\Case1_Selected_Event_Data\derived\lecp_pitch_angle_florinski2008_daily\V1_Case1-S03-L01_20190502_20190502_LECP_P1_Florinski2008_pitch_angle_1d.csv,ok,
1,Case1-S03-L02,2019-05-27,2019-05-27,2019-05-20,2019-06-04,2,136,15,2,360,,C:\Users\Administrator\Documents\FWD_matlab\Voyager_fu\Voyager_Interstellar_Monthly\Case1_PPT_VerticalLine_Events_7d\V1_Case1-S03-L02_20190527_20190527_COHO1h_raw_LECP_P1_pitch_angle_Florinski2008_1d.png,C:\Users\Administrator\Documents\FWD_matlab\Voyager_fu\Voyager_Interstellar_Monthly\Case1_Selected_Event_Data\derived\lecp_pitch_angle_florinski2008_daily\V1_Case1-S03-L02_20190527_20190527_LECP_P1_Florinski2008_pitch_angle_1d.csv,ok,
1,Case1-S03-L03,2019-05-30,2019-05-30,2019-05-23,2019-06-07,2,119,15,2,360,,C:\Users\Administrator\Documents\FWD_matlab\Voyager_fu\Voyager_Interstellar_Monthly\Case1_PPT_VerticalLine_Events_7d\V1_Case1-S03-L03_20190530_20190530_COHO1h_raw_LECP_P1_pitch_angle_Florinski2008_1d.png,C:\Users\Administrator\Documents\FWD_matlab\Voyager_fu\Voyager_Interstellar_Monthly\Case1_Selected_Event_Data\derived\lecp_pitch_angle_florinski2008_daily\V1_Case1-S03-L03_20190530_20190530_LECP_P1_Florinski2008_pitch_angle_1d.csv,ok,
1,Case1-S03-L04,2019-06-13,2019-06-13,2019-06-06,2019-06-21,1,86,15,1,360,,C:\Users\Administrator\Documents\FWD_matlab\Voyager_fu\Voyager_Interstellar_Monthly\Case1_PPT_VerticalLine_Events_7d\V1_Case1-S03-L04_20190613_20190613_COHO1h_raw_LECP_P1_pitch_angle_Florinski2008_1d.png,C:\Users\Administrator\Documents\FWD_matlab\Voyager_fu\Voyager_Interstellar_Monthly\Case1_Selected_Event_Data\derived\lecp_pitch_angle_florinski2008_daily\V1_Case1-S03-L04_20190613_20190613_LECP_P1_Florinski2008_pitch_angle_1d.csv,ok,
1,Case1-S03-L05,2019-06-24,2019-06-24,2019-06-17,2019-07-02,2,63,12,2,360,,C:\Users\Administrator\Documents\FWD_matlab\Voyager_fu\Voyager_Interstellar_Monthly\Case1_PPT_VerticalLine_Events_7d\V1_Case1-S03-L05_20190624_20190624_COHO1h_raw_LECP_P1_pitch_angle_Florinski2008_1d.png,C:\Users\Administrator\Documents\FWD_matlab\Voyager_fu\Voyager_Interstellar_Monthly\Case1_Selected_Event_Data\derived\lecp_pitch_angle_florinski2008_daily\V1_Case1-S03-L05_20190624_20190624_LECP_P1_Florinski2008_pitch_angle_1d.csv,ok,
1,Case1-S03-L06,2019-08-26,2019-08-26,2019-08-19,2019-09-03,2,74,13,2,360,,C:\Users\Administrator\Documents\FWD_matlab\Voyager_fu\Voyager_Interstellar_Monthly\Case1_PPT_VerticalLine_Events_7d\V1_Case1-S03-L06_20190826_20190826_COHO1h_raw_LECP_P1_pitch_angle_Florinski2008_1d.png,C:\Users\Administrator\Documents\FWD_matlab\Voyager_fu\Voyager_Interstellar_Monthly\Case1_Selected_Event_Data\derived\lecp_pitch_angle_florinski2008_daily\V1_Case1-S03-L06_20190826_20190826_LECP_P1_Florinski2008_pitch_angle_1d.csv,ok,
1,Case1-S04-L01,2021-01-06,2021-01-06,2020-12-30,2021-01-14,2,51,8,2,360,,C:\Users\Administrator\Documents\FWD_matlab\Voyager_fu\Voyager_Interstellar_Monthly\Case1_PPT_VerticalLine_Events_7d\V1_Case1-S04-L01_20210106_20210106_COHO1h_raw_LECP_P1_pitch_angle_Florinski2008_1d.png,C:\Users\Administrator\Documents\FWD_matlab\Voyager_fu\Voyager_Interstellar_Monthly\Case1_Selected_Event_Data\derived\lecp_pitch_angle_florinski2008_daily\V1_Case1-S04-L01_20210106_20210106_LECP_P1_Florinski2008_pitch_angle_1d.csv,ok,
1,Case1-S04-L02,2021-05-06,2021-05-06,2021-04-29,2021-05-14,2,142,15,2,360,,C:\Users\Administrator\Documents\FWD_matlab\Voyager_fu\Voyager_Interstellar_Monthly\Case1_PPT_VerticalLine_Events_7d\V1_Case1-S04-L02_20210506_20210506_COHO1h_raw_LECP_P1_pitch_angle_Florinski2008_1d.png,C:\Users\Administrator\Documents\FWD_matlab\Voyager_fu\Voyager_Interstellar_Monthly\Case1_Selected_Event_Data\derived\lecp_pitch_angle_florinski2008_daily\V1_Case1-S04-L02_20210506_20210506_LECP_P1_Florinski2008_pitch_angle_1d.csv,ok,
1,Case1-S04-L03,2021-05-17,2021-05-17,2021-05-10,2021-05-25,1,141,15,1,360,,C:\Users\Administrator\Documents\FWD_matlab\Voyager_fu\Voyager_Interstellar_Monthly\Case1_PPT_VerticalLine_Events_7d\V1_Case1-S04-L03_20210517_20210517_COHO1h_raw_LECP_P1_pitch_angle_Florinski2008_1d.png,C:\Users\Administrator\Documents\FWD_matlab\Voyager_fu\Voyager_Interstellar_Monthly\Case1_Selected_Event_Data\derived\lecp_pitch_angle_florinski2008_daily\V1_Case1-S04-L03_20210517_20210517_LECP_P1_Florinski2008_pitch_angle_1d.csv,ok,
1,Case1-S05-L01,2017-01-15,2017-01-15,2017-01-08,2017-01-23,1,147,15,1,360,,C:\Users\Administrator\Documents\FWD_matlab\Voyager_fu\Voyager_Interstellar_Monthly\Case1_PPT_VerticalLine_Events_7d\V1_Case1-S05-L01_20170115_20170115_COHO1h_raw_LECP_P1_pitch_angle_Florinski2008_1d.png,C:\Users\Administrator\Documents\FWD_matlab\Voyager_fu\Voyager_Interstellar_Monthly\Case1_Selected_Event_Data\derived\lecp_pitch_angle_florinski2008_daily\V1_Case1-S05-L01_20170115_20170115_LECP_P1_Florinski2008_pitch_angle_1d.csv,ok,
1,Case1-S05-L02,2017-05-24,2017-05-24,2017-05-17,2017-06-01,1,206,15,1,360,,C:\Users\Administrator\Documents\FWD_matlab\Voyager_fu\Voyager_Interstellar_Monthly\Case1_PPT_VerticalLine_Events_7d\V1_Case1-S05-L02_20170524_20170524_COHO1h_raw_LECP_P1_pitch_angle_Florinski2008_1d.png,C:\Users\Administrator\Documents\FWD_matlab\Voyager_fu\Voyager_Interstellar_Monthly\Case1_Selected_Event_Data\derived\lecp_pitch_angle_florinski2008_daily\V1_Case1-S05-L02_20170524_20170524_LECP_P1_Florinski2008_pitch_angle_1d.csv,ok,
1,Case1-S05-L03,2017-07-18,2017-07-18,2017-07-11,2017-07-26,1,196,15,1,360,,C:\Users\Administrator\Documents\FWD_matlab\Voyager_fu\Voyager_Interstellar_Monthly\Case1_PPT_VerticalLine_Events_7d\V1_Case1-S05-L03_20170718_20170718_COHO1h_raw_LECP_P1_pitch_angle_Florinski2008_1d.png,C:\Users\Administrator\Documents\FWD_matlab\Voyager_fu\Voyager_Interstellar_Monthly\Case1_Selected_Event_Data\derived\lecp_pitch_angle_florinski2008_daily\V1_Case1-S05-L03_20170718_20170718_LECP_P1_Florinski2008_pitch_angle_1d.csv,ok,
1,Case1-S05-L04,2017-08-15,2017-08-15,2017-08-08,2017-08-23,1,192,15,1,360,,C:\Users\Administrator\Documents\FWD_matlab\Voyager_fu\Voyager_Interstellar_Monthly\Case1_PPT_VerticalLine_Events_7d\V1_Case1-S05-L04_20170815_20170815_COHO1h_raw_LECP_P1_pitch_angle_Florinski2008_1d.png,C:\Users\Administrator\Documents\FWD_matlab\Voyager_fu\Voyager_Interstellar_Monthly\Case1_Selected_Event_Data\derived\lecp_pitch_angle_florinski2008_daily\V1_Case1-S05-L04_20170815_20170815_LECP_P1_Florinski2008_pitch_angle_1d.csv,ok,
1,Case1-S05-L05,2017-09-16,2017-09-16,2017-09-09,2017-09-24,1,158,15,1,360,,C:\Users\Administrator\Documents\FWD_matlab\Voyager_fu\Voyager_Interstellar_Monthly\Case1_PPT_VerticalLine_Events_7d\V1_Case1-S05-L05_20170916_20170916_COHO1h_raw_LECP_P1_pitch_angle_Florinski2008_1d.png,C:\Users\Administrator\Documents\FWD_matlab\Voyager_fu\Voyager_Interstellar_Monthly\Case1_Selected_Event_Data\derived\lecp_pitch_angle_florinski2008_daily\V1_Case1-S05-L05_20170916_20170916_LECP_P1_Florinski2008_pitch_angle_1d.csv,ok,
1,Case1-S05-L06,2017-10-10,2017-10-10,2017-10-03,2017-10-18,1,102,15,1,360,,C:\Users\Administrator\Documents\FWD_matlab\Voyager_fu\Voyager_Interstellar_Monthly\Case1_PPT_VerticalLine_Events_7d\V1_Case1-S05-L06_20171010_20171010_COHO1h_raw_LECP_P1_pitch_angle_Florinski2008_1d.png,C:\Users\Administrator\Documents\FWD_matlab\Voyager_fu\Voyager_Interstellar_Monthly\Case1_Selected_Event_Data\derived\lecp_pitch_angle_florinski2008_daily\V1_Case1-S05-L06_20171010_20171010_LECP_P1_Florinski2008_pitch_angle_1d.csv,ok,
1,Case1-S05-L07,2017-12-06,2017-12-06,2017-11-29,2017-12-14,2,90,15,2,360,,C:\Users\Administrator\Documents\FWD_matlab\Voyager_fu\Voyager_Interstellar_Monthly\Case1_PPT_VerticalLine_Events_7d\V1_Case1-S05-L07_20171206_20171206_COHO1h_raw_LECP_P1_pitch_angle_Florinski2008_1d.png,C:\Users\Administrator\Documents\FWD_matlab\Voyager_fu\Voyager_Interstellar_Monthly\Case1_Selected_Event_Data\derived\lecp_pitch_angle_florinski2008_daily\V1_Case1-S05-L07_20171206_20171206_LECP_P1_Florinski2008_pitch_angle_1d.csv,ok,
1,Case1-S06-L01,2016-09-13,2016-09-13,2016-09-06,2016-09-21,1,123,15,1,360,,C:\Users\Administrator\Documents\FWD_matlab\Voyager_fu\Voyager_Interstellar_Monthly\Case1_PPT_VerticalLine_Events_7d\V1_Case1-S06-L01_20160913_20160913_COHO1h_raw_LECP_P1_pitch_angle_Florinski2008_1d.png,C:\Users\Administrator\Documents\FWD_matlab\Voyager_fu\Voyager_Interstellar_Monthly\Case1_Selected_Event_Data\derived\lecp_pitch_angle_florinski2008_daily\V1_Case1-S06-L01_20160913_20160913_LECP_P1_Florinski2008_pitch_angle_1d.csv,ok,
1,Case1-S06-L02,2016-09-22,2016-09-22,2016-09-15,2016-09-30,1,79,15,1,360,,C:\Users\Administrator\Documents\FWD_matlab\Voyager_fu\Voyager_Interstellar_Monthly\Case1_PPT_VerticalLine_Events_7d\V1_Case1-S06-L02_20160922_20160922_COHO1h_raw_LECP_P1_pitch_angle_Florinski2008_1d.png,C:\Users\Administrator\Documents\FWD_matlab\Voyager_fu\Voyager_Interstellar_Monthly\Case1_Selected_Event_Data\derived\lecp_pitch_angle_florinski2008_daily\V1_Case1-S06-L02_20160922_20160922_LECP_P1_Florinski2008_pitch_angle_1d.csv,ok,
1,Case1-S07-L01,2015-03-04,2015-03-04,2015-02-25,2015-03-12,2,181,15,2,360,,C:\Users\Administrator\Documents\FWD_matlab\Voyager_fu\Voyager_Interstellar_Monthly\Case1_PPT_VerticalLine_Events_7d\V1_Case1-S07-L01_20150304_20150304_COHO1h_raw_LECP_P1_pitch_angle_Florinski2008_1d.png,C:\Users\Administrator\Documents\FWD_matlab\Voyager_fu\Voyager_Interstellar_Monthly\Case1_Selected_Event_Data\derived\lecp_pitch_angle_florinski2008_daily\V1_Case1-S07-L01_20150304_20150304_LECP_P1_Florinski2008_pitch_angle_1d.csv,ok,
1,Case1-S07-L02,2015-10-04,2015-10-04,2015-09-27,2015-10-12,2,105,14,2,360,,C:\Users\Administrator\Documents\FWD_matlab\Voyager_fu\Voyager_Interstellar_Monthly\Case1_PPT_VerticalLine_Events_7d\V1_Case1-S07-L02_20151004_20151004_COHO1h_raw_LECP_P1_pitch_angle_Florinski2008_1d.png,C:\Users\Administrator\Documents\FWD_matlab\Voyager_fu\Voyager_Interstellar_Monthly\Case1_Selected_Event_Data\derived\lecp_pitch_angle_florinski2008_daily\V1_Case1-S07-L02_20151004_20151004_LECP_P1_Florinski2008_pitch_angle_1d.csv,ok,
1,Case1-S07-L03,2015-10-13,2015-10-13,2015-10-06,2015-10-21,1,106,15,1,360,,C:\Users\Administrator\Documents\FWD_matlab\Voyager_fu\Voyager_Interstellar_Monthly\Case1_PPT_VerticalLine_Events_7d\V1_Case1-S07-L03_20151013_20151013_COHO1h_raw_LECP_P1_pitch_angle_Florinski2008_1d.png,C:\Users\Administrator\Documents\FWD_matlab\Voyager_fu\Voyager_Interstellar_Monthly\Case1_Selected_Event_Data\derived\lecp_pitch_angle_florinski2008_daily\V1_Case1-S07-L03_20151013_20151013_LECP_P1_Florinski2008_pitch_angle_1d.csv,ok,
1,Case1-S07-L04,2015-12-19,2015-12-19,2015-12-12,2015-12-27,1,95,14,1,360,,C:\Users\Administrator\Documents\FWD_matlab\Voyager_fu\Voyager_Interstellar_Monthly\Case1_PPT_VerticalLine_Events_7d\V1_Case1-S07-L04_20151219_20151219_COHO1h_raw_LECP_P1_pitch_angle_Florinski2008_1d.png,C:\Users\Administrator\Documents\FWD_matlab\Voyager_fu\Voyager_Interstellar_Monthly\Case1_Selected_Event_Data\derived\lecp_pitch_angle_florinski2008_daily\V1_Case1-S07-L04_20151219_20151219_LECP_P1_Florinski2008_pitch_angle_1d.csv,ok,
1,Case1-S07-L05,2015-12-28,2015-12-28,2015-12-21,2016-01-05,2,127,15,2,360,,C:\Users\Administrator\Documents\FWD_matlab\Voyager_fu\Voyager_Interstellar_Monthly\Case1_PPT_VerticalLine_Events_7d\V1_Case1-S07-L05_20151228_20151228_COHO1h_raw_LECP_P1_pitch_angle_Florinski2008_1d.png,C:\Users\Administrator\Documents\FWD_matlab\Voyager_fu\Voyager_Interstellar_Monthly\Case1_Selected_Event_Data\derived\lecp_pitch_angle_florinski2008_daily\V1_Case1-S07-L05_20151228_20151228_LECP_P1_Florinski2008_pitch_angle_1d.csv,ok,
1,Case1-S08-L01,2014-04-17,2014-04-17,2014-04-10,2014-04-25,1,155,13,1,360,,C:\Users\Administrator\Documents\FWD_matlab\Voyager_fu\Voyager_Interstellar_Monthly\Case1_PPT_VerticalLine_Events_7d\V1_Case1-S08-L01_20140417_20140417_COHO1h_raw_LECP_P1_pitch_angle_Florinski2008_1d.png,C:\Users\Administrator\Documents\FWD_matlab\Voyager_fu\Voyager_Interstellar_Monthly\Case1_Selected_Event_Data\derived\lecp_pitch_angle_florinski2008_daily\V1_Case1-S08-L01_20140417_20140417_LECP_P1_Florinski2008_pitch_angle_1d.csv,ok,
1,Case1-S08-L02,2014-05-21,2014-05-21,2014-05-14,2014-05-29,1,161,15,1,360,,C:\Users\Administrator\Documents\FWD_matlab\Voyager_fu\Voyager_Interstellar_Monthly\Case1_PPT_VerticalLine_Events_7d\V1_Case1-S08-L02_20140521_20140521_COHO1h_raw_LECP_P1_pitch_angle_Florinski2008_1d.png,C:\Users\Administrator\Documents\FWD_matlab\Voyager_fu\Voyager_Interstellar_Monthly\Case1_Selected_Event_Data\derived\lecp_pitch_angle_florinski2008_daily\V1_Case1-S08-L02_20140521_20140521_LECP_P1_Florinski2008_pitch_angle_1d.csv,ok,
1,Case1-S08-L03,2014-08-12,2014-08-12,2014-08-05,2014-08-20,1,152,15,1,360,,C:\Users\Administrator\Documents\FWD_matlab\Voyager_fu\Voyager_Interstellar_Monthly\Case1_PPT_VerticalLine_Events_7d\V1_Case1-S08-L03_20140812_20140812_COHO1h_raw_LECP_P1_pitch_angle_Florinski2008_1d.png,C:\Users\Administrator\Documents\FWD_matlab\Voyager_fu\Voyager_Interstellar_Monthly\Case1_Selected_Event_Data\derived\lecp_pitch_angle_florinski2008_daily\V1_Case1-S08-L03_20140812_20140812_LECP_P1_Florinski2008_pitch_angle_1d.csv,ok,
1,Case1-S08-L04,2014-08-28,2014-08-28,2014-08-21,2014-09-05,2,147,15,2,360,,C:\Users\Administrator\Documents\FWD_matlab\Voyager_fu\Voyager_Interstellar_Monthly\Case1_PPT_VerticalLine_Events_7d\V1_Case1-S08-L04_20140828_20140828_COHO1h_raw_LECP_P1_pitch_angle_Florinski2008_1d.png,C:\Users\Administrator\Documents\FWD_matlab\Voyager_fu\Voyager_Interstellar_Monthly\Case1_Selected_Event_Data\derived\lecp_pitch_angle_florinski2008_daily\V1_Case1-S08-L04_20140828_20140828_LECP_P1_Florinski2008_pitch_angle_1d.csv,ok,
1,Case1-S08-L05,2014-09-21,2014-09-21,2014-09-14,2014-09-29,1,106,15,1,360,,C:\Users\Administrator\Documents\FWD_matlab\Voyager_fu\Voyager_Interstellar_Monthly\Case1_PPT_VerticalLine_Events_7d\V1_Case1-S08-L05_20140921_20140921_COHO1h_raw_LECP_P1_pitch_angle_Florinski2008_1d.png,C:\Users\Administrator\Documents\FWD_matlab\Voyager_fu\Voyager_Interstellar_Monthly\Case1_Selected_Event_Data\derived\lecp_pitch_angle_florinski2008_daily\V1_Case1-S08-L05_20140921_20140921_LECP_P1_Florinski2008_pitch_angle_1d.csv,ok,
1,Case1-S08-L06,2014-12-13,2014-12-13,2014-12-06,2014-12-21,1,75,15,1,360,,C:\Users\Administrator\Documents\FWD_matlab\Voyager_fu\Voyager_Interstellar_Monthly\Case1_PPT_VerticalLine_Events_7d\V1_Case1-S08-L06_20141213_20141213_COHO1h_raw_LECP_P1_pitch_angle_Florinski2008_1d.png,C:\Users\Administrator\Documents\FWD_matlab\Voyager_fu\Voyager_Interstellar_Monthly\Case1_Selected_Event_Data\derived\lecp_pitch_angle_florinski2008_daily\V1_Case1-S08-L06_20141213_20141213_LECP_P1_Florinski2008_pitch_angle_1d.csv,ok,
1,Case1-S09-L01,2013-01-09,2013-01-09,2013-01-02,2013-01-17,1,118,15,1,360,,C:\Users\Administrator\Documents\FWD_matlab\Voyager_fu\Voyager_Interstellar_Monthly\Case1_PPT_VerticalLine_Events_7d\V1_Case1-S09-L01_20130109_20130109_COHO1h_raw_LECP_P1_pitch_angle_Florinski2008_1d.png,C:\Users\Administrator\Documents\FWD_matlab\Voyager_fu\Voyager_Interstellar_Monthly\Case1_Selected_Event_Data\derived\lecp_pitch_angle_florinski2008_daily\V1_Case1-S09-L01_20130109_20130109_LECP_P1_Florinski2008_pitch_angle_1d.csv,ok,
1,Case1-S09-L02,2013-05-30,2013-05-30,2013-05-23,2013-06-07,2,242,15,2,360,,C:\Users\Administrator\Documents\FWD_matlab\Voyager_fu\Voyager_Interstellar_Monthly\Case1_PPT_VerticalLine_Events_7d\V1_Case1-S09-L02_20130530_20130530_COHO1h_raw_LECP_P1_pitch_angle_Florinski2008_1d.png,C:\Users\Administrator\Documents\FWD_matlab\Voyager_fu\Voyager_Interstellar_Monthly\Case1_Selected_Event_Data\derived\lecp_pitch_angle_florinski2008_daily\V1_Case1-S09-L02_20130530_20130530_LECP_P1_Florinski2008_pitch_angle_1d.csv,ok,
1,Case1-S09-L03,2013-09-11,2013-09-11,2013-09-04,2013-09-19,1,177,15,1,360,,C:\Users\Administrator\Documents\FWD_matlab\Voyager_fu\Voyager_Interstellar_Monthly\Case1_PPT_VerticalLine_Events_7d\V1_Case1-S09-L03_20130911_20130911_COHO1h_raw_LECP_P1_pitch_angle_Florinski2008_1d.png,C:\Users\Administrator\Documents\FWD_matlab\Voyager_fu\Voyager_Interstellar_Monthly\Case1_Selected_Event_Data\derived\lecp_pitch_angle_florinski2008_daily\V1_Case1-S09-L03_20130911_20130911_LECP_P1_Florinski2008_pitch_angle_1d.csv,ok,
1,Case1-S09-L04,2013-12-29,2013-12-29,2013-12-22,2014-01-06,2,104,15,2,360,,C:\Users\Administrator\Documents\FWD_matlab\Voyager_fu\Voyager_Interstellar_Monthly\Case1_PPT_VerticalLine_Events_7d\V1_Case1-S09-L04_20131229_20131229_COHO1h_raw_LECP_P1_pitch_angle_Florinski2008_1d.png,C:\Users\Administrator\Documents\FWD_matlab\Voyager_fu\Voyager_Interstellar_Monthly\Case1_Selected_Event_Data\derived\lecp_pitch_angle_florinski2008_daily\V1_Case1-S09-L04_20131229_20131229_LECP_P1_Florinski2008_pitch_angle_1d.csv,ok,
2,Case1-S11-L01,2019-02-24,2019-02-24,2019-02-17,2019-03-04,2,124,15,2,360,,C:\Users\Administrator\Documents\FWD_matlab\Voyager_fu\Voyager_Interstellar_Monthly\Case1_PPT_VerticalLine_Events_7d\V2_Case1-S11-L01_20190224_20190224_COHO1h_raw.png,,ok,
2,Case1-S11-L02,2019-09-20,2019-09-20,2019-09-13,2019-09-28,1,88,15,1,360,,C:\Users\Administrator\Documents\FWD_matlab\Voyager_fu\Voyager_Interstellar_Monthly\Case1_PPT_VerticalLine_Events_7d\V2_Case1-S11-L02_20190920_20190920_COHO1h_raw.png,,ok,
2,Case1-S11-L03,2019-11-13,2019-11-13,2019-11-06,2019-11-21,1,81,15,1,360,,C:\Users\Administrator\Documents\FWD_matlab\Voyager_fu\Voyager_Interstellar_Monthly\Case1_PPT_VerticalLine_Events_7d\V2_Case1-S11-L03_20191113_20191113_COHO1h_raw.png,,ok,
2,Case1-S12-L01,2020-11-21,2020-11-21,2020-11-14,2020-11-29,1,78,15,1,360,,C:\Users\Administrator\Documents\FWD_matlab\Voyager_fu\Voyager_Interstellar_Monthly\Case1_PPT_VerticalLine_Events_7d\V2_Case1-S12-L01_20201121_20201121_COHO1h_raw.png,,ok,
