EpochUTC,BR_daily_nT,BT_daily_nT,BN_daily_nT,PA_S1_deg,Flux_S1_3d,PA_S2_deg,Flux_S2_3d,PA_S3_deg,Flux_S3_3d,PA_S4_deg,Flux_S4_3d,PA_S5_deg,Flux_S5_3d,PA_S6_deg,Flux_S6_3d,PA_S7_deg,Flux_S7_3d,PA_S8_deg,Flux_S8_3d,PitchAngleMethod
2020-06-22 12:00:00,0.00960000013001263,-0.444300001859665,0.224799999594688,111.262201407451,NaN,156.262201407451,NaN,158.737798592549,NaN,113.737798592549,NaN,68.7377985925493,NaN,23.7377985925493,NaN,21.2622014074507,NaN,66.2622014074507,NaN,particle entering along nominal RT scan-plane sector axis; B projected into scan plane; no SEDR attitude correction
2020-06-23 12:00:00,0.0130000000021287,-0.443000001566751,0.227714287383216,110.819116402823,0.187113334735235,155.819116402823,0.176300002882878,159.180883597177,0.177736672262351,114.180883597177,0.505666683117549,69.1808835971767,0.202173337340355,24.1808835971767,0.193393332262834,20.8191164028233,0.191530001660188,65.8191164028233,0.195833330353101,particle entering along nominal RT scan-plane sector axis; B projected into scan plane; no SEDR attitude correction
2020-06-24 12:00:00,0.0107272727076303,-0.441636361859062,0.227909090844068,111.108568786942,0.266333336631457,156.108568786942,0.263999998569489,158.891431213058,0.253666674097379,113.891431213058,0.690000017484029,68.8914312130581,0.286333337426186,23.891431213058,0.284666667381922,21.108568786942,0.274666666984558,66.108568786942,0.284666662414869,particle entering along nominal RT scan-plane sector axis; B projected into scan plane; no SEDR attitude correction
2020-06-25 12:00:00,0.0104545453901995,-0.439090912992304,0.224818179553205,111.136072488903,0.263333335518837,156.136072488903,0.267999996741613,158.863927511097,0.254666671156883,113.863927511097,0.687000016371409,68.8639275110972,0.280333335200946,23.8639275110972,0.293000002702077,21.1360724889028,0.287666668494542,66.1360724889028,0.293999994794528,particle entering along nominal RT scan-plane sector axis; B projected into scan plane; no SEDR attitude correction
2020-06-26 12:00:00,0.00791666662553325,-0.438416672249635,0.224333334714174,111.465499437031,0.246333335836728,156.465499437031,0.245333328843117,158.534500562969,0.233333334326744,113.534500562969,0.618000010649363,68.5345005629693,0.246000001827876,23.5345005629693,0.261333336432775,21.4654994370307,0.261999999483426,66.4654994370307,0.270333329836528,particle entering along nominal RT scan-plane sector axis; B projected into scan plane; no SEDR attitude correction
2020-06-27 12:00:00,0.00920000020414591,-0.441499999165535,0.224600000679493,111.306240299467,0.199333334962527,156.306240299467,0.202333331108093,158.693759700533,0.199999998013178,113.693759700533,0.552000006039937,68.6937597005331,0.209666669368744,23.6937597005331,0.213333333532015,21.3062402994669,0.223666667938232,66.3062402994669,0.230666662255923,particle entering along nominal RT scan-plane sector axis; B projected into scan plane; no SEDR attitude correction
2020-06-28 12:00:00,0.0106363636864857,-0.440909095785835,0.220999999479814,111.118081192002,0.17533333102862,156.118081192002,0.165333330631256,158.881918807998,0.166666666666667,113.881918807998,0.472333331902822,68.8819188079977,0.170000001788139,23.8819188079977,0.170999998847644,21.1180811920023,0.169666667779287,66.1180811920023,0.179333334167798,particle entering along nominal RT scan-plane sector axis; B projected into scan plane; no SEDR attitude correction
2020-06-29 12:00:00,NaN,NaN,NaN,NaN,0.164999996622403,NaN,0.160666664441427,NaN,0.160333335399628,NaN,0.461999992529551,NaN,0.162666668494542,NaN,0.158999999364217,NaN,0.158666670322418,NaN,0.159666667381922,particle entering along nominal RT scan-plane sector axis; B projected into scan plane; no SEDR attitude correction
2020-06-30 12:00:00,0.00350000007310882,-0.440600001811981,0.223100000619888,112.04486833018,0.172333329916,157.04486833018,0.131999999284744,157.95513166982,0.129310001929601,112.95513166982,0.376999994119008,67.9551316698201,0.126666667560736,22.9551316698201,0.132000001768271,22.0448683301799,0.128333335121473,67.0448683301799,0.128000003596147,particle entering along nominal RT scan-plane sector axis; B projected into scan plane; no SEDR attitude correction
2020-07-01 12:00:00,0.00533333345730272,-0.439444449212816,0.215888887643814,111.804661837657,0.123003331323465,156.804661837657,0.0904300001760324,158.195338162343,0.0831099996964137,113.195338162343,0.263999998569489,68.1953381623427,0.0903933346271515,23.1953381623427,0.0934366670747598,21.8046618376573,0.0942033330599467,66.8046618376573,0.0916166690488656,particle entering along nominal RT scan-plane sector axis; B projected into scan plane; no SEDR attitude correction
2020-07-02 12:00:00,0.0108333333240201,-0.434916665156682,0.216833329449097,111.073115262192,0.0921533331274986,156.073115262192,0.0630466664830844,158.926884737808,0.0601200001935164,113.926884737808,0.193333332737287,68.9268847378079,0.0643300004303455,23.9268847378078,0.0696800003449122,21.0731152621921,0.0680866651237011,66.0731152621921,0.0658533349633217,particle entering along nominal RT scan-plane sector axis; B projected into scan plane; no SEDR attitude correction
2020-07-03 12:00:00,0.00884615382752739,-0.43892307464893,0.219923079013824,111.345404355939,0.0512799993157387,156.345404355939,0.05137666563193,158.654595644061,0.0467666673163573,113.654595644061,0.171333332856496,68.6545956440608,0.0513666657110055,23.6545956440608,0.0541966656843821,21.3454043559392,0.0606899994115035,66.3454043559392,0.0563833341002464,particle entering along nominal RT scan-plane sector axis; B projected into scan plane; no SEDR attitude correction
2020-07-04 12:00:00,0.00987499987240881,-0.435249999165535,0.218999996781349,111.200290028161,0.0892766664425532,156.200290028161,0.0697599984705448,158.799709971839,0.066046666353941,113.799709971839,0.22733332713445,68.7997099718388,0.0726399980485439,23.7997099718388,0.0727599995831649,21.2002900281613,0.0824866654972235,66.2002900281612,0.0754333324730396,particle entering along nominal RT scan-plane sector axis; B projected into scan plane; no SEDR attitude correction
2020-07-05 12:00:00,0.0063333334789301,-0.434750000635783,0.216666664928198,111.665387897138,0.110126666724682,156.665387897138,0.0853233312567075,158.334612102862,0.0834833333889643,113.334612102862,0.26466666162014,68.3346121028624,0.0868333304921786,23.3346121028624,0.08610666791598,21.6653878971376,0.101936665674051,66.6653878971376,0.0932266662518183,particle entering along nominal RT scan-plane sector axis; B projected into scan plane; no SEDR attitude correction
2020-07-06 12:00:00,0.00369999994290993,-0.437399995326996,0.217399998009205,112.015342188109,0.142333336174488,157.015342188109,0.11099333067735,157.984657811891,0.116193334261576,112.984657811891,0.331666658322016,67.9846578118913,0.115129997332891,22.9846578118913,0.11659000068903,22.0153421881087,0.122333332896233,67.0153421881087,0.121696668366591,particle entering along nominal RT scan-plane sector axis; B projected into scan plane; no SEDR attitude correction
2020-07-07 12:00:00,0.00681249995977851,-0.438437500968575,0.21299999859184,111.609802225866,0.150000003476938,156.609802225866,0.141846664249897,158.390197774134,0.146113333602746,113.390197774134,0.430666655302048,68.390197774134,0.147796665628751,23.390197774134,0.151923331121604,21.609802225866,0.151666668554147,66.609802225866,0.146363337834676,particle entering along nominal RT scan-plane sector axis; B projected into scan plane; no SEDR attitude correction
2020-07-08 12:00:00,0.00320000015199184,-0.435199999809265,0.214599999785423,112.078715075638,0.185666670401891,157.078715075638,0.17699999610583,157.921284924362,0.172000000874201,112.921284924362,0.513666649659475,67.9212849243625,0.183666666348775,22.9212849243625,0.193333327770233,22.0787150756375,0.171666666865349,67.0787150756375,0.176666672031085,particle entering along nominal RT scan-plane sector axis; B projected into scan plane; no SEDR attitude correction
2020-07-09 12:00:00,0.00575000007908481,-0.433749996125698,0.218916665762663,111.740503877576,0.179666668176651,156.740503877576,0.178999995191892,158.259496122424,0.171666666865349,113.259496122424,0.506999989350637,68.2594961224244,0.181666667262713,23.2594961224244,0.189666663606962,21.7405038775756,0.172666663924853,66.7405038775756,0.169333338737488,particle entering along nominal RT scan-plane sector axis; B projected into scan plane; no SEDR attitude correction
2020-07-10 12:00:00,0.00637499993899837,-0.438000001013279,0.221750000491738,111.666130591741,0.175666665037473,156.666130591741,0.143509996434053,158.333869408259,0.140233335395654,113.333869408259,0.386333331465721,68.3338694082594,0.13952333231767,23.3338694082594,0.149343331654867,21.6661305917406,0.138606662551562,66.6661305917406,0.139196671545506,particle entering along nominal RT scan-plane sector axis; B projected into scan plane; no SEDR attitude correction
2020-07-11 12:00:00,0.0076666665263474,-0.441166664163272,0.218166666726271,111.504404777398,0.149999996026357,156.504404777398,0.126843330760797,158.495595222602,0.131900000075499,113.495595222602,0.36033333837986,68.4955952226017,0.126856664816538,23.4955952226017,0.134010002017021,21.5044047773984,0.143939996759097,66.5044047773984,0.125863336026669,particle entering along nominal RT scan-plane sector axis; B projected into scan plane; no SEDR attitude correction
2020-07-12 12:00:00,0.00887500011594966,-0.437874995172024,0.222000000998378,111.338868533221,0.135333329439163,156.338868533221,0.108759999275208,158.661131466779,0.11390000085036,113.661131466779,0.320333336790403,68.6611314667787,0.112189998229345,23.6611314667787,0.119010001420975,21.3388685332213,0.132273331284523,66.3388685332213,0.115530001620452,particle entering along nominal RT scan-plane sector axis; B projected into scan plane; no SEDR attitude correction
2020-07-13 12:00:00,0.00860000010579825,-0.439800000190735,0.224199995398521,111.379761436537,0.113999997576078,156.379761436537,0.11591666440169,158.620238563463,0.117000001172225,113.620238563463,0.344000001748403,68.6202385634632,0.130999997258186,23.6202385634632,0.13400000333786,21.3797614365368,0.140333332121372,66.3797614365368,0.130666668216387,particle entering along nominal RT scan-plane sector axis; B projected into scan plane; no SEDR attitude correction
2020-07-14 12:00:00,0.00600000005215406,-0.439444445901447,0.223888890610801,111.717754773322,0.138666664560636,156.717754773322,0.142249996463458,158.282245226678,0.140333337088426,113.282245226678,0.387333343426387,68.2822452266781,0.147333333889643,23.2822452266781,0.144666666785876,21.7177547733219,0.153333333631357,66.7177547733219,0.15766666829586,particle entering along nominal RT scan-plane sector axis; B projected into scan plane; no SEDR attitude correction
2020-07-15 12:00:00,0.00200000001350418,-0.441499999165535,0.217599999904633,112.240451243077,0.161999995509783,157.240451243077,0.177999995648861,157.759548756923,0.172000000874201,112.759548756923,0.460333337386449,67.7595487569231,0.176666667064031,22.7595487569231,0.172333334883054,22.2404512430769,0.183000000814597,67.2404512430769,0.178666666150093,particle entering along nominal RT scan-plane sector axis; B projected into scan plane; no SEDR attitude correction
2020-07-16 12:00:00,-0.000333333349165817,-0.440333329968982,0.215333334273762,112.543373029317,0.195666660865148,157.543373029317,0.219999998807907,157.456626970683,0.212333331505458,112.456626970683,0.567333340644836,67.456626970683,0.201000000039736,22.456626970683,0.204666669170062,22.543373029317,0.229333331187566,67.543373029317,0.214666664600372,particle entering along nominal RT scan-plane sector axis; B projected into scan plane; no SEDR attitude correction
2020-07-17 12:00:00,0.000571428631831493,-0.444571431194033,0.216428573642458,112.426355072393,0.203999996185303,157.426355072393,0.228333334128062,157.573644927607,0.223333328962326,112.573644927607,0.593666672706604,67.5736449276073,0.214999998609225,22.5736449276073,0.216666668653488,22.4263550723927,0.238666663567225,67.4263550723927,0.218666662772497,particle entering along nominal RT scan-plane sector axis; B projected into scan plane; no SEDR attitude correction
2020-07-18 12:00:00,0.00527272726917131,-0.442090909589421,0.221636363051154,111.816677432032,0.251333331068357,156.816677432032,0.268333335717519,158.183322567968,0.270333334803581,113.183322567968,0.705000003178914,68.1833225679677,0.260333329439163,23.1833225679677,0.270666668812434,21.8166774320323,0.289666667580605,66.8166774320323,0.271999999880791,particle entering along nominal RT scan-plane sector axis; B projected into scan plane; no SEDR attitude correction
2020-07-19 12:00:00,0.00590000001247972,-0.439400005340576,0.225799998641014,111.730712831194,0.283999999364217,156.730712831194,0.286666671435038,158.269287168806,0.288999999562899,113.269287168806,0.731666664282481,68.2692871688064,0.289666667580605,23.2692871688064,0.292333334684372,21.7307128311936,0.305333331227303,66.7307128311936,0.300666670004527,particle entering along nominal RT scan-plane sector axis; B projected into scan plane; no SEDR attitude correction
2020-07-20 12:00:00,0.00180000006221235,-0.439000004529953,0.222399997711182,112.265075563371,0.256999999284744,157.265075563371,0.257333338260651,157.734924436629,0.258999998370806,112.734924436629,0.659999986489614,67.7349244366291,0.250666668017705,22.7349244366291,0.264000003536542,22.2650755633709,0.267333333690961,67.2650755633709,0.276666671037674,particle entering along nominal RT scan-plane sector axis; B projected into scan plane; no SEDR attitude correction
2020-07-21 12:00:00,0.000750000035623088,-0.440250001847744,0.227249998599291,112.402392288643,0.229666665196419,157.402392288643,0.217333336671193,157.597607711357,0.219999993840853,112.597607711357,0.566000004609426,67.5976077113571,0.212333336472511,22.5976077113571,0.225666667024295,22.4023922886429,0.228666663169861,67.4023922886429,0.239666670560837,particle entering along nominal RT scan-plane sector axis; B projected into scan plane; no SEDR attitude correction
2020-07-22 12:00:00,0.000333333252153049,-0.442500000198682,0.224500000476837,112.456839356161,0.191333333651225,157.456839356161,0.187999998529752,157.543160643839,0.197666664918264,112.543160643839,0.519333342711131,67.5431606438387,0.187999998529752,22.5431606438387,0.211000000437101,22.4568393561613,0.206000000238419,67.4568393561613,0.202000002066294,particle entering along nominal RT scan-plane sector axis; B projected into scan plane; no SEDR attitude correction
2020-07-23 12:00:00,0.000833333334109435,-0.438499997059504,0.222583334892988,112.391114194271,0.204000001152356,157.391114194271,0.207333331306775,157.608885805729,0.22166666885217,112.608885805729,0.593333343664805,67.6088858057289,0.220999995867411,22.6088858057289,0.248333334922791,22.3911141942711,0.240666662653287,67.3911141942711,0.226000001033147,particle entering along nominal RT scan-plane sector axis; B projected into scan plane; no SEDR attitude correction
2020-07-24 12:00:00,-0.00270000005839393,-0.435299995541573,0.221599999070168,112.855379337885,0.19500000278155,157.855379337885,0.201333334048589,157.144620662115,0.215666671593984,112.144620662115,0.584333340326945,67.1446206621149,0.216333329677582,22.1446206621149,0.241000001629194,22.8553793378851,0.233999997377396,67.8553793378851,0.227333332101504,particle entering along nominal RT scan-plane sector axis; B projected into scan plane; no SEDR attitude correction
2020-07-25 12:00:00,-0.00100000003779617,-0.438833338518937,0.219166665027539,112.630563650194,0.228333339095116,157.630563650194,0.203333333134651,157.369436349806,0.204333340128263,112.369436349806,0.567999998728434,67.3694363498058,0.201000000039736,22.3694363498058,0.228666668136915,22.6305636501943,0.228999997178713,67.6305636501942,0.230333333214124,particle entering along nominal RT scan-plane sector axis; B projected into scan plane; no SEDR attitude correction
2020-07-26 12:00:00,-0.000999999954365194,-0.443999993801117,0.216799998283386,112.629044326167,0.236000006397565,157.629044326167,0.194000000754992,157.370955673833,0.192333335677783,112.370955673833,0.526000003019969,67.3709556738326,0.193000003695488,22.3709556738326,0.213333333532015,22.6290443261674,0.219666664799054,67.6290443261674,0.220000003774961,particle entering along nominal RT scan-plane sector axis; B projected into scan plane; no SEDR attitude correction
2020-07-27 12:00:00,0.0014444444871818,-0.44355555706554,0.21799999806616,112.313416202357,0.273666674892108,157.313416202357,0.238333334525426,157.686583797643,0.236666669448217,112.686583797643,0.619666655858358,67.6865837976433,0.236333340406418,22.6865837976433,0.243333329757055,22.3134162023567,0.252999996145566,67.3134162023567,0.25900000333786,particle entering along nominal RT scan-plane sector axis; B projected into scan plane; no SEDR attitude correction
2020-07-28 12:00:00,0.000499999965541065,-0.455833335717519,0.210499999423822,112.437152739723,0.373333329955737,157.437152739723,0.332333336273829,157.562847260277,0.351000001033147,112.562847260277,0.840000013510386,67.562847260277,0.344333345691363,22.562847260277,0.334999998410543,22.4371527397231,0.337666660547256,67.437152739723,0.344999998807907,particle entering along nominal RT scan-plane sector axis; B projected into scan plane; no SEDR attitude correction
2020-07-29 12:00:00,0.00150000005669426,-0.461499996483326,0.217499999329448,112.313773845003,0.654666642347972,157.313773845003,0.529333333174388,157.686226154997,7.81933346390724,112.686226154997,1.14733336369197,67.6862261549967,0.499333341916402,22.6862261549967,0.490666667620341,22.3137738450033,0.481333335240682,67.3137738450033,1.78566673398018,particle entering along nominal RT scan-plane sector axis; B projected into scan plane; no SEDR attitude correction
2020-07-30 12:00:00,0.00454545463435352,-0.464363634586334,0.225727273659273,111.939174324526,29.8483338157336,156.939174324526,0.568333327770233,158.060825675474,7.84733346104622,113.060825675474,1.23666671911875,68.0608256754737,0.538000007470449,23.0608256754737,0.545000006755193,21.9391743245263,0.52566667397817,66.9391743245263,1.83233340581258,particle entering along nominal RT scan-plane sector axis; B projected into scan plane; no SEDR attitude correction
2020-07-31 12:00:00,0.00609090909446505,-0.464818176898089,0.223909092220393,111.749247492559,29.7340004891157,156.749247492559,0.482666661341985,158.250752507441,7.74500012894471,113.250752507441,1.05733337004979,68.2507525074411,0.452666665116946,23.2507525074411,0.465000003576279,21.7492474925589,0.454333345095317,66.7492474925589,1.75333340962728,particle entering along nominal RT scan-plane sector axis; B projected into scan plane; no SEDR attitude correction
2020-08-01 12:00:00,0.00642857153434306,-0.464857135500227,0.226857142789023,111.707699502997,29.5020005057255,156.707699502997,0.341999997695287,158.292300497003,0.33466666440169,113.292300497003,0.886333346366882,68.2923004970028,0.365333333611488,23.2923004970028,0.36433333158493,21.7076995029972,0.360333343346914,66.7076995029972,0.363666673501333,particle entering along nominal RT scan-plane sector axis; B projected into scan plane; no SEDR attitude correction
2020-08-02 12:00:00,-0.000400000018998981,-0.461199998855591,0.230299998819828,112.549692773643,0.396333331863085,157.549692773643,0.363999992609024,157.450307226357,0.351999993125598,112.450307226357,0.902999997138977,67.450307226357,0.368333334724108,22.4503072263569,0.3599999944369,22.549692773643,0.357000003258387,67.549692773643,0.345333337783813,particle entering along nominal RT scan-plane sector axis; B projected into scan plane; no SEDR attitude correction
2020-08-03 12:00:00,0.00581818182995035,-0.463454549962824,0.228272725235332,111.780749854659,0.462333331505458,156.780749854659,0.46399998664856,158.219250145341,0.456999997297923,113.219250145341,1.08900000651677,68.2192501453405,0.45566667119662,23.2192501453405,0.448333323001862,21.7807498546595,0.446666677792867,66.7807498546595,0.443333327770233,particle entering along nominal RT scan-plane sector axis; B projected into scan plane; no SEDR attitude correction
2020-08-04 12:00:00,0.00900000003942599,-0.457583335538705,0.234500002115965,111.373220464262,0.41533333559831,156.373220464262,0.417999987800916,158.626779535738,0.408999999364217,113.626779535738,0.993666668732961,68.6267795357382,0.404333333174388,23.6267795357382,0.407999992370605,21.3732204642618,0.409333338340123,66.3732204642618,0.418333331743876,particle entering along nominal RT scan-plane sector axis; B projected into scan plane; no SEDR attitude correction
2020-08-05 12:00:00,0.00888888884542717,-0.457444445954429,0.23555555442969,111.386790006767,0.339999998609225,156.386790006767,0.388999993602435,158.613209993233,0.367666671673457,113.613209993233,0.929666678110758,68.6132099932334,0.372999995946884,23.6132099932334,0.380666663249334,21.3867900067666,0.383333345254262,66.3867900067666,0.395999997854233,particle entering along nominal RT scan-plane sector axis; B projected into scan plane; no SEDR attitude correction
2020-08-06 12:00:00,0.00814285701406854,-0.460142855133329,0.232428572007588,111.486178657194,0.312666669487953,156.486178657194,0.347333336869876,158.513821342806,0.327000002066294,113.513821342806,0.879666646321615,68.5138213428056,0.348333328962326,23.5138213428056,0.341666668653488,21.4861786571944,0.345333337783813,66.4861786571944,0.346666673819224,particle entering along nominal RT scan-plane sector axis; B projected into scan plane; no SEDR attitude correction
2020-08-07 12:00:00,0.0090000000782311,-0.453799998760223,0.233399999141693,111.363828935276,0.283666670322418,156.363828935276,0.310000002384186,158.636171064724,0.294333338737488,113.636171064724,0.787333319584529,68.6361710647243,0.312999998529752,23.6361710647243,0.301000004013379,21.3638289352757,0.306333338220914,66.3638289352757,0.297666668891907,particle entering along nominal RT scan-plane sector axis; B projected into scan plane; no SEDR attitude correction
2020-08-08 12:00:00,0.0132000003010035,-0.456000006198883,0.232600003480911,110.841900977523,0.244000007708867,155.841900977523,0.243333339691162,159.158099022477,0.248666668931643,114.158099022477,0.660999983549118,69.1580990224773,0.26066666841507,24.1580990224773,0.258333335320155,20.8419009775227,0.266999999682109,65.8419009775227,0.258999998370806,particle entering along nominal RT scan-plane sector axis; B projected into scan plane; no SEDR attitude correction
2020-08-09 12:00:00,0.010888888914552,-0.456777781248093,0.222999998264843,111.134414227707,0.229000002145767,156.134414227707,0.216333339611689,158.865585772293,0.244333331783613,113.865585772293,0.630666663249334,68.8655857722929,0.231666664282481,23.8655857722929,0.267333338658015,21.1344142277071,0.301333328088125,66.1344142277071,0.279333328207334,particle entering along nominal RT scan-plane sector axis; B projected into scan plane; no SEDR attitude correction
2020-08-10 12:00:00,0.00800000006953875,-0.451333334048589,0.225666667024295,111.484523830482,3.05366655190786,156.484523830482,0.289666672547658,158.515476169518,0.306666667262713,113.515476169518,0.788999994595846,68.5154761695179,0.28733333448569,23.5154761695179,0.332999999324481,21.4845238304821,17.9576661537091,66.4845238304821,0.363666658600171,particle entering along nominal RT scan-plane sector axis; B projected into scan plane; no SEDR attitude correction
2020-08-11 12:00:00,0.0141000001691282,-0.451399999856949,0.218199999630451,110.710881902776,3.16366655627886,155.710881902776,0.409333338340123,159.289118097224,0.42833333214124,114.289118097224,1.08266667524974,69.2891180972239,0.424666672945023,24.2891180972239,0.478333324193954,20.7108819027761,18.1163328289986,65.7108819027761,0.50900000333786,particle entering along nominal RT scan-plane sector axis; B projected into scan plane; no SEDR attitude correction
2020-08-12 12:00:00,0.0131666669622064,-0.439499999086062,0.221499999364217,110.784029850268,3.21466655532519,155.784029850268,0.416999995708466,159.215970149732,0.415000001589457,114.215970149732,1.07166667779287,69.2159701497321,0.425333340962728,24.2159701497321,0.467666655778885,20.7840298502679,18.0716661612193,65.7840298502679,0.479666670163472,particle entering along nominal RT scan-plane sector axis; B projected into scan plane; no SEDR attitude correction
2020-08-13 12:00:00,0.0119999999878928,-0.44412500038743,0.218500001356006,110.952277824501,0.5,155.952277824501,0.451333324114482,159.047722175499,0.461666663487752,114.047722175499,1.13866666952769,69.0477221754986,0.45566667119662,24.0477221754986,0.491666664679845,20.9522778245014,0.51200000445048,65.9522778245014,0.483000010251999,particle entering along nominal RT scan-plane sector axis; B projected into scan plane; no SEDR attitude correction
2020-08-14 12:00:00,0.0176363636485555,-0.442000004378232,0.218090906739235,110.215037479313,0.470666656891505,155.215037479313,0.438333332538605,159.784962520687,0.444999992847443,114.784962520687,1.09533329804738,69.7849625206873,0.430333326260249,24.7849625206873,0.472666670878728,20.2150374793127,0.469333330790202,65.2150374793127,0.456666658322016,particle entering along nominal RT scan-plane sector axis; B projected into scan plane; no SEDR attitude correction
2020-08-15 12:00:00,0.0203999998047948,-0.448400002717972,0.22339999973774,109.895119391209,0.444666663805644,154.895119391209,0.455000003178914,160.104880608791,0.473999987045924,115.104880608791,1.1433333158493,70.1048806087909,0.460999995470047,25.1048806087909,0.476999998092651,19.8951193912091,0.468000004688899,64.8951193912091,47.001999994119,particle entering along nominal RT scan-plane sector axis; B projected into scan plane; no SEDR attitude correction
2020-08-16 12:00:00,0.0188750001834705,-0.444875005632639,0.221999999135733,110.070531896763,0.350666667024295,155.070531896763,0.37100000679493,159.929468103237,0.384999990463257,114.929468103237,0.952666660149892,69.9294681032367,0.384999995430311,24.9294681032367,0.395999992887179,20.0705318967634,0.387333338459333,65.0705318967634,46.928666656216,particle entering along nominal RT scan-plane sector axis; B projected into scan plane; no SEDR attitude correction
2020-08-17 12:00:00,0.0175999998115003,-0.44549999833107,0.220100000500679,110.237639541619,0.292333339651426,155.237639541619,0.29033333559831,159.762360458381,0.309333334366481,114.762360458381,0.768666684627533,69.7623604583808,0.302999998132388,24.7623604583808,0.277999992171923,20.2376395416192,0.283000007271767,65.2376395416192,46.8236666669448,particle entering along nominal RT scan-plane sector axis; B projected into scan plane; no SEDR attitude correction
2020-08-18 12:00:00,0.0181249999441206,-0.441000003367662,0.218125000596046,110.146481064349,0.271333331863085,155.146481064349,0.267333333690961,159.853518935651,0.273333340883255,114.853518935651,0.692000011603037,69.8535189356506,0.253333335121473,24.8535189356506,0.236999993522962,20.1464810643494,0.267666672666868,65.1464810643494,0.268999998768171,particle entering along nominal RT scan-plane sector axis; B projected into scan plane; no SEDR attitude correction
2020-08-19 12:00:00,0.0103333333196739,-0.449833333492279,0.223500003417333,111.184063105241,0.633333325386047,156.184063105241,0.610000014305115,158.815936894759,0.611000021298726,113.815936894759,1.36600001653035,68.8159368947594,0.598333348830541,23.8159368947594,0.596666663885117,21.1840631052406,0.641333321730296,66.1840631052406,0.641666650772095,particle entering along nominal RT scan-plane sector axis; B projected into scan plane; no SEDR attitude correction
2020-08-20 12:00:00,0.0125000001862645,-0.435999996960163,0.225499998778105,110.857795574701,0.822666664918264,155.857795574701,0.838666667540868,159.142204425299,0.822666694720586,114.142204425299,1.83666670322418,69.142204425299,0.830000013113022,24.1422044252989,0.839333335558573,20.8577955747011,0.889999975760778,65.8577955747011,0.875999977191289,particle entering along nominal RT scan-plane sector axis; B projected into scan plane; no SEDR attitude correction
2020-08-21 12:00:00,0.0116363636810671,-0.437909091060812,0.21890909021551,110.977862905052,0.965333342552185,155.977862905052,0.962333341439565,159.022137094948,0.938666701316833,114.022137094948,2.11333334445953,69.0221370949476,0.977000017960866,24.0221370949476,0.996333340803782,20.9778629050524,1.04299998283386,65.9778629050524,1.03133330742518,particle entering along nominal RT scan-plane sector axis; B projected into scan plane; no SEDR attitude correction
2020-08-22 12:00:00,0.00418181814761324,-0.464363634586334,0.244272727857937,111.984037861877,0.700666685899099,156.984037861877,0.63199999431769,158.015962138123,0.642000019550323,113.015962138123,1.53966667254766,68.0159621381227,0.685333341360092,23.0159621381226,0.700666666030884,21.9840378618773,0.726000001033147,66.9840378618773,0.700333327054977,particle entering along nominal RT scan-plane sector axis; B projected into scan plane; no SEDR attitude correction
2020-08-23 12:00:00,0.00800000006953875,-0.452666660149892,0.245666667819023,111.487514284018,0.657333334287008,156.487514284018,0.551000004013379,158.512485715982,0.595333337783813,113.512485715982,1.40299997727076,68.512485715982,0.61233334740003,23.512485715982,0.637333333492279,21.4875142840181,0.682000011205673,66.487514284018,0.637666672468185,particle entering along nominal RT scan-plane sector axis; B projected into scan plane; no SEDR attitude correction
2020-08-24 12:00:00,0.00200000004842877,-0.442999994754791,0.247200000286102,112.241330057287,0.648666659990946,157.241330057287,0.576333329081535,157.758669942713,0.640333334604899,112.758669942713,1.47633332014084,67.7586699427129,0.623333344856898,22.7586699427129,0.648666659990946,22.2413300572871,0.692333330710729,67.2413300572871,0.635666678349177,particle entering along nominal RT scan-plane sector axis; B projected into scan plane; no SEDR attitude correction
2020-08-25 12:00:00,0.00245454547588121,-0.44436364011331,0.24209090931849,112.183516711568,0.744999984900157,157.183516711568,0.784666657447815,157.816483288432,0.76066666841507,112.816483288432,1.77666664123535,67.816483288432,0.818666676680247,22.816483288432,0.813000003496806,22.183516711568,0.828999996185303,67.183516711568,0.75766666730245,particle entering along nominal RT scan-plane sector axis; B projected into scan plane; no SEDR attitude correction
2020-08-26 12:00:00,0.00166666670702398,-0.442333330710729,0.247333332896233,112.284116389982,1.11400000254313,157.284116389982,1.26600001255671,157.715883610018,1.21966669956843,112.715883610018,2.6899999777476,67.7158836100179,1.26599997282028,22.7158836100179,1.30133332808812,22.2841163899821,1.34966667493184,67.2841163899821,1.25299998124441,particle entering along nominal RT scan-plane sector axis; B projected into scan plane; no SEDR attitude correction
2020-08-27 12:00:00,0.0108571431067373,-0.443999997207097,0.243142856018884,111.09922401519,1.04133333762487,156.09922401519,1.21100002527237,158.90077598481,1.16200002034505,113.90077598481,2.53666667143504,68.9007759848101,1.22766663630803,23.9007759848101,1.25999999046326,21.0992240151899,1.30466667811076,66.0992240151899,1.20666664838791,particle entering along nominal RT scan-plane sector axis; B projected into scan plane; no SEDR attitude correction
2020-08-28 12:00:00,0.0124999999534339,-0.443375002592802,0.246249999850988,110.885097097612,0.930333346128464,155.885097097612,1.07533336679141,159.114902902388,1.08700002233187,114.114902902388,2.3400000333786,69.1149029023882,1.0666666328907,24.1149029023882,1.1433333158493,20.8850970976118,1.22000000874201,65.8850970976118,1.14499999086062,particle entering along nominal RT scan-plane sector axis; B projected into scan plane; no SEDR attitude correction
2020-08-29 12:00:00,0.00958333342957,-0.444333332280318,0.247833333909512,111.264442360942,0.476666669050852,156.264442360942,0.525666683912277,158.735557639058,0.570666660865148,113.735557639058,1.34333336353302,68.7355576390577,0.561666677395503,23.7355576390577,0.604333321253459,21.2644423609423,0.610666672388713,66.2644423609423,0.616999993721644,particle entering along nominal RT scan-plane sector axis; B projected into scan plane; no SEDR attitude correction
2020-08-30 12:00:00,0.0146666665871938,-0.445999999841054,0.239666665593783,110.616512616404,0.406666666269302,155.616512616404,0.427333345015844,159.383487383596,0.470999995867411,114.383487383596,1.14333333571752,69.3834873835956,0.454333345095317,24.3834873835956,0.499666661024094,20.6165126164044,0.505000005165736,65.6165126164044,0.514333327611287,particle entering along nominal RT scan-plane sector axis; B projected into scan plane; no SEDR attitude correction
2020-08-31 12:00:00,0.0134444444750746,-0.440333333280351,0.238333332869742,110.751164212416,0.45933332045873,155.751164212416,0.491333345572154,159.248835787584,0.527000000079473,114.248835787584,1.28666665156682,69.2488357875842,0.520333339770635,24.2488357875842,0.564333329598109,20.7511642124158,0.576333334048589,65.7511642124158,0.585333317518234,particle entering along nominal RT scan-plane sector axis; B projected into scan plane; no SEDR attitude correction
2020-09-01 12:00:00,0.015666666906327,-0.442500000198682,0.23366666585207,110.472295794742,0.567333330710729,155.472295794742,0.536333342393239,159.527704205258,0.540000011523565,114.527704205258,1.27000000079473,69.5277042052581,0.539000004529953,24.5277042052581,0.547333329916,20.4722957947419,0.586333324511846,65.4722957947419,0.57000000278155,particle entering along nominal RT scan-plane sector axis; B projected into scan plane; no SEDR attitude correction
2020-09-02 12:00:00,0.0150000001303852,-0.445999999841054,0.237499999503295,110.57373794815,0.678333342075348,155.57373794815,0.628666679064433,159.42626205185,0.615000009536743,114.42626205185,1.43333335717519,69.4262620518498,0.615666667620341,24.4262620518498,0.621333340803782,20.5737379481502,0.670333325862885,65.5737379481502,0.651333332061768,particle entering along nominal RT scan-plane sector axis; B projected into scan plane; no SEDR attitude correction
2020-09-03 12:00:00,0.0146000005304813,-0.448000007867813,0.233799999952316,110.633432052497,0.713666677474976,155.633432052497,0.598666667938232,159.366567947503,0.609000007311503,114.366567947503,1.3866666952769,69.3665679475031,0.589000006516775,24.3665679475031,0.572666684786479,20.6334320524969,0.625,65.6334320524969,0.62199999888738,particle entering along nominal RT scan-plane sector axis; B projected into scan plane; no SEDR attitude correction
2020-09-04 12:00:00,0.0105454545806755,-0.44136363809759,0.23972727087411,111.131298429377,0.523000001907349,156.131298429377,0.448999995986621,158.868701570623,0.469333330790202,113.868701570623,1.09200000762939,68.8687015706231,0.436999996503194,23.8687015706231,0.437333350380262,21.1312984293769,0.467999999721845,66.1312984293769,0.466666658719381,particle entering along nominal RT scan-plane sector axis; B projected into scan plane; no SEDR attitude correction
2020-09-05 12:00:00,0.0127500001108274,-0.444625001400709,0.23874999769032,110.857444915055,0.351333325107892,155.857444915055,0.300999989112218,159.142555084945,0.324000005920728,114.142555084945,0.774333328008652,69.1425550849449,0.293333326776822,24.1425550849449,0.295000006755193,20.8574449150551,0.305000002185504,65.8574449150551,0.315666660666466,particle entering along nominal RT scan-plane sector axis; B projected into scan plane; no SEDR attitude correction
2020-09-06 12:00:00,0.0175000000745058,-0.456499998768171,0.253166670600573,110.30463218253,0.160333332916101,155.30463218253,0.165666664640109,159.69536781747,0.178000003099442,114.69536781747,0.457999994357427,69.6953678174697,0.164666662613551,24.6953678174697,0.163333331545194,20.3046321825303,0.16066666940848,65.3046321825303,0.171666666865349,particle entering along nominal RT scan-plane sector axis; B projected into scan plane; no SEDR attitude correction
2020-09-07 12:00:00,0.0167500001844019,-0.455749999731779,0.24987499974668,110.395178146626,NaN,155.395178146626,NaN,159.604821853374,NaN,114.604821853374,NaN,69.6048218533744,NaN,24.6048218533745,NaN,20.3951781466255,NaN,65.3951781466256,NaN,particle entering along nominal RT scan-plane sector axis; B projected into scan plane; no SEDR attitude correction
