Spacecraft,MonthUTC,DataStartUTC,DataEndUTC,Status,MAGFile,MAGRecords,PLSFile,PLSRecords,COHOFile,PlasmaRecords,LECPChannels,LECPValidValues,CRSChannels,CRSValidValues,FigureFile,Notes,MAGLowPrecisionFilled,MAGInterpolated,COHOInterpolated
1,2012-08-01,2012-08-25,2012-09-01,ok,Z:\SPART-WORK\Data\Voyager\voyager1\mag\48s\reviewed_vim\2012\voyager1_48s_mag-vim_20120101_v01.cdf,4237,,0,Z:\SPART-WORK\Data\Voyager\voyager1\coho\1hr\l2\merged_mag_plasma\2012\08\voyager1_coho1hr_merged_mag_plasma_20120801_v01.cdf,0,3,204,15,1800,C:\Users\Administrator\Documents\FWD_matlab\Voyager_fu\Voyager_Interstellar_Monthly\monthly_plots\Voyager1\2012\Voyager1_VLISM_2012-08.png,,33176,0,1510
1,2012-09-01,2012-09-01,2012-10-01,ok,Z:\SPART-WORK\Data\Voyager\voyager1\mag\48s\reviewed_vim\2012\voyager1_48s_mag-vim_20120101_v01.cdf,16391,,0,Z:\SPART-WORK\Data\Voyager\voyager1\coho\1hr\l2\merged_mag_plasma\2012\09\voyager1_coho1hr_merged_mag_plasma_20120901_v01.cdf,0,3,851,15,8010,C:\Users\Administrator\Documents\FWD_matlab\Voyager_fu\Voyager_Interstellar_Monthly\monthly_plots\Voyager1\2012\Voyager1_VLISM_2012-09.png,,149272,0,6294
1,2012-10-01,2012-10-01,2012-11-01,ok,Z:\SPART-WORK\Data\Voyager\voyager1\mag\48s\reviewed_vim\2012\voyager1_48s_mag-vim_20120101_v01.cdf,12178,,0,Z:\SPART-WORK\Data\Voyager\voyager1\coho\1hr\l2\merged_mag_plasma\2012\10\voyager1_coho1hr_merged_mag_plasma_20121001_v01.cdf,0,3,636,15,5670,C:\Users\Administrator\Documents\FWD_matlab\Voyager_fu\Voyager_Interstellar_Monthly\monthly_plots\Voyager1\2012\Voyager1_VLISM_2012-10.png,,173312,0,9716
1,2012-11-01,2012-11-01,2012-12-01,ok,Z:\SPART-WORK\Data\Voyager\voyager1\mag\48s\reviewed_vim\2012\voyager1_48s_mag-vim_20120101_v01.cdf,7906,,0,Z:\SPART-WORK\Data\Voyager\voyager1\coho\1hr\l2\merged_mag_plasma\2012\11\voyager1_coho1hr_merged_mag_plasma_20121101_v01.cdf,0,3,496,15,5220,C:\Users\Administrator\Documents\FWD_matlab\Voyager_fu\Voyager_Interstellar_Monthly\monthly_plots\Voyager1\2012\Voyager1_VLISM_2012-11.png,,183304,0,10089
1,2012-12-01,2012-12-01,2013-01-01,ok,Z:\SPART-WORK\Data\Voyager\voyager1\mag\48s\reviewed_vim\2012\voyager1_48s_mag-vim_20120101_v01.cdf,12474,,0,Z:\SPART-WORK\Data\Voyager\voyager1\coho\1hr\l2\merged_mag_plasma\2012\12\voyager1_coho1hr_merged_mag_plasma_20121201_v01.cdf,0,3,674,15,5490,C:\Users\Administrator\Documents\FWD_matlab\Voyager_fu\Voyager_Interstellar_Monthly\monthly_plots\Voyager1\2012\Voyager1_VLISM_2012-12.png,,172224,0,9853
1,2013-01-01,2013-01-01,2013-02-01,ok,Z:\SPART-WORK\Data\Voyager\voyager1\mag\48s\reviewed_vim\2013\voyager1_48s_mag-vim_20130101_v01.cdf,15095,,0,Z:\SPART-WORK\Data\Voyager\voyager1\coho\1hr\l2\merged_mag_plasma\2013\01\voyager1_coho1hr_merged_mag_plasma_20130101_v01.cdf,0,3,763,15,7830,C:\Users\Administrator\Documents\FWD_matlab\Voyager_fu\Voyager_Interstellar_Monthly\monthly_plots\Voyager1\2013\Voyager1_VLISM_2013-01.png,,161492,0,7244
1,2013-02-01,2013-02-01,2013-03-01,ok,Z:\SPART-WORK\Data\Voyager\voyager1\mag\48s\reviewed_vim\2013\voyager1_48s_mag-vim_20130101_v01.cdf,16806,,0,Z:\SPART-WORK\Data\Voyager\voyager1\coho\1hr\l2\merged_mag_plasma\2013\02\voyager1_coho1hr_merged_mag_plasma_20130201_v01.cdf,0,3,806,15,6930,C:\Users\Administrator\Documents\FWD_matlab\Voyager_fu\Voyager_Interstellar_Monthly\monthly_plots\Voyager1\2013\Voyager1_VLISM_2013-02.png,,132944,0,6340
1,2013-03-01,2013-03-01,2013-04-01,ok,Z:\SPART-WORK\Data\Voyager\voyager1\mag\48s\reviewed_vim\2013\voyager1_48s_mag-vim_20130101_v01.cdf,20428,,0,Z:\SPART-WORK\Data\Voyager\voyager1\coho\1hr\l2\merged_mag_plasma\2013\03\voyager1_coho1hr_merged_mag_plasma_20130301_v01.cdf,0,3,1078,15,8370,C:\Users\Administrator\Documents\FWD_matlab\Voyager_fu\Voyager_Interstellar_Monthly\monthly_plots\Voyager1\2013\Voyager1_VLISM_2013-03.png,,140180,0,5899
1,2013-04-01,2013-04-01,2013-05-01,ok,Z:\SPART-WORK\Data\Voyager\voyager1\mag\48s\reviewed_vim\2013\voyager1_48s_mag-vim_20130101_v01.cdf,27926,,0,Z:\SPART-WORK\Data\Voyager\voyager1\coho\1hr\l2\merged_mag_plasma\2013\04\voyager1_coho1hr_merged_mag_plasma_20130401_v01.cdf,0,3,1187,15,9180,C:\Users\Administrator\Documents\FWD_matlab\Voyager_fu\Voyager_Interstellar_Monthly\monthly_plots\Voyager1\2013\Voyager1_VLISM_2013-04.png,,103000,0,4038
1,2013-05-01,2013-05-01,2013-06-01,ok,Z:\SPART-WORK\Data\Voyager\voyager1\mag\48s\reviewed_vim\2013\voyager1_48s_mag-vim_20130101_v01.cdf,33364,,0,Z:\SPART-WORK\Data\Voyager\voyager1\coho\1hr\l2\merged_mag_plasma\2013\05\voyager1_coho1hr_merged_mag_plasma_20130501_v01.cdf,0,3,1410,15,10800,C:\Users\Administrator\Documents\FWD_matlab\Voyager_fu\Voyager_Interstellar_Monthly\monthly_plots\Voyager1\2013\Voyager1_VLISM_2013-05.png,,88492,0,2407
1,2013-06-01,2013-06-01,2013-07-01,ok,Z:\SPART-WORK\Data\Voyager\voyager1\mag\48s\reviewed_vim\2013\voyager1_48s_mag-vim_20130101_v01.cdf,29051,,0,Z:\SPART-WORK\Data\Voyager\voyager1\coho\1hr\l2\merged_mag_plasma\2013\06\voyager1_coho1hr_merged_mag_plasma_20130601_v01.cdf,0,3,1136,15,9090,C:\Users\Administrator\Documents\FWD_matlab\Voyager_fu\Voyager_Interstellar_Monthly\monthly_plots\Voyager1\2013\Voyager1_VLISM_2013-06.png,,98656,0,4149
1,2013-07-01,2013-07-01,2013-08-01,ok,Z:\SPART-WORK\Data\Voyager\voyager1\mag\48s\reviewed_vim\2013\voyager1_48s_mag-vim_20130101_v01.cdf,25696,,0,Z:\SPART-WORK\Data\Voyager\voyager1\coho\1hr\l2\merged_mag_plasma\2013\07\voyager1_coho1hr_merged_mag_plasma_20130701_v01.cdf,0,3,867,15,8190,C:\Users\Administrator\Documents\FWD_matlab\Voyager_fu\Voyager_Interstellar_Monthly\monthly_plots\Voyager1\2013\Voyager1_VLISM_2013-07.png,,119060,0,6050
1,2013-08-01,2013-08-01,2013-09-01,ok,Z:\SPART-WORK\Data\Voyager\voyager1\mag\48s\reviewed_vim\2013\voyager1_48s_mag-vim_20130101_v01.cdf,22320,,0,Z:\SPART-WORK\Data\Voyager\voyager1\coho\1hr\l2\merged_mag_plasma\2013\08\voyager1_coho1hr_merged_mag_plasma_20130801_v01.cdf,0,3,1021,15,8550,C:\Users\Administrator\Documents\FWD_matlab\Voyager_fu\Voyager_Interstellar_Monthly\monthly_plots\Voyager1\2013\Voyager1_VLISM_2013-08.png,,132096,0,5816
1,2013-09-01,2013-09-01,2013-10-01,ok,Z:\SPART-WORK\Data\Voyager\voyager1\mag\48s\reviewed_vim\2013\voyager1_48s_mag-vim_20130101_v01.cdf,21234,,0,Z:\SPART-WORK\Data\Voyager\voyager1\coho\1hr\l2\merged_mag_plasma\2013\09\voyager1_coho1hr_merged_mag_plasma_20130901_v01.cdf,0,3,1023,15,8010,C:\Users\Administrator\Documents\FWD_matlab\Voyager_fu\Voyager_Interstellar_Monthly\monthly_plots\Voyager1\2013\Voyager1_VLISM_2013-09.png,,129632,0,5817
1,2013-10-01,2013-10-01,2013-11-01,ok,Z:\SPART-WORK\Data\Voyager\voyager1\mag\48s\reviewed_vim\2013\voyager1_48s_mag-vim_20130101_v01.cdf,19461,,0,Z:\SPART-WORK\Data\Voyager\voyager1\coho\1hr\l2\merged_mag_plasma\2013\10\voyager1_coho1hr_merged_mag_plasma_20131001_v01.cdf,0,3,865,15,7650,C:\Users\Administrator\Documents\FWD_matlab\Voyager_fu\Voyager_Interstellar_Monthly\monthly_plots\Voyager1\2013\Voyager1_VLISM_2013-10.png,,144016,0,6947
1,2013-11-01,2013-11-01,2013-12-01,ok,Z:\SPART-WORK\Data\Voyager\voyager1\mag\48s\reviewed_vim\2013\voyager1_48s_mag-vim_20130101_v01.cdf,12756,,0,Z:\SPART-WORK\Data\Voyager\voyager1\coho\1hr\l2\merged_mag_plasma\2013\11\voyager1_coho1hr_merged_mag_plasma_20131101_v01.cdf,0,3,642,15,7380,C:\Users\Administrator\Documents\FWD_matlab\Voyager_fu\Voyager_Interstellar_Monthly\monthly_plots\Voyager1\2013\Voyager1_VLISM_2013-11.png,,163820,0,7388
1,2013-12-01,2013-12-01,2014-01-01,ok,Z:\SPART-WORK\Data\Voyager\voyager1\mag\48s\reviewed_vim\2013\voyager1_48s_mag-vim_20130101_v01.cdf,13786,,0,Z:\SPART-WORK\Data\Voyager\voyager1\coho\1hr\l2\merged_mag_plasma\2013\12\voyager1_coho1hr_merged_mag_plasma_20131201_v01.cdf,0,3,663,15,6300,C:\Users\Administrator\Documents\FWD_matlab\Voyager_fu\Voyager_Interstellar_Monthly\monthly_plots\Voyager1\2013\Voyager1_VLISM_2013-12.png,,166960,0,8979
1,2014-01-01,2014-01-01,2014-02-01,ok,Z:\SPART-WORK\Data\Voyager\voyager1\mag\48s\reviewed_vim\2014\voyager1_48s_mag-vim_20140101_v01.cdf,12624,,0,Z:\SPART-WORK\Data\Voyager\voyager1\coho\1hr\l2\merged_mag_plasma\2014\01\voyager1_coho1hr_merged_mag_plasma_20140101_v01.cdf,0,3,642,15,6120,C:\Users\Administrator\Documents\FWD_matlab\Voyager_fu\Voyager_Interstellar_Monthly\monthly_plots\Voyager1\2014\Voyager1_VLISM_2014-01.png,,171848,0,9265
1,2014-02-01,2014-02-01,2014-03-01,ok,Z:\SPART-WORK\Data\Voyager\voyager1\mag\48s\reviewed_vim\2014\voyager1_48s_mag-vim_20140101_v01.cdf,11346,,0,Z:\SPART-WORK\Data\Voyager\voyager1\coho\1hr\l2\merged_mag_plasma\2014\02\voyager1_coho1hr_merged_mag_plasma_20140201_v01.cdf,0,3,523,15,5670,C:\Users\Administrator\Documents\FWD_matlab\Voyager_fu\Voyager_Interstellar_Monthly\monthly_plots\Voyager1\2014\Voyager1_VLISM_2014-02.png,,155464,0,8303
1,2014-03-01,2014-03-01,2014-04-01,ok,Z:\SPART-WORK\Data\Voyager\voyager1\mag\48s\reviewed_vim\2014\voyager1_48s_mag-vim_20140101_v01.cdf,15659,,0,Z:\SPART-WORK\Data\Voyager\voyager1\coho\1hr\l2\merged_mag_plasma\2014\03\voyager1_coho1hr_merged_mag_plasma_20140301_v01.cdf,0,3,621,15,6120,C:\Users\Administrator\Documents\FWD_matlab\Voyager_fu\Voyager_Interstellar_Monthly\monthly_plots\Voyager1\2014\Voyager1_VLISM_2014-03.png,,159848,0,9146
1,2014-04-01,2014-04-01,2014-05-01,ok,Z:\SPART-WORK\Data\Voyager\voyager1\mag\48s\reviewed_vim\2014\voyager1_48s_mag-vim_20140101_v01.cdf,21165,,0,Z:\SPART-WORK\Data\Voyager\voyager1\coho\1hr\l2\merged_mag_plasma\2014\04\voyager1_coho1hr_merged_mag_plasma_20140401_v01.cdf,0,3,921,15,7020,C:\Users\Administrator\Documents\FWD_matlab\Voyager_fu\Voyager_Interstellar_Monthly\monthly_plots\Voyager1\2014\Voyager1_VLISM_2014-04.png,,129956,0,6949
1,2014-05-01,2014-05-01,2014-06-01,ok,Z:\SPART-WORK\Data\Voyager\voyager1\mag\48s\reviewed_vim\2014\voyager1_48s_mag-vim_20140101_v01.cdf,20139,,0,Z:\SPART-WORK\Data\Voyager\voyager1\coho\1hr\l2\merged_mag_plasma\2014\05\voyager1_coho1hr_merged_mag_plasma_20140501_v01.cdf,0,3,1035,15,7920,C:\Users\Administrator\Documents\FWD_matlab\Voyager_fu\Voyager_Interstellar_Monthly\monthly_plots\Voyager1\2014\Voyager1_VLISM_2014-05.png,,141528,0,6532
1,2014-06-01,2014-06-01,2014-07-01,ok,Z:\SPART-WORK\Data\Voyager\voyager1\mag\48s\reviewed_vim\2014\voyager1_48s_mag-vim_20140101_v01.cdf,19721,,0,Z:\SPART-WORK\Data\Voyager\voyager1\coho\1hr\l2\merged_mag_plasma\2014\06\voyager1_coho1hr_merged_mag_plasma_20140601_v01.cdf,0,3,943,15,7200,C:\Users\Administrator\Documents\FWD_matlab\Voyager_fu\Voyager_Interstellar_Monthly\monthly_plots\Voyager1\2014\Voyager1_VLISM_2014-06.png,,135880,0,6817
1,2014-07-01,2014-07-01,2014-08-01,ok,Z:\SPART-WORK\Data\Voyager\voyager1\mag\48s\reviewed_vim\2014\voyager1_48s_mag-vim_20140101_v01.cdf,19346,,0,Z:\SPART-WORK\Data\Voyager\voyager1\coho\1hr\l2\merged_mag_plasma\2014\07\voyager1_coho1hr_merged_mag_plasma_20140701_v01.cdf,0,3,928,15,7830,C:\Users\Administrator\Documents\FWD_matlab\Voyager_fu\Voyager_Interstellar_Monthly\monthly_plots\Voyager1\2014\Voyager1_VLISM_2014-07.png,,144124,0,6719
1,2014-08-01,2014-08-01,2014-09-01,ok,Z:\SPART-WORK\Data\Voyager\voyager1\mag\48s\reviewed_vim\2014\voyager1_48s_mag-vim_20140101_v01.cdf,19477,,0,Z:\SPART-WORK\Data\Voyager\voyager1\coho\1hr\l2\merged_mag_plasma\2014\08\voyager1_coho1hr_merged_mag_plasma_20140801_v01.cdf,0,3,971,15,8730,C:\Users\Administrator\Documents\FWD_matlab\Voyager_fu\Voyager_Interstellar_Monthly\monthly_plots\Voyager1\2014\Voyager1_VLISM_2014-08.png,,143856,0,5781
1,2014-09-01,2014-09-01,2014-10-01,ok,Z:\SPART-WORK\Data\Voyager\voyager1\mag\48s\reviewed_vim\2014\voyager1_48s_mag-vim_20140101_v01.cdf,12362,,0,Z:\SPART-WORK\Data\Voyager\voyager1\coho\1hr\l2\merged_mag_plasma\2014\09\voyager1_coho1hr_merged_mag_plasma_20140901_v01.cdf,0,3,727,15,6120,C:\Users\Administrator\Documents\FWD_matlab\Voyager_fu\Voyager_Interstellar_Monthly\monthly_plots\Voyager1\2014\Voyager1_VLISM_2014-09.png,,165280,0,8583
1,2014-10-01,2014-10-01,2014-11-01,ok,Z:\SPART-WORK\Data\Voyager\voyager1\mag\48s\reviewed_vim\2014\voyager1_48s_mag-vim_20140101_v01.cdf,10898,,0,Z:\SPART-WORK\Data\Voyager\voyager1\coho\1hr\l2\merged_mag_plasma\2014\10\voyager1_coho1hr_merged_mag_plasma_20141001_v01.cdf,0,3,554,15,4770,C:\Users\Administrator\Documents\FWD_matlab\Voyager_fu\Voyager_Interstellar_Monthly\monthly_plots\Voyager1\2014\Voyager1_VLISM_2014-10.png,,178700,0,10833
1,2014-11-01,2014-11-01,2014-12-01,ok,Z:\SPART-WORK\Data\Voyager\voyager1\mag\48s\reviewed_vim\2014\voyager1_48s_mag-vim_20140101_v01.cdf,8494,,0,Z:\SPART-WORK\Data\Voyager\voyager1\coho\1hr\l2\merged_mag_plasma\2014\11\voyager1_coho1hr_merged_mag_plasma_20141101_v01.cdf,0,3,468,15,5220,C:\Users\Administrator\Documents\FWD_matlab\Voyager_fu\Voyager_Interstellar_Monthly\monthly_plots\Voyager1\2014\Voyager1_VLISM_2014-11.png,,181204,0,10072
1,2014-12-01,2014-12-01,2015-01-01,ok,Z:\SPART-WORK\Data\Voyager\voyager1\mag\48s\reviewed_vim\2014\voyager1_48s_mag-vim_20140101_v01.cdf,10231,,0,Z:\SPART-WORK\Data\Voyager\voyager1\coho\1hr\l2\merged_mag_plasma\2014\12\voyager1_coho1hr_merged_mag_plasma_20141201_v01.cdf,0,3,545,15,5130,C:\Users\Administrator\Documents\FWD_matlab\Voyager_fu\Voyager_Interstellar_Monthly\monthly_plots\Voyager1\2014\Voyager1_VLISM_2014-12.png,,181268,0,10552
1,2015-01-01,2015-01-01,2015-02-01,ok,Z:\SPART-WORK\Data\Voyager\voyager1\mag\48s\reviewed_vim\2015\voyager1_48s_mag-vim_20150101_v01.cdf,15423,,0,Z:\SPART-WORK\Data\Voyager\voyager1\coho\1hr\l2\merged_mag_plasma\2015\01\voyager1_coho1hr_merged_mag_plasma_20150101_v01.cdf,0,3,759,15,7650,C:\Users\Administrator\Documents\FWD_matlab\Voyager_fu\Voyager_Interstellar_Monthly\monthly_plots\Voyager1\2015\Voyager1_VLISM_2015-01.png,,159976,0,7383
1,2015-02-01,2015-02-01,2015-03-01,ok,Z:\SPART-WORK\Data\Voyager\voyager1\mag\48s\reviewed_vim\2015\voyager1_48s_mag-vim_20150101_v01.cdf,16842,,0,Z:\SPART-WORK\Data\Voyager\voyager1\coho\1hr\l2\merged_mag_plasma\2015\02\voyager1_coho1hr_merged_mag_plasma_20150201_v01.cdf,0,3,875,15,7380,C:\Users\Administrator\Documents\FWD_matlab\Voyager_fu\Voyager_Interstellar_Monthly\monthly_plots\Voyager1\2015\Voyager1_VLISM_2015-02.png,,132920,0,5781
1,2015-03-01,2015-03-01,2015-04-01,ok,Z:\SPART-WORK\Data\Voyager\voyager1\mag\48s\reviewed_vim\2015\voyager1_48s_mag-vim_20150101_v01.cdf,21809,,0,Z:\SPART-WORK\Data\Voyager\voyager1\coho\1hr\l2\merged_mag_plasma\2015\03\voyager1_coho1hr_merged_mag_plasma_20150301_v01.cdf,0,3,1042,15,7740,C:\Users\Administrator\Documents\FWD_matlab\Voyager_fu\Voyager_Interstellar_Monthly\monthly_plots\Voyager1\2015\Voyager1_VLISM_2015-03.png,,134276,0,6575
1,2015-04-01,2015-04-01,2015-05-01,ok,Z:\SPART-WORK\Data\Voyager\voyager1\mag\48s\reviewed_vim\2015\voyager1_48s_mag-vim_20150101_v01.cdf,21172,,0,Z:\SPART-WORK\Data\Voyager\voyager1\coho\1hr\l2\merged_mag_plasma\2015\04\voyager1_coho1hr_merged_mag_plasma_20150401_v01.cdf,0,3,968,15,7740,C:\Users\Administrator\Documents\FWD_matlab\Voyager_fu\Voyager_Interstellar_Monthly\monthly_plots\Voyager1\2015\Voyager1_VLISM_2015-04.png,,130204,0,6182
1,2015-05-01,2015-05-01,2015-06-01,ok,Z:\SPART-WORK\Data\Voyager\voyager1\mag\48s\reviewed_vim\2015\voyager1_48s_mag-vim_20150101_v01.cdf,17929,,0,Z:\SPART-WORK\Data\Voyager\voyager1\coho\1hr\l2\merged_mag_plasma\2015\05\voyager1_coho1hr_merged_mag_plasma_20150501_v01.cdf,0,3,920,15,7650,C:\Users\Administrator\Documents\FWD_matlab\Voyager_fu\Voyager_Interstellar_Monthly\monthly_plots\Voyager1\2015\Voyager1_VLISM_2015-05.png,,150140,0,7017
1,2015-06-01,2015-06-01,2015-07-01,ok,Z:\SPART-WORK\Data\Voyager\voyager1\mag\48s\reviewed_vim\2015\voyager1_48s_mag-vim_20150101_v01.cdf,18500,,0,Z:\SPART-WORK\Data\Voyager\voyager1\coho\1hr\l2\merged_mag_plasma\2015\06\voyager1_coho1hr_merged_mag_plasma_20150601_v01.cdf,0,3,860,15,6840,C:\Users\Administrator\Documents\FWD_matlab\Voyager_fu\Voyager_Interstellar_Monthly\monthly_plots\Voyager1\2015\Voyager1_VLISM_2015-06.png,,140968,0,7395
1,2015-07-01,2015-07-01,2015-08-01,ok,Z:\SPART-WORK\Data\Voyager\voyager1\mag\48s\reviewed_vim\2015\voyager1_48s_mag-vim_20150101_v01.cdf,19392,,0,Z:\SPART-WORK\Data\Voyager\voyager1\coho\1hr\l2\merged_mag_plasma\2015\07\voyager1_coho1hr_merged_mag_plasma_20150701_v01.cdf,0,3,967,15,8280,C:\Users\Administrator\Documents\FWD_matlab\Voyager_fu\Voyager_Interstellar_Monthly\monthly_plots\Voyager1\2015\Voyager1_VLISM_2015-07.png,,144060,0,6295
1,2015-08-01,2015-08-01,2015-09-01,ok,Z:\SPART-WORK\Data\Voyager\voyager1\mag\48s\reviewed_vim\2015\voyager1_48s_mag-vim_20150101_v01.cdf,12760,,0,Z:\SPART-WORK\Data\Voyager\voyager1\coho\1hr\l2\merged_mag_plasma\2015\08\voyager1_coho1hr_merged_mag_plasma_20150801_v01.cdf,0,3,664,15,5310,C:\Users\Administrator\Documents\FWD_matlab\Voyager_fu\Voyager_Interstellar_Monthly\monthly_plots\Voyager1\2015\Voyager1_VLISM_2015-08.png,,171220,0,10068
1,2015-09-01,2015-09-01,2015-10-01,ok,Z:\SPART-WORK\Data\Voyager\voyager1\mag\48s\reviewed_vim\2015\voyager1_48s_mag-vim_20150101_v01.cdf,10735,,0,Z:\SPART-WORK\Data\Voyager\voyager1\coho\1hr\l2\merged_mag_plasma\2015\09\voyager1_coho1hr_merged_mag_plasma_20150901_v01.cdf,0,3,589,15,5310,C:\Users\Administrator\Documents\FWD_matlab\Voyager_fu\Voyager_Interstellar_Monthly\monthly_plots\Voyager1\2015\Voyager1_VLISM_2015-09.png,,172224,0,9731
1,2015-10-01,2015-10-01,2015-11-01,ok,Z:\SPART-WORK\Data\Voyager\voyager1\mag\48s\reviewed_vim\2015\voyager1_48s_mag-vim_20150101_v01.cdf,12231,,0,Z:\SPART-WORK\Data\Voyager\voyager1\coho\1hr\l2\merged_mag_plasma\2015\10\voyager1_coho1hr_merged_mag_plasma_20151001_v01.cdf,0,3,636,15,5580,C:\Users\Administrator\Documents\FWD_matlab\Voyager_fu\Voyager_Interstellar_Monthly\monthly_plots\Voyager1\2015\Voyager1_VLISM_2015-10.png,,173236,0,9856
1,2015-11-01,2015-11-01,2015-12-01,ok,Z:\SPART-WORK\Data\Voyager\voyager1\mag\48s\reviewed_vim\2015\voyager1_48s_mag-vim_20150101_v01.cdf,11040,,0,Z:\SPART-WORK\Data\Voyager\voyager1\coho\1hr\l2\merged_mag_plasma\2015\11\voyager1_coho1hr_merged_mag_plasma_20151101_v01.cdf,0,3,561,15,6480,C:\Users\Administrator\Documents\FWD_matlab\Voyager_fu\Voyager_Interstellar_Monthly\monthly_plots\Voyager1\2015\Voyager1_VLISM_2015-11.png,,170780,0,8554
1,2015-12-01,2015-12-01,2016-01-01,ok,Z:\SPART-WORK\Data\Voyager\voyager1\mag\48s\reviewed_vim\2015\voyager1_48s_mag-vim_20150101_v01.cdf,11542,,0,Z:\SPART-WORK\Data\Voyager\voyager1\coho\1hr\l2\merged_mag_plasma\2015\12\voyager1_coho1hr_merged_mag_plasma_20151201_v01.cdf,0,3,557,15,5760,C:\Users\Administrator\Documents\FWD_matlab\Voyager_fu\Voyager_Interstellar_Monthly\monthly_plots\Voyager1\2015\Voyager1_VLISM_2015-12.png,,176036,0,9780
1,2016-01-01,2016-01-01,2016-02-01,ok,Z:\SPART-WORK\Data\Voyager\voyager1\mag\48s\reviewed_vim\2016\voyager1_48s_mag-vim_20160101_v01.cdf,12866,,0,Z:\SPART-WORK\Data\Voyager\voyager1\coho\1hr\l2\merged_mag_plasma\2016\01\voyager1_coho1hr_merged_mag_plasma_20160101_v01.cdf,0,3,651,15,7020,C:\Users\Administrator\Documents\FWD_matlab\Voyager_fu\Voyager_Interstellar_Monthly\monthly_plots\Voyager1\2016\Voyager1_VLISM_2016-01.png,,170600,0,8321
1,2016-02-01,2016-02-01,2016-03-01,ok,Z:\SPART-WORK\Data\Voyager\voyager1\mag\48s\reviewed_vim\2016\voyager1_48s_mag-vim_20160101_v01.cdf,11440,,0,Z:\SPART-WORK\Data\Voyager\voyager1\coho\1hr\l2\merged_mag_plasma\2016\02\voyager1_coho1hr_merged_mag_plasma_20160201_v01.cdf,0,3,578,15,5490,C:\Users\Administrator\Documents\FWD_matlab\Voyager_fu\Voyager_Interstellar_Monthly\monthly_plots\Voyager1\2016\Voyager1_VLISM_2016-02.png,,161976,0,8880
1,2016-03-01,2016-03-01,2016-04-01,ok,Z:\SPART-WORK\Data\Voyager\voyager1\mag\48s\reviewed_vim\2016\voyager1_48s_mag-vim_20160101_v01.cdf,14142,,0,Z:\SPART-WORK\Data\Voyager\voyager1\coho\1hr\l2\merged_mag_plasma\2016\03\voyager1_coho1hr_merged_mag_plasma_20160301_v01.cdf,0,3,645,15,6750,C:\Users\Administrator\Documents\FWD_matlab\Voyager_fu\Voyager_Interstellar_Monthly\monthly_plots\Voyager1\2016\Voyager1_VLISM_2016-03.png,,165520,0,8502
1,2016-04-01,2016-04-01,2016-05-01,ok,Z:\SPART-WORK\Data\Voyager\voyager1\mag\48s\reviewed_vim\2016\voyager1_48s_mag-vim_20160101_v01.cdf,12503,,0,Z:\SPART-WORK\Data\Voyager\voyager1\coho\1hr\l2\merged_mag_plasma\2016\04\voyager1_coho1hr_merged_mag_plasma_20160401_v01.cdf,0,3,573,15,6840,C:\Users\Administrator\Documents\FWD_matlab\Voyager_fu\Voyager_Interstellar_Monthly\monthly_plots\Voyager1\2016\Voyager1_VLISM_2016-04.png,,165040,0,8102
1,2016-05-01,2016-05-01,2016-06-01,ok,Z:\SPART-WORK\Data\Voyager\voyager1\mag\48s\reviewed_vim\2016\voyager1_48s_mag-vim_20160101_v01.cdf,12389,,0,Z:\SPART-WORK\Data\Voyager\voyager1\coho\1hr\l2\merged_mag_plasma\2016\05\voyager1_coho1hr_merged_mag_plasma_20160501_v01.cdf,0,3,647,15,6300,C:\Users\Administrator\Documents\FWD_matlab\Voyager_fu\Voyager_Interstellar_Monthly\monthly_plots\Voyager1\2016\Voyager1_VLISM_2016-05.png,,172600,0,9045
1,2016-06-01,2016-06-01,2016-07-01,ok,Z:\SPART-WORK\Data\Voyager\voyager1\mag\48s\reviewed_vim\2016\voyager1_48s_mag-vim_20160101_v01.cdf,11719,,0,Z:\SPART-WORK\Data\Voyager\voyager1\coho\1hr\l2\merged_mag_plasma\2016\06\voyager1_coho1hr_merged_mag_plasma_20160601_v01.cdf,0,3,567,15,5130,C:\Users\Administrator\Documents\FWD_matlab\Voyager_fu\Voyager_Interstellar_Monthly\monthly_plots\Voyager1\2016\Voyager1_VLISM_2016-06.png,,168392,0,9848
1,2016-07-01,2016-07-01,2016-08-01,ok,Z:\SPART-WORK\Data\Voyager\voyager1\mag\48s\reviewed_vim\2016\voyager1_48s_mag-vim_20160101_v01.cdf,13992,,0,Z:\SPART-WORK\Data\Voyager\voyager1\coho\1hr\l2\merged_mag_plasma\2016\07\voyager1_coho1hr_merged_mag_plasma_20160701_v01.cdf,0,3,727,15,6570,C:\Users\Administrator\Documents\FWD_matlab\Voyager_fu\Voyager_Interstellar_Monthly\monthly_plots\Voyager1\2016\Voyager1_VLISM_2016-07.png,,166404,0,8635
1,2016-08-01,2016-08-01,2016-09-01,ok,Z:\SPART-WORK\Data\Voyager\voyager1\mag\48s\reviewed_vim\2016\voyager1_48s_mag-vim_20160101_v01.cdf,12507,,0,Z:\SPART-WORK\Data\Voyager\voyager1\coho\1hr\l2\merged_mag_plasma\2016\08\voyager1_coho1hr_merged_mag_plasma_20160801_v01.cdf,0,3,646,15,6030,C:\Users\Administrator\Documents\FWD_matlab\Voyager_fu\Voyager_Interstellar_Monthly\monthly_plots\Voyager1\2016\Voyager1_VLISM_2016-08.png,,172324,0,9396
1,2016-09-01,2016-09-01,2016-10-01,ok,Z:\SPART-WORK\Data\Voyager\voyager1\mag\48s\reviewed_vim\2016\voyager1_48s_mag-vim_20160101_v01.cdf,14269,,0,Z:\SPART-WORK\Data\Voyager\voyager1\coho\1hr\l2\merged_mag_plasma\2016\09\voyager1_coho1hr_merged_mag_plasma_20160901_v01.cdf,0,3,700,15,5940,C:\Users\Administrator\Documents\FWD_matlab\Voyager_fu\Voyager_Interstellar_Monthly\monthly_plots\Voyager1\2016\Voyager1_VLISM_2016-09.png,,158084,0,8770
1,2016-10-01,2016-10-01,2016-11-01,ok,Z:\SPART-WORK\Data\Voyager\voyager1\mag\48s\reviewed_vim\2016\voyager1_48s_mag-vim_20160101_v01.cdf,13830,,0,Z:\SPART-WORK\Data\Voyager\voyager1\coho\1hr\l2\merged_mag_plasma\2016\10\voyager1_coho1hr_merged_mag_plasma_20161001_v01.cdf,0,3,675,15,6300,C:\Users\Administrator\Documents\FWD_matlab\Voyager_fu\Voyager_Interstellar_Monthly\monthly_plots\Voyager1\2016\Voyager1_VLISM_2016-10.png,,166988,0,8972
1,2016-11-01,2016-11-01,2016-12-01,ok,Z:\SPART-WORK\Data\Voyager\voyager1\mag\48s\reviewed_vim\2016\voyager1_48s_mag-vim_20160101_v01.cdf,12029,,0,Z:\SPART-WORK\Data\Voyager\voyager1\coho\1hr\l2\merged_mag_plasma\2016\11\voyager1_coho1hr_merged_mag_plasma_20161101_v01.cdf,0,3,640,15,5850,C:\Users\Administrator\Documents\FWD_matlab\Voyager_fu\Voyager_Interstellar_Monthly\monthly_plots\Voyager1\2016\Voyager1_VLISM_2016-11.png,,166940,0,9025
1,2016-12-01,2016-12-01,2017-01-01,ok,Z:\SPART-WORK\Data\Voyager\voyager1\mag\48s\reviewed_vim\2016\voyager1_48s_mag-vim_20160101_v01.cdf,14992,,0,Z:\SPART-WORK\Data\Voyager\voyager1\coho\1hr\l2\merged_mag_plasma\2016\12\voyager1_coho1hr_merged_mag_plasma_20161201_v01.cdf,0,3,780,15,7830,C:\Users\Administrator\Documents\FWD_matlab\Voyager_fu\Voyager_Interstellar_Monthly\monthly_plots\Voyager1\2016\Voyager1_VLISM_2016-12.png,,161828,0,7187
1,2017-01-01,2017-01-01,2017-02-01,ok,Z:\SPART-WORK\Data\Voyager\voyager1\mag\48s\reviewed_vim\2017\voyager1_48s_mag-vim_20170101_v01.cdf,18142,,0,Z:\SPART-WORK\Data\Voyager\voyager1\coho\1hr\l2\merged_mag_plasma\2017\01\voyager1_coho1hr_merged_mag_plasma_20170101_v01.cdf,0,3,908,15,8100,C:\Users\Administrator\Documents\FWD_matlab\Voyager_fu\Voyager_Interstellar_Monthly\monthly_plots\Voyager1\2017\Voyager1_VLISM_2017-01.png,,149160,0,6559
1,2017-02-01,2017-02-01,2017-03-01,ok,Z:\SPART-WORK\Data\Voyager\voyager1\mag\48s\reviewed_vim\2017\voyager1_48s_mag-vim_20170101_v01.cdf,15898,,0,Z:\SPART-WORK\Data\Voyager\voyager1\coho\1hr\l2\merged_mag_plasma\2017\02\voyager1_coho1hr_merged_mag_plasma_20170201_v01.cdf,0,3,787,15,7110,C:\Users\Administrator\Documents\FWD_matlab\Voyager_fu\Voyager_Interstellar_Monthly\monthly_plots\Voyager1\2017\Voyager1_VLISM_2017-02.png,,136684,0,6224
1,2017-03-01,2017-03-01,2017-04-01,ok,Z:\SPART-WORK\Data\Voyager\voyager1\mag\48s\reviewed_vim\2017\voyager1_48s_mag-vim_20170101_v01.cdf,24190,,0,Z:\SPART-WORK\Data\Voyager\voyager1\coho\1hr\l2\merged_mag_plasma\2017\03\voyager1_coho1hr_merged_mag_plasma_20170301_v01.cdf,0,3,1126,15,8460,C:\Users\Administrator\Documents\FWD_matlab\Voyager_fu\Voyager_Interstellar_Monthly\monthly_plots\Voyager1\2017\Voyager1_VLISM_2017-03.png,,125088,0,5611
1,2017-04-01,2017-04-01,2017-05-01,ok,Z:\SPART-WORK\Data\Voyager\voyager1\mag\48s\reviewed_vim\2017\voyager1_48s_mag-vim_20170101_v01.cdf,29530,,0,Z:\SPART-WORK\Data\Voyager\voyager1\coho\1hr\l2\merged_mag_plasma\2017\04\voyager1_coho1hr_merged_mag_plasma_20170401_v01.cdf,0,3,1306,15,9630,C:\Users\Administrator\Documents\FWD_matlab\Voyager_fu\Voyager_Interstellar_Monthly\monthly_plots\Voyager1\2017\Voyager1_VLISM_2017-04.png,,96308,0,3369
1,2017-05-01,2017-05-01,2017-06-01,ok,Z:\SPART-WORK\Data\Voyager\voyager1\mag\48s\reviewed_vim\2017\voyager1_48s_mag-vim_20170101_v01.cdf,28154,,0,Z:\SPART-WORK\Data\Voyager\voyager1\coho\1hr\l2\merged_mag_plasma\2017\05\voyager1_coho1hr_merged_mag_plasma_20170501_v01.cdf,0,3,1260,15,9090,C:\Users\Administrator\Documents\FWD_matlab\Voyager_fu\Voyager_Interstellar_Monthly\monthly_plots\Voyager1\2017\Voyager1_VLISM_2017-05.png,,109292,0,4607
1,2017-06-01,2017-06-01,2017-07-01,ok,Z:\SPART-WORK\Data\Voyager\voyager1\mag\48s\reviewed_vim\2017\voyager1_48s_mag-vim_20170101_v01.cdf,27074,,0,Z:\SPART-WORK\Data\Voyager\voyager1\coho\1hr\l2\merged_mag_plasma\2017\06\voyager1_coho1hr_merged_mag_plasma_20170601_v01.cdf,0,3,1202,15,8100,C:\Users\Administrator\Documents\FWD_matlab\Voyager_fu\Voyager_Interstellar_Monthly\monthly_plots\Voyager1\2017\Voyager1_VLISM_2017-06.png,,106700,0,5248
1,2017-07-01,2017-07-01,2017-08-01,ok,Z:\SPART-WORK\Data\Voyager\voyager1\mag\48s\reviewed_vim\2017\voyager1_48s_mag-vim_20170101_v01.cdf,26762,,0,Z:\SPART-WORK\Data\Voyager\voyager1\coho\1hr\l2\merged_mag_plasma\2017\07\voyager1_coho1hr_merged_mag_plasma_20170701_v01.cdf,0,3,1186,15,8550,C:\Users\Administrator\Documents\FWD_matlab\Voyager_fu\Voyager_Interstellar_Monthly\monthly_plots\Voyager1\2017\Voyager1_VLISM_2017-07.png,,114940,0,5361
1,2017-08-01,2017-08-01,2017-09-01,ok,Z:\SPART-WORK\Data\Voyager\voyager1\mag\48s\reviewed_vim\2017\voyager1_48s_mag-vim_20170101_v01.cdf,24837,,0,Z:\SPART-WORK\Data\Voyager\voyager1\coho\1hr\l2\merged_mag_plasma\2017\08\voyager1_coho1hr_merged_mag_plasma_20170801_v01.cdf,0,3,1166,15,8280,C:\Users\Administrator\Documents\FWD_matlab\Voyager_fu\Voyager_Interstellar_Monthly\monthly_plots\Voyager1\2017\Voyager1_VLISM_2017-08.png,,122452,0,5686
1,2017-09-01,2017-09-01,2017-10-01,ok,Z:\SPART-WORK\Data\Voyager\voyager1\mag\48s\reviewed_vim\2017\voyager1_48s_mag-vim_20170101_v01.cdf,19531,,0,Z:\SPART-WORK\Data\Voyager\voyager1\coho\1hr\l2\merged_mag_plasma\2017\09\voyager1_coho1hr_merged_mag_plasma_20170901_v01.cdf,0,3,906,15,7200,C:\Users\Administrator\Documents\FWD_matlab\Voyager_fu\Voyager_Interstellar_Monthly\monthly_plots\Voyager1\2017\Voyager1_VLISM_2017-09.png,,136864,0,6899
1,2017-10-01,2017-10-01,2017-11-01,ok,Z:\SPART-WORK\Data\Voyager\voyager1\mag\48s\reviewed_vim\2017\voyager1_48s_mag-vim_20170101_v01.cdf,11770,,0,Z:\SPART-WORK\Data\Voyager\voyager1\coho\1hr\l2\merged_mag_plasma\2017\10\voyager1_coho1hr_merged_mag_plasma_20171001_v01.cdf,0,3,591,15,6210,C:\Users\Administrator\Documents\FWD_matlab\Voyager_fu\Voyager_Interstellar_Monthly\monthly_plots\Voyager1\2017\Voyager1_VLISM_2017-10.png,,175008,0,9296
1,2017-11-01,2017-11-01,2017-12-01,ok,Z:\SPART-WORK\Data\Voyager\voyager1\mag\48s\reviewed_vim\2017\voyager1_48s_mag-vim_20170101_v01.cdf,11390,,0,Z:\SPART-WORK\Data\Voyager\voyager1\coho\1hr\l2\merged_mag_plasma\2017\11\voyager1_coho1hr_merged_mag_plasma_20171101_v01.cdf,0,3,576,15,5670,C:\Users\Administrator\Documents\FWD_matlab\Voyager_fu\Voyager_Interstellar_Monthly\monthly_plots\Voyager1\2017\Voyager1_VLISM_2017-11.png,,169496,0,9329
1,2017-12-01,2017-12-01,2018-01-01,ok,Z:\SPART-WORK\Data\Voyager\voyager1\mag\48s\reviewed_vim\2017\voyager1_48s_mag-vim_20170101_v01.cdf,11691,,0,Z:\SPART-WORK\Data\Voyager\voyager1\coho\1hr\l2\merged_mag_plasma\2017\12\voyager1_coho1hr_merged_mag_plasma_20171201_v01.cdf,0,3,606,15,5940,C:\Users\Administrator\Documents\FWD_matlab\Voyager_fu\Voyager_Interstellar_Monthly\monthly_plots\Voyager1\2017\Voyager1_VLISM_2017-12.png,,175528,0,9594
1,2018-01-01,2018-01-01,2018-02-01,ok,Z:\SPART-WORK\Data\Voyager\voyager1\mag\48s\reviewed_vim\2018\voyager1_48s_mag-vim_20180101_v01.cdf,15046,,0,Z:\SPART-WORK\Data\Voyager\voyager1\coho\1hr\l2\merged_mag_plasma\2018\01\voyager1_coho1hr_merged_mag_plasma_20180101_v01.cdf,0,3,706,15,6480,C:\Users\Administrator\Documents\FWD_matlab\Voyager_fu\Voyager_Interstellar_Monthly\monthly_plots\Voyager1\2018\Voyager1_VLISM_2018-01.png,,162172,0,8681
1,2018-02-01,2018-02-01,2018-03-01,ok,Z:\SPART-WORK\Data\Voyager\voyager1\mag\48s\reviewed_vim\2018\voyager1_48s_mag-vim_20180101_v01.cdf,13122,,0,Z:\SPART-WORK\Data\Voyager\voyager1\coho\1hr\l2\merged_mag_plasma\2018\02\voyager1_coho1hr_merged_mag_plasma_20180201_v01.cdf,0,3,624,15,4950,C:\Users\Administrator\Documents\FWD_matlab\Voyager_fu\Voyager_Interstellar_Monthly\monthly_plots\Voyager1\2018\Voyager1_VLISM_2018-02.png,,148356,0,8817
1,2018-03-01,2018-03-01,2018-04-01,ok,Z:\SPART-WORK\Data\Voyager\voyager1\mag\48s\reviewed_vim\2018\voyager1_48s_mag-vim_20180101_v01.cdf,12389,,0,Z:\SPART-WORK\Data\Voyager\voyager1\coho\1hr\l2\merged_mag_plasma\2018\03\voyager1_coho1hr_merged_mag_plasma_20180301_v01.cdf,0,3,547,15,4590,C:\Users\Administrator\Documents\FWD_matlab\Voyager_fu\Voyager_Interstellar_Monthly\monthly_plots\Voyager1\2018\Voyager1_VLISM_2018-03.png,,172964,0,10970
1,2018-04-01,2018-04-01,2018-05-01,ok,Z:\SPART-WORK\Data\Voyager\voyager1\mag\48s\reviewed_vim\2018\voyager1_48s_mag-vim_20180101_v01.cdf,12576,,0,Z:\SPART-WORK\Data\Voyager\voyager1\coho\1hr\l2\merged_mag_plasma\2018\04\voyager1_coho1hr_merged_mag_plasma_20180401_v01.cdf,0,3,601,15,5940,C:\Users\Administrator\Documents\FWD_matlab\Voyager_fu\Voyager_Interstellar_Monthly\monthly_plots\Voyager1\2018\Voyager1_VLISM_2018-04.png,,164936,0,8974
1,2018-05-01,2018-05-01,2018-06-01,ok,Z:\SPART-WORK\Data\Voyager\voyager1\mag\48s\reviewed_vim\2018\voyager1_48s_mag-vim_20180101_v01.cdf,10117,,0,Z:\SPART-WORK\Data\Voyager\voyager1\coho\1hr\l2\merged_mag_plasma\2018\05\voyager1_coho1hr_merged_mag_plasma_20180501_v01.cdf,0,3,482,15,5130,C:\Users\Administrator\Documents\FWD_matlab\Voyager_fu\Voyager_Interstellar_Monthly\monthly_plots\Voyager1\2018\Voyager1_VLISM_2018-05.png,,182052,0,10645
1,2018-06-01,2018-06-01,2018-07-01,ok,Z:\SPART-WORK\Data\Voyager\voyager1\mag\48s\reviewed_vim\2018\voyager1_48s_mag-vim_20180101_v01.cdf,9104,,0,Z:\SPART-WORK\Data\Voyager\voyager1\coho\1hr\l2\merged_mag_plasma\2018\06\voyager1_coho1hr_merged_mag_plasma_20180601_v01.cdf,0,3,448,15,4050,C:\Users\Administrator\Documents\FWD_matlab\Voyager_fu\Voyager_Interstellar_Monthly\monthly_plots\Voyager1\2018\Voyager1_VLISM_2018-06.png,,178932,0,11292
1,2018-07-01,2018-07-01,2018-08-01,ok,Z:\SPART-WORK\Data\Voyager\voyager1\mag\48s\reviewed_vim\2018\voyager1_48s_mag-vim_20180101_v01.cdf,10424,,0,Z:\SPART-WORK\Data\Voyager\voyager1\coho\1hr\l2\merged_mag_plasma\2018\07\voyager1_coho1hr_merged_mag_plasma_20180701_v01.cdf,0,3,479,15,5220,C:\Users\Administrator\Documents\FWD_matlab\Voyager_fu\Voyager_Interstellar_Monthly\monthly_plots\Voyager1\2018\Voyager1_VLISM_2018-07.png,,180856,0,10538
1,2018-08-01,2018-08-01,2018-09-01,ok,Z:\SPART-WORK\Data\Voyager\voyager1\mag\48s\reviewed_vim\2018\voyager1_48s_mag-vim_20180101_v01.cdf,10153,,0,Z:\SPART-WORK\Data\Voyager\voyager1\coho\1hr\l2\merged_mag_plasma\2018\08\voyager1_coho1hr_merged_mag_plasma_20180801_v01.cdf,0,3,504,15,5130,C:\Users\Administrator\Documents\FWD_matlab\Voyager_fu\Voyager_Interstellar_Monthly\monthly_plots\Voyager1\2018\Voyager1_VLISM_2018-08.png,,181800,0,10583
1,2018-09-01,2018-09-01,2018-10-01,ok,Z:\SPART-WORK\Data\Voyager\voyager1\mag\48s\reviewed_vim\2018\voyager1_48s_mag-vim_20180101_v01.cdf,9987,,0,Z:\SPART-WORK\Data\Voyager\voyager1\coho\1hr\l2\merged_mag_plasma\2018\09\voyager1_coho1hr_merged_mag_plasma_20180901_v01.cdf,0,3,486,15,4140,C:\Users\Administrator\Documents\FWD_matlab\Voyager_fu\Voyager_Interstellar_Monthly\monthly_plots\Voyager1\2018\Voyager1_VLISM_2018-09.png,,175424,0,11104
1,2018-10-01,2018-10-01,2018-11-01,ok,Z:\SPART-WORK\Data\Voyager\voyager1\mag\48s\reviewed_vim\2018\voyager1_48s_mag-vim_20180101_v01.cdf,10174,,0,Z:\SPART-WORK\Data\Voyager\voyager1\coho\1hr\l2\merged_mag_plasma\2018\10\voyager1_coho1hr_merged_mag_plasma_20181001_v01.cdf,0,3,515,15,5130,C:\Users\Administrator\Documents\FWD_matlab\Voyager_fu\Voyager_Interstellar_Monthly\monthly_plots\Voyager1\2018\Voyager1_VLISM_2018-10.png,,181680,0,10582
1,2018-11-01,2018-11-01,2018-12-01,ok,Z:\SPART-WORK\Data\Voyager\voyager1\mag\48s\reviewed_vim\2018\voyager1_48s_mag-vim_20180101_v01.cdf,9515,,0,Z:\SPART-WORK\Data\Voyager\voyager1\coho\1hr\l2\merged_mag_plasma\2018\11\voyager1_coho1hr_merged_mag_plasma_20181101_v01.cdf,0,3,355,15,4680,C:\Users\Administrator\Documents\FWD_matlab\Voyager_fu\Voyager_Interstellar_Monthly\monthly_plots\Voyager1\2018\Voyager1_VLISM_2018-11.png,,177048,0,10685
1,2018-12-01,2018-12-01,2019-01-01,ok,Z:\SPART-WORK\Data\Voyager\voyager1\mag\48s\reviewed_vim\2018\voyager1_48s_mag-vim_20180101_v01.cdf,13644,,0,Z:\SPART-WORK\Data\Voyager\voyager1\coho\1hr\l2\merged_mag_plasma\2018\12\voyager1_coho1hr_merged_mag_plasma_20181201_v01.cdf,0,3,587,15,7020,C:\Users\Administrator\Documents\FWD_matlab\Voyager_fu\Voyager_Interstellar_Monthly\monthly_plots\Voyager1\2018\Voyager1_VLISM_2018-12.png,,167420,0,8315
1,2019-01-01,2019-01-01,2019-02-01,ok,Z:\SPART-WORK\Data\Voyager\voyager1\mag\48s\reviewed_vim\2019\voyager1_48s_mag-vim_20190101_v01.cdf,14828,,0,Z:\SPART-WORK\Data\Voyager\voyager1\coho\1hr\l2\merged_mag_plasma\2019\01\voyager1_coho1hr_merged_mag_plasma_20190101_v01.cdf,0,3,703,15,7560,C:\Users\Administrator\Documents\FWD_matlab\Voyager_fu\Voyager_Interstellar_Monthly\monthly_plots\Voyager1\2019\Voyager1_VLISM_2019-01.png,,162316,0,7514
1,2019-02-01,2019-02-01,2019-03-01,ok,Z:\SPART-WORK\Data\Voyager\voyager1\mag\48s\reviewed_vim\2019\voyager1_48s_mag-vim_20190101_v01.cdf,13848,,0,Z:\SPART-WORK\Data\Voyager\voyager1\coho\1hr\l2\merged_mag_plasma\2019\02\voyager1_coho1hr_merged_mag_plasma_20190201_v01.cdf,0,3,702,15,5850,C:\Users\Administrator\Documents\FWD_matlab\Voyager_fu\Voyager_Interstellar_Monthly\monthly_plots\Voyager1\2019\Voyager1_VLISM_2019-02.png,,145108,0,7689
1,2019-03-01,2019-03-01,2019-04-01,ok,Z:\SPART-WORK\Data\Voyager\voyager1\mag\48s\reviewed_vim\2019\voyager1_48s_mag-vim_20190101_v01.cdf,19594,,0,Z:\SPART-WORK\Data\Voyager\voyager1\coho\1hr\l2\merged_mag_plasma\2019\03\voyager1_coho1hr_merged_mag_plasma_20190301_v01.cdf,0,3,915,15,8100,C:\Users\Administrator\Documents\FWD_matlab\Voyager_fu\Voyager_Interstellar_Monthly\monthly_plots\Voyager1\2019\Voyager1_VLISM_2019-03.png,,143712,0,6507
1,2019-04-01,2019-04-01,2019-05-01,ok,Z:\SPART-WORK\Data\Voyager\voyager1\mag\48s\reviewed_vim\2019\voyager1_48s_mag-vim_20190101_v01.cdf,13347,,0,Z:\SPART-WORK\Data\Voyager\voyager1\coho\1hr\l2\merged_mag_plasma\2019\04\voyager1_coho1hr_merged_mag_plasma_20190401_v01.cdf,0,3,671,15,90,C:\Users\Administrator\Documents\FWD_matlab\Voyager_fu\Voyager_Interstellar_Monthly\monthly_plots\Voyager1\2019\Voyager1_VLISM_2019-04.png,,161476,0,14629
1,2019-05-01,2019-05-01,2019-06-01,ok,Z:\SPART-WORK\Data\Voyager\voyager1\mag\48s\reviewed_vim\2019\voyager1_48s_mag-vim_20190101_v01.cdf,15464,,0,Z:\SPART-WORK\Data\Voyager\voyager1\coho\1hr\l2\merged_mag_plasma\2019\05\voyager1_coho1hr_merged_mag_plasma_20190501_v01.cdf,0,3,832,15,0,C:\Users\Administrator\Documents\FWD_matlab\Voyager_fu\Voyager_Interstellar_Monthly\monthly_plots\Voyager1\2019\Voyager1_VLISM_2019-05.png,,158456,0,3680
1,2019-06-01,2019-06-01,2019-07-01,ok,Z:\SPART-WORK\Data\Voyager\voyager1\mag\48s\reviewed_vim\2019\voyager1_48s_mag-vim_20190101_v01.cdf,6651,,0,Z:\SPART-WORK\Data\Voyager\voyager1\coho\1hr\l2\merged_mag_plasma\2019\06\voyager1_coho1hr_merged_mag_plasma_20190601_v01.cdf,0,3,449,15,0,C:\Users\Administrator\Documents\FWD_matlab\Voyager_fu\Voyager_Interstellar_Monthly\monthly_plots\Voyager1\2019\Voyager1_VLISM_2019-06.png,,186872,0,4481
1,2019-07-01,2019-07-01,2019-08-01,ok,Z:\SPART-WORK\Data\Voyager\voyager1\mag\48s\reviewed_vim\2019\voyager1_48s_mag-vim_20190101_v01.cdf,9399,,0,Z:\SPART-WORK\Data\Voyager\voyager1\coho\1hr\l2\merged_mag_plasma\2019\07\voyager1_coho1hr_merged_mag_plasma_20190701_v01.cdf,0,3,478,15,0,C:\Users\Administrator\Documents\FWD_matlab\Voyager_fu\Voyager_Interstellar_Monthly\monthly_plots\Voyager1\2019\Voyager1_VLISM_2019-07.png,,184500,0,4639
1,2019-08-01,2019-08-01,2019-09-01,ok,Z:\SPART-WORK\Data\Voyager\voyager1\mag\48s\reviewed_vim\2019\voyager1_48s_mag-vim_20190101_v01.cdf,9048,,0,Z:\SPART-WORK\Data\Voyager\voyager1\coho\1hr\l2\merged_mag_plasma\2019\08\voyager1_coho1hr_merged_mag_plasma_20190801_v01.cdf,0,3,448,15,0,C:\Users\Administrator\Documents\FWD_matlab\Voyager_fu\Voyager_Interstellar_Monthly\monthly_plots\Voyager1\2019\Voyager1_VLISM_2019-08.png,,185832,0,4709
1,2019-09-01,2019-09-01,2019-10-01,ok,Z:\SPART-WORK\Data\Voyager\voyager1\mag\48s\reviewed_vim\2019\voyager1_48s_mag-vim_20190101_v01.cdf,11425,,0,Z:\SPART-WORK\Data\Voyager\voyager1\coho\1hr\l2\merged_mag_plasma\2019\09\voyager1_coho1hr_merged_mag_plasma_20190901_v01.cdf,0,3,558,15,0,C:\Users\Administrator\Documents\FWD_matlab\Voyager_fu\Voyager_Interstellar_Monthly\monthly_plots\Voyager1\2019\Voyager1_VLISM_2019-09.png,,169400,0,4242
1,2019-10-01,2019-10-01,2019-11-01,ok,Z:\SPART-WORK\Data\Voyager\voyager1\mag\48s\reviewed_vim\2019\voyager1_48s_mag-vim_20190101_v01.cdf,10058,,0,Z:\SPART-WORK\Data\Voyager\voyager1\coho\1hr\l2\merged_mag_plasma\2019\10\voyager1_coho1hr_merged_mag_plasma_20191001_v01.cdf,0,3,507,15,0,C:\Users\Administrator\Documents\FWD_matlab\Voyager_fu\Voyager_Interstellar_Monthly\monthly_plots\Voyager1\2019\Voyager1_VLISM_2019-10.png,,182128,0,4555
1,2019-11-01,2019-11-01,2019-12-01,ok,Z:\SPART-WORK\Data\Voyager\voyager1\mag\48s\reviewed_vim\2019\voyager1_48s_mag-vim_20190101_v01.cdf,8340,,0,Z:\SPART-WORK\Data\Voyager\voyager1\coho\1hr\l2\merged_mag_plasma\2019\11\voyager1_coho1hr_merged_mag_plasma_20191101_v01.cdf,0,3,435,15,0,C:\Users\Administrator\Documents\FWD_matlab\Voyager_fu\Voyager_Interstellar_Monthly\monthly_plots\Voyager1\2019\Voyager1_VLISM_2019-11.png,,181680,0,4555
1,2019-12-01,2019-12-01,2020-01-01,ok,Z:\SPART-WORK\Data\Voyager\voyager1\mag\48s\reviewed_vim\2019\voyager1_48s_mag-vim_20190101_v01.cdf,9413,,0,Z:\SPART-WORK\Data\Voyager\voyager1\coho\1hr\l2\merged_mag_plasma\2019\12\voyager1_coho1hr_merged_mag_plasma_20191201_v01.cdf,0,3,469,15,0,C:\Users\Administrator\Documents\FWD_matlab\Voyager_fu\Voyager_Interstellar_Monthly\monthly_plots\Voyager1\2019\Voyager1_VLISM_2019-12.png,,184640,0,4654
1,2020-01-01,2020-01-01,2020-02-01,ok,Z:\SPART-WORK\Data\Voyager\voyager1\mag\48s\reviewed_vim\2020\voyager1_48s_mag-vim_20200101_v01.cdf,9901,,0,Z:\SPART-WORK\Data\Voyager\voyager1\coho\1hr\l2\merged_mag_plasma\2020\01\voyager1_coho1hr_merged_mag_plasma_20200101_v01.cdf,0,3,492,15,5040,C:\Users\Administrator\Documents\FWD_matlab\Voyager_fu\Voyager_Interstellar_Monthly\monthly_plots\Voyager1\2020\Voyager1_VLISM_2020-01.png,,182760,0,10700
1,2020-02-01,2020-02-01,2020-03-01,ok,Z:\SPART-WORK\Data\Voyager\voyager1\mag\48s\reviewed_vim\2020\voyager1_48s_mag-vim_20200101_v01.cdf,12818,,0,Z:\SPART-WORK\Data\Voyager\voyager1\coho\1hr\l2\merged_mag_plasma\2020\02\voyager1_coho1hr_merged_mag_plasma_20200201_v01.cdf,0,3,649,15,6390,C:\Users\Administrator\Documents\FWD_matlab\Voyager_fu\Voyager_Interstellar_Monthly\monthly_plots\Voyager1\2020\Voyager1_VLISM_2020-02.png,,156400,0,7829
1,2020-03-01,2020-03-01,2020-04-01,ok,Z:\SPART-WORK\Data\Voyager\voyager1\mag\48s\reviewed_vim\2020\voyager1_48s_mag-vim_20200101_v01.cdf,15333,,0,Z:\SPART-WORK\Data\Voyager\voyager1\coho\1hr\l2\merged_mag_plasma\2020\03\voyager1_coho1hr_merged_mag_plasma_20200301_v01.cdf,0,3,762,15,8010,C:\Users\Administrator\Documents\FWD_matlab\Voyager_fu\Voyager_Interstellar_Monthly\monthly_plots\Voyager1\2020\Voyager1_VLISM_2020-03.png,,160528,0,6985
1,2020-04-01,2020-04-01,2020-05-01,ok,Z:\SPART-WORK\Data\Voyager\voyager1\mag\48s\reviewed_vim\2020\voyager1_48s_mag-vim_20200101_v01.cdf,14646,,0,Z:\SPART-WORK\Data\Voyager\voyager1\coho\1hr\l2\merged_mag_plasma\2020\04\voyager1_coho1hr_merged_mag_plasma_20200401_v01.cdf,0,3,737,15,6750,C:\Users\Administrator\Documents\FWD_matlab\Voyager_fu\Voyager_Interstellar_Monthly\monthly_plots\Voyager1\2020\Voyager1_VLISM_2020-04.png,,155956,0,7778
1,2020-05-01,2020-05-01,2020-06-01,ok,Z:\SPART-WORK\Data\Voyager\voyager1\mag\48s\reviewed_vim\2020\voyager1_48s_mag-vim_20200101_v01.cdf,15417,,0,Z:\SPART-WORK\Data\Voyager\voyager1\coho\1hr\l2\merged_mag_plasma\2020\05\voyager1_coho1hr_merged_mag_plasma_20200501_v01.cdf,0,3,764,15,5670,C:\Users\Administrator\Documents\FWD_matlab\Voyager_fu\Voyager_Interstellar_Monthly\monthly_plots\Voyager1\2020\Voyager1_VLISM_2020-05.png,,160328,0,9368
1,2020-06-01,2020-06-01,2020-07-01,ok,Z:\SPART-WORK\Data\Voyager\voyager1\mag\48s\reviewed_vim\2020\voyager1_48s_mag-vim_20200101_v01.cdf,17095,,0,Z:\SPART-WORK\Data\Voyager\voyager1\coho\1hr\l2\merged_mag_plasma\2020\06\voyager1_coho1hr_merged_mag_plasma_20200601_v01.cdf,0,3,806,15,6930,C:\Users\Administrator\Documents\FWD_matlab\Voyager_fu\Voyager_Interstellar_Monthly\monthly_plots\Voyager1\2020\Voyager1_VLISM_2020-06.png,,146612,0,7464
1,2020-07-01,2020-07-01,2020-08-01,ok,Z:\SPART-WORK\Data\Voyager\voyager1\mag\48s\reviewed_vim\2020\voyager1_48s_mag-vim_20200101_v01.cdf,16836,,0,Z:\SPART-WORK\Data\Voyager\voyager1\coho\1hr\l2\merged_mag_plasma\2020\07\voyager1_coho1hr_merged_mag_plasma_20200701_v01.cdf,0,3,819,15,6660,C:\Users\Administrator\Documents\FWD_matlab\Voyager_fu\Voyager_Interstellar_Monthly\monthly_plots\Voyager1\2020\Voyager1_VLISM_2020-07.png,,154720,0,8238
1,2020-08-01,2020-08-01,2020-09-01,ok,Z:\SPART-WORK\Data\Voyager\voyager1\mag\48s\reviewed_vim\2020\voyager1_48s_mag-vim_20200101_v01.cdf,14570,,0,Z:\SPART-WORK\Data\Voyager\voyager1\coho\1hr\l2\merged_mag_plasma\2020\08\voyager1_coho1hr_merged_mag_plasma_20200801_v01.cdf,0,3,693,15,5850,C:\Users\Administrator\Documents\FWD_matlab\Voyager_fu\Voyager_Interstellar_Monthly\monthly_plots\Voyager1\2020\Voyager1_VLISM_2020-08.png,,163960,0,9359
1,2020-09-01,2020-09-01,2020-10-01,ok,Z:\SPART-WORK\Data\Voyager\voyager1\mag\48s\reviewed_vim\2020\voyager1_48s_mag-vim_20200101_v01.cdf,12254,,0,Z:\SPART-WORK\Data\Voyager\voyager1\coho\1hr\l2\merged_mag_plasma\2020\09\voyager1_coho1hr_merged_mag_plasma_20200901_v01.cdf,0,3,587,15,6390,C:\Users\Administrator\Documents\FWD_matlab\Voyager_fu\Voyager_Interstellar_Monthly\monthly_plots\Voyager1\2020\Voyager1_VLISM_2020-09.png,,166048,0,8563
1,2020-10-01,2020-10-01,2020-11-01,ok,Z:\SPART-WORK\Data\Voyager\voyager1\mag\48s\reviewed_vim\2020\voyager1_48s_mag-vim_20200101_v01.cdf,11807,,0,Z:\SPART-WORK\Data\Voyager\voyager1\coho\1hr\l2\merged_mag_plasma\2020\10\voyager1_coho1hr_merged_mag_plasma_20201001_v01.cdf,0,3,617,15,5760,C:\Users\Administrator\Documents\FWD_matlab\Voyager_fu\Voyager_Interstellar_Monthly\monthly_plots\Voyager1\2020\Voyager1_VLISM_2020-10.png,,174940,0,9690
1,2020-11-01,2020-11-01,2020-12-01,ok,Z:\SPART-WORK\Data\Voyager\voyager1\mag\48s\reviewed_vim\2020\voyager1_48s_mag-vim_20200101_v01.cdf,11597,,0,Z:\SPART-WORK\Data\Voyager\voyager1\coho\1hr\l2\merged_mag_plasma\2020\11\voyager1_coho1hr_merged_mag_plasma_20201101_v01.cdf,0,3,591,15,6300,C:\Users\Administrator\Documents\FWD_matlab\Voyager_fu\Voyager_Interstellar_Monthly\monthly_plots\Voyager1\2020\Voyager1_VLISM_2020-11.png,,168520,0,8649
1,2020-12-01,2020-12-01,2021-01-01,ok,Z:\SPART-WORK\Data\Voyager\voyager1\mag\48s\reviewed_vim\2020\voyager1_48s_mag-vim_20200101_v01.cdf,12805,,0,Z:\SPART-WORK\Data\Voyager\voyager1\coho\1hr\l2\merged_mag_plasma\2020\12\voyager1_coho1hr_merged_mag_plasma_20201201_v01.cdf,0,3,688,15,7380,C:\Users\Administrator\Documents\FWD_matlab\Voyager_fu\Voyager_Interstellar_Monthly\monthly_plots\Voyager1\2020\Voyager1_VLISM_2020-12.png,,170776,0,7899
1,2021-01-01,2021-01-01,2021-02-01,ok,Z:\SPART-WORK\Data\Voyager\voyager1\mag\48s\reviewed_vim\2021\voyager1_48s_mag-vim_20210101_v01.cdf,2754,,0,Z:\SPART-WORK\Data\Voyager\voyager1\coho\1hr\l2\merged_mag_plasma\2021\01\voyager1_coho1hr_merged_mag_plasma_20210101_v01.cdf,0,3,535,15,4950,C:\Users\Administrator\Documents\FWD_matlab\Voyager_fu\Voyager_Interstellar_Monthly\monthly_plots\Voyager1\2021\Voyager1_VLISM_2021-01.png,,211984,0,11382
1,2021-02-01,2021-02-01,2021-03-01,ok,Z:\SPART-WORK\Data\Voyager\voyager1\mag\48s\reviewed_vim\2021\voyager1_48s_mag-vim_20210101_v01.cdf,13411,,0,Z:\SPART-WORK\Data\Voyager\voyager1\coho\1hr\l2\merged_mag_plasma\2021\02\voyager1_coho1hr_merged_mag_plasma_20210201_v01.cdf,0,3,687,15,6750,C:\Users\Administrator\Documents\FWD_matlab\Voyager_fu\Voyager_Interstellar_Monthly\monthly_plots\Voyager1\2021\Voyager1_VLISM_2021-02.png,,146764,0,6809
1,2021-03-01,2021-03-01,2021-04-01,ok,Z:\SPART-WORK\Data\Voyager\voyager1\mag\48s\reviewed_vim\2021\voyager1_48s_mag-vim_20210101_v01.cdf,14014,,0,Z:\SPART-WORK\Data\Voyager\voyager1\coho\1hr\l2\merged_mag_plasma\2021\03\voyager1_coho1hr_merged_mag_plasma_20210301_v01.cdf,0,3,686,15,6930,C:\Users\Administrator\Documents\FWD_matlab\Voyager_fu\Voyager_Interstellar_Monthly\monthly_plots\Voyager1\2021\Voyager1_VLISM_2021-03.png,,166004,0,8311
1,2021-04-01,2021-04-01,2021-05-01,ok,Z:\SPART-WORK\Data\Voyager\voyager1\mag\48s\reviewed_vim\2021\voyager1_48s_mag-vim_20210101_v01.cdf,12731,,0,Z:\SPART-WORK\Data\Voyager\voyager1\coho\1hr\l2\merged_mag_plasma\2021\04\voyager1_coho1hr_merged_mag_plasma_20210401_v01.cdf,0,3,638,15,6030,C:\Users\Administrator\Documents\FWD_matlab\Voyager_fu\Voyager_Interstellar_Monthly\monthly_plots\Voyager1\2021\Voyager1_VLISM_2021-04.png,,163880,0,8802
1,2021-05-01,2021-05-01,2021-06-01,ok,Z:\SPART-WORK\Data\Voyager\voyager1\mag\48s\reviewed_vim\2021\voyager1_48s_mag-vim_20210101_v01.cdf,17726,,0,Z:\SPART-WORK\Data\Voyager\voyager1\coho\1hr\l2\merged_mag_plasma\2021\05\voyager1_coho1hr_merged_mag_plasma_20210501_v01.cdf,0,3,733,15,7290,C:\Users\Administrator\Documents\FWD_matlab\Voyager_fu\Voyager_Interstellar_Monthly\monthly_plots\Voyager1\2021\Voyager1_VLISM_2021-05.png,,150772,0,7589
1,2021-06-01,2021-06-01,2021-07-01,ok,Z:\SPART-WORK\Data\Voyager\voyager1\mag\48s\reviewed_vim\2021\voyager1_48s_mag-vim_20210101_v01.cdf,15205,,0,Z:\SPART-WORK\Data\Voyager\voyager1\coho\1hr\l2\merged_mag_plasma\2021\06\voyager1_coho1hr_merged_mag_plasma_20210601_v01.cdf,0,3,484,15,6300,C:\Users\Administrator\Documents\FWD_matlab\Voyager_fu\Voyager_Interstellar_Monthly\monthly_plots\Voyager1\2021\Voyager1_VLISM_2021-06.png,,154040,0,7796
1,2021-07-01,2021-07-01,2021-08-01,ok,Z:\SPART-WORK\Data\Voyager\voyager1\mag\48s\reviewed_vim\2021\voyager1_48s_mag-vim_20210101_v01.cdf,15844,,0,Z:\SPART-WORK\Data\Voyager\voyager1\coho\1hr\l2\merged_mag_plasma\2021\07\voyager1_coho1hr_merged_mag_plasma_20210701_v01.cdf,0,3,503,15,6210,C:\Users\Administrator\Documents\FWD_matlab\Voyager_fu\Voyager_Interstellar_Monthly\monthly_plots\Voyager1\2021\Voyager1_VLISM_2021-07.png,,158808,0,8375
1,2021-08-01,2021-08-01,2021-09-01,ok,Z:\SPART-WORK\Data\Voyager\voyager1\mag\48s\reviewed_vim\2021\voyager1_48s_mag-vim_20210101_v01.cdf,12801,,0,Z:\SPART-WORK\Data\Voyager\voyager1\coho\1hr\l2\merged_mag_plasma\2021\08\voyager1_coho1hr_merged_mag_plasma_20210801_v01.cdf,0,3,433,15,5850,C:\Users\Administrator\Documents\FWD_matlab\Voyager_fu\Voyager_Interstellar_Monthly\monthly_plots\Voyager1\2021\Voyager1_VLISM_2021-08.png,,170876,0,8970
1,2021-09-01,2021-09-01,2021-10-01,ok,Z:\SPART-WORK\Data\Voyager\voyager1\mag\48s\reviewed_vim\2021\voyager1_48s_mag-vim_20210101_v01.cdf,13809,,0,Z:\SPART-WORK\Data\Voyager\voyager1\coho\1hr\l2\merged_mag_plasma\2021\09\voyager1_coho1hr_merged_mag_plasma_20210901_v01.cdf,0,3,438,15,6210,C:\Users\Administrator\Documents\FWD_matlab\Voyager_fu\Voyager_Interstellar_Monthly\monthly_plots\Voyager1\2021\Voyager1_VLISM_2021-09.png,,159836,0,8057
1,2021-10-01,2021-10-01,2021-11-01,ok,Z:\SPART-WORK\Data\Voyager\voyager1\mag\48s\reviewed_vim\2021\voyager1_48s_mag-vim_20210101_v01.cdf,12866,,0,Z:\SPART-WORK\Data\Voyager\voyager1\coho\1hr\l2\merged_mag_plasma\2021\10\voyager1_coho1hr_merged_mag_plasma_20211001_v01.cdf,0,3,359,15,5670,C:\Users\Administrator\Documents\FWD_matlab\Voyager_fu\Voyager_Interstellar_Monthly\monthly_plots\Voyager1\2021\Voyager1_VLISM_2021-10.png,,170748,0,9279
1,2021-11-01,2021-11-01,2021-12-01,ok,Z:\SPART-WORK\Data\Voyager\voyager1\mag\48s\reviewed_vim\2021\voyager1_48s_mag-vim_20210101_v01.cdf,11437,,0,Z:\SPART-WORK\Data\Voyager\voyager1\coho\1hr\l2\merged_mag_plasma\2021\11\voyager1_coho1hr_merged_mag_plasma_20211101_v01.cdf,0,3,268,15,5490,C:\Users\Administrator\Documents\FWD_matlab\Voyager_fu\Voyager_Interstellar_Monthly\monthly_plots\Voyager1\2021\Voyager1_VLISM_2021-11.png,,169284,0,9092
1,2021-12-01,2021-12-01,2022-01-01,ok,Z:\SPART-WORK\Data\Voyager\voyager1\mag\48s\reviewed_vim\2021\voyager1_48s_mag-vim_20210101_v01.cdf,6761,,0,Z:\SPART-WORK\Data\Voyager\voyager1\coho\1hr\l2\merged_mag_plasma\2021\12\voyager1_coho1hr_merged_mag_plasma_20211201_v01.cdf,0,3,351,15,6300,C:\Users\Administrator\Documents\FWD_matlab\Voyager_fu\Voyager_Interstellar_Monthly\monthly_plots\Voyager1\2021\Voyager1_VLISM_2021-12.png,,195296,0,9107
1,2022-01-01,2022-01-01,2022-02-01,ok,Z:\SPART-WORK\Data\Voyager\voyager1\mag\48s\reviewed_vim\2022\voyager1_48s_mag-vim_20220101_v01.cdf,11708,,0,Z:\SPART-WORK\Data\Voyager\voyager1\coho\1hr\l2\merged_mag_plasma\2022\01\voyager1_coho1hr_merged_mag_plasma_20220101_v01.cdf,0,3,298,15,4320,C:\Users\Administrator\Documents\FWD_matlab\Voyager_fu\Voyager_Interstellar_Monthly\monthly_plots\Voyager1\2022\Voyager1_VLISM_2022-01.png,,175532,0,10770
1,2022-02-01,2022-02-01,2022-03-01,ok,Z:\SPART-WORK\Data\Voyager\voyager1\mag\48s\reviewed_vim\2022\voyager1_48s_mag-vim_20220101_v01.cdf,16245,,0,Z:\SPART-WORK\Data\Voyager\voyager1\coho\1hr\l2\merged_mag_plasma\2022\02\voyager1_coho1hr_merged_mag_plasma_20220201_v01.cdf,0,3,516,15,7380,C:\Users\Administrator\Documents\FWD_matlab\Voyager_fu\Voyager_Interstellar_Monthly\monthly_plots\Voyager1\2022\Voyager1_VLISM_2022-02.png,,135472,0,5523
1,2022-03-01,2022-03-01,2022-04-01,ok,Z:\SPART-WORK\Data\Voyager\voyager1\mag\48s\reviewed_vim\2022\voyager1_48s_mag-vim_20220101_v01.cdf,16444,,0,Z:\SPART-WORK\Data\Voyager\voyager1\coho\1hr\l2\merged_mag_plasma\2022\03\voyager1_coho1hr_merged_mag_plasma_20220301_v01.cdf,0,3,542,15,7470,C:\Users\Administrator\Documents\FWD_matlab\Voyager_fu\Voyager_Interstellar_Monthly\monthly_plots\Voyager1\2022\Voyager1_VLISM_2022-03.png,,155912,0,6931
1,2022-04-01,2022-04-01,2022-05-01,ok,Z:\SPART-WORK\Data\Voyager\voyager1\mag\48s\reviewed_vim\2022\voyager1_48s_mag-vim_20220101_v01.cdf,17119,,0,Z:\SPART-WORK\Data\Voyager\voyager1\coho\1hr\l2\merged_mag_plasma\2022\04\voyager1_coho1hr_merged_mag_plasma_20220401_v01.cdf,0,3,562,15,0,C:\Users\Administrator\Documents\FWD_matlab\Voyager_fu\Voyager_Interstellar_Monthly\monthly_plots\Voyager1\2022\Voyager1_VLISM_2022-04.png,,146128,0,3023
1,2022-05-01,2022-05-01,2022-06-01,ok,Z:\SPART-WORK\Data\Voyager\voyager1\mag\48s\reviewed_vim\2022\voyager1_48s_mag-vim_20220101_v01.cdf,15830,,0,Z:\SPART-WORK\Data\Voyager\voyager1\coho\1hr\l2\merged_mag_plasma\2022\05\voyager1_coho1hr_merged_mag_plasma_20220501_v01.cdf,0,3,510,15,0,C:\Users\Administrator\Documents\FWD_matlab\Voyager_fu\Voyager_Interstellar_Monthly\monthly_plots\Voyager1\2022\Voyager1_VLISM_2022-05.png,,158828,0,3388
1,2022-06-01,2022-06-01,2022-07-01,ok,Z:\SPART-WORK\Data\Voyager\voyager1\mag\48s\reviewed_vim\2022\voyager1_48s_mag-vim_20220101_v01.cdf,27818,,0,Z:\SPART-WORK\Data\Voyager\voyager1\coho\1hr\l2\merged_mag_plasma\2022\06\voyager1_coho1hr_merged_mag_plasma_20220601_v01.cdf,0,3,828,15,0,C:\Users\Administrator\Documents\FWD_matlab\Voyager_fu\Voyager_Interstellar_Monthly\monthly_plots\Voyager1\2022\Voyager1_VLISM_2022-06.png,,103344,0,2097
1,2022-07-01,2022-07-01,2022-08-01,ok,Z:\SPART-WORK\Data\Voyager\voyager1\mag\48s\reviewed_vim\2022\voyager1_48s_mag-vim_20220101_v01.cdf,25489,,0,Z:\SPART-WORK\Data\Voyager\voyager1\coho\1hr\l2\merged_mag_plasma\2022\07\voyager1_coho1hr_merged_mag_plasma_20220701_v01.cdf,0,3,750,15,0,C:\Users\Administrator\Documents\FWD_matlab\Voyager_fu\Voyager_Interstellar_Monthly\monthly_plots\Voyager1\2022\Voyager1_VLISM_2022-07.png,,120092,0,2523
1,2022-08-01,2022-08-01,2022-09-01,ok,Z:\SPART-WORK\Data\Voyager\voyager1\mag\48s\reviewed_vim\2022\voyager1_48s_mag-vim_20220101_v01.cdf,15760,,0,Z:\SPART-WORK\Data\Voyager\voyager1\coho\1hr\l2\merged_mag_plasma\2022\08\voyager1_coho1hr_merged_mag_plasma_20220801_v01.cdf,0,3,488,15,0,C:\Users\Administrator\Documents\FWD_matlab\Voyager_fu\Voyager_Interstellar_Monthly\monthly_plots\Voyager1\2022\Voyager1_VLISM_2022-08.png,,159260,0,3480
1,2022-09-01,2022-09-01,2022-10-01,ok,Z:\SPART-WORK\Data\Voyager\voyager1\mag\48s\reviewed_vim\2022\voyager1_48s_mag-vim_20220101_v01.cdf,22961,,0,Z:\SPART-WORK\Data\Voyager\voyager1\coho\1hr\l2\merged_mag_plasma\2022\09\voyager1_coho1hr_merged_mag_plasma_20220901_v01.cdf,0,3,697,15,0,C:\Users\Administrator\Documents\FWD_matlab\Voyager_fu\Voyager_Interstellar_Monthly\monthly_plots\Voyager1\2022\Voyager1_VLISM_2022-09.png,,122884,0,2548
1,2022-10-01,2022-10-01,2022-11-01,ok,Z:\SPART-WORK\Data\Voyager\voyager1\mag\48s\reviewed_vim\2022\voyager1_48s_mag-vim_20220101_v01.cdf,24899,,0,Z:\SPART-WORK\Data\Voyager\voyager1\coho\1hr\l2\merged_mag_plasma\2022\10\voyager1_coho1hr_merged_mag_plasma_20221001_v01.cdf,0,3,758,15,0,C:\Users\Administrator\Documents\FWD_matlab\Voyager_fu\Voyager_Interstellar_Monthly\monthly_plots\Voyager1\2022\Voyager1_VLISM_2022-10.png,,121892,0,2440
1,2022-11-01,2022-11-01,2022-12-01,ok,Z:\SPART-WORK\Data\Voyager\voyager1\mag\48s\reviewed_vim\2022\voyager1_48s_mag-vim_20220101_v01.cdf,18735,,0,Z:\SPART-WORK\Data\Voyager\voyager1\coho\1hr\l2\merged_mag_plasma\2022\11\voyager1_coho1hr_merged_mag_plasma_20221101_v01.cdf,0,3,594,15,0,C:\Users\Administrator\Documents\FWD_matlab\Voyager_fu\Voyager_Interstellar_Monthly\monthly_plots\Voyager1\2022\Voyager1_VLISM_2022-11.png,,139712,0,2906
1,2022-12-01,2022-12-01,2023-01-01,ok,Z:\SPART-WORK\Data\Voyager\voyager1\mag\48s\reviewed_vim\2022\voyager1_48s_mag-vim_20220101_v01.cdf,20838,,0,Z:\SPART-WORK\Data\Voyager\voyager1\coho\1hr\l2\merged_mag_plasma\2022\12\voyager1_coho1hr_merged_mag_plasma_20221201_v01.cdf,0,3,648,15,0,C:\Users\Administrator\Documents\FWD_matlab\Voyager_fu\Voyager_Interstellar_Monthly\monthly_plots\Voyager1\2022\Voyager1_VLISM_2022-12.png,,138408,0,2906
1,2023-01-01,2023-01-01,2023-02-01,ok,Z:\SPART-WORK\Data\Voyager\voyager1\mag\48s\reviewed_vim\2023\voyager1_48s_mag-vim_20230101_v01.cdf,26757,,0,Z:\SPART-WORK\Data\Voyager\voyager1\coho\1hr\l2\merged_mag_plasma\2023\01\voyager1_coho1hr_merged_mag_plasma_20230101_v01.cdf,0,3,694,15,0,C:\Users\Administrator\Documents\FWD_matlab\Voyager_fu\Voyager_Interstellar_Monthly\monthly_plots\Voyager1\2023\Voyager1_VLISM_2023-01.png,,114852,0,2429
1,2023-02-01,2023-02-01,2023-03-01,ok,Z:\SPART-WORK\Data\Voyager\voyager1\mag\48s\reviewed_vim\2023\voyager1_48s_mag-vim_20230101_v01.cdf,20288,,0,Z:\SPART-WORK\Data\Voyager\voyager1\coho\1hr\l2\merged_mag_plasma\2023\02\voyager1_coho1hr_merged_mag_plasma_20230201_v01.cdf,0,3,619,15,0,C:\Users\Administrator\Documents\FWD_matlab\Voyager_fu\Voyager_Interstellar_Monthly\monthly_plots\Voyager1\2023\Voyager1_VLISM_2023-02.png,,119496,0,2505
1,2023-03-01,2023-03-01,2023-04-01,ok,Z:\SPART-WORK\Data\Voyager\voyager1\mag\48s\reviewed_vim\2023\voyager1_48s_mag-vim_20230101_v01.cdf,16043,,0,Z:\SPART-WORK\Data\Voyager\voyager1\coho\1hr\l2\merged_mag_plasma\2023\03\voyager1_coho1hr_merged_mag_plasma_20230301_v01.cdf,0,3,512,15,0,C:\Users\Administrator\Documents\FWD_matlab\Voyager_fu\Voyager_Interstellar_Monthly\monthly_plots\Voyager1\2023\Voyager1_VLISM_2023-03.png,,157876,0,3362
1,2023-04-01,2023-04-01,2023-05-01,ok,Z:\SPART-WORK\Data\Voyager\voyager1\mag\48s\reviewed_vim\2023\voyager1_48s_mag-vim_20230101_v01.cdf,17181,,0,Z:\SPART-WORK\Data\Voyager\voyager1\coho\1hr\l2\merged_mag_plasma\2023\04\voyager1_coho1hr_merged_mag_plasma_20230401_v01.cdf,0,3,538,15,0,C:\Users\Administrator\Documents\FWD_matlab\Voyager_fu\Voyager_Interstellar_Monthly\monthly_plots\Voyager1\2023\Voyager1_VLISM_2023-04.png,,146384,0,3117
1,2023-05-01,2023-05-01,2023-06-01,ok,Z:\SPART-WORK\Data\Voyager\voyager1\mag\48s\reviewed_vim\2023\voyager1_48s_mag-vim_20230101_v01.cdf,20201,,0,Z:\SPART-WORK\Data\Voyager\voyager1\coho\1hr\l2\merged_mag_plasma\2023\05\voyager1_coho1hr_merged_mag_plasma_20230501_v01.cdf,0,3,613,15,0,C:\Users\Administrator\Documents\FWD_matlab\Voyager_fu\Voyager_Interstellar_Monthly\monthly_plots\Voyager1\2023\Voyager1_VLISM_2023-05.png,,141256,0,2996
1,2023-06-01,2023-06-01,2023-07-01,ok,Z:\SPART-WORK\Data\Voyager\voyager1\mag\48s\reviewed_vim\2023\voyager1_48s_mag-vim_20230101_v01.cdf,14903,,0,Z:\SPART-WORK\Data\Voyager\voyager1\coho\1hr\l2\merged_mag_plasma\2023\06\voyager1_coho1hr_merged_mag_plasma_20230601_v01.cdf,0,3,470,15,0,C:\Users\Administrator\Documents\FWD_matlab\Voyager_fu\Voyager_Interstellar_Monthly\monthly_plots\Voyager1\2023\Voyager1_VLISM_2023-06.png,,155236,0,3325
1,2023-07-01,2023-07-01,2023-08-01,ok,Z:\SPART-WORK\Data\Voyager\voyager1\mag\48s\reviewed_vim\2023\voyager1_48s_mag-vim_20230101_v01.cdf,14415,,0,Z:\SPART-WORK\Data\Voyager\voyager1\coho\1hr\l2\merged_mag_plasma\2023\07\voyager1_coho1hr_merged_mag_plasma_20230701_v01.cdf,0,3,456,15,0,C:\Users\Administrator\Documents\FWD_matlab\Voyager_fu\Voyager_Interstellar_Monthly\monthly_plots\Voyager1\2023\Voyager1_VLISM_2023-07.png,,164620,0,3562
1,2023-08-01,2023-08-01,2023-09-01,ok,Z:\SPART-WORK\Data\Voyager\voyager1\mag\48s\reviewed_vim\2023\voyager1_48s_mag-vim_20230101_v01.cdf,21090,,0,Z:\SPART-WORK\Data\Voyager\voyager1\coho\1hr\l2\merged_mag_plasma\2023\08\voyager1_coho1hr_merged_mag_plasma_20230801_v01.cdf,0,3,636,15,0,C:\Users\Administrator\Documents\FWD_matlab\Voyager_fu\Voyager_Interstellar_Monthly\monthly_plots\Voyager1\2023\Voyager1_VLISM_2023-08.png,,137776,0,2932
1,2023-09-01,2023-09-01,2023-10-01,ok,Z:\SPART-WORK\Data\Voyager\voyager1\mag\48s\reviewed_vim\2023\voyager1_48s_mag-vim_20230101_v01.cdf,15118,,0,Z:\SPART-WORK\Data\Voyager\voyager1\coho\1hr\l2\merged_mag_plasma\2023\09\voyager1_coho1hr_merged_mag_plasma_20230901_v01.cdf,0,3,101,15,0,C:\Users\Administrator\Documents\FWD_matlab\Voyager_fu\Voyager_Interstellar_Monthly\monthly_plots\Voyager1\2023\Voyager1_VLISM_2023-09.png,,154444,0,3959
1,2023-10-01,2023-10-01,2023-11-01,ok,Z:\SPART-WORK\Data\Voyager\voyager1\mag\48s\reviewed_vim\2023\voyager1_48s_mag-vim_20230101_v01.cdf,0,,0,,0,0,0,0,0,C:\Users\Administrator\Documents\FWD_matlab\Voyager_fu\Voyager_Interstellar_Monthly\monthly_plots\Voyager1\2023\Voyager1_VLISM_2023-10.png,,0,0,0
1,2023-11-01,2023-11-01,2023-12-01,ok,Z:\SPART-WORK\Data\Voyager\voyager1\mag\48s\reviewed_vim\2023\voyager1_48s_mag-vim_20230101_v01.cdf,0,,0,,0,0,0,0,0,C:\Users\Administrator\Documents\FWD_matlab\Voyager_fu\Voyager_Interstellar_Monthly\monthly_plots\Voyager1\2023\Voyager1_VLISM_2023-11.png,,0,0,0
1,2023-12-01,2023-12-01,2024-01-01,ok,Z:\SPART-WORK\Data\Voyager\voyager1\mag\48s\reviewed_vim\2023\voyager1_48s_mag-vim_20230101_v01.cdf,0,,0,,0,0,0,0,0,C:\Users\Administrator\Documents\FWD_matlab\Voyager_fu\Voyager_Interstellar_Monthly\monthly_plots\Voyager1\2023\Voyager1_VLISM_2023-12.png,,0,0,0
1,2024-01-01,2024-01-01,2024-02-01,ok,Z:\SPART-WORK\Data\Voyager\voyager1\mag\48s\reviewed_vim\2024\voyager1_48s_mag-vim_20240530_v01.cdf,0,,0,Z:\SPART-WORK\Data\Voyager\voyager1\coho\1hr\l2\merged_mag_plasma\2024\01\voyager1_coho1hr_merged_mag_plasma_20240101_v01.cdf,0,3,0,15,0,C:\Users\Administrator\Documents\FWD_matlab\Voyager_fu\Voyager_Interstellar_Monthly\monthly_plots\Voyager1\2024\Voyager1_VLISM_2024-01.png,,0,0,0
1,2024-02-01,2024-02-01,2024-03-01,ok,Z:\SPART-WORK\Data\Voyager\voyager1\mag\48s\reviewed_vim\2024\voyager1_48s_mag-vim_20240530_v01.cdf,0,,0,Z:\SPART-WORK\Data\Voyager\voyager1\coho\1hr\l2\merged_mag_plasma\2024\02\voyager1_coho1hr_merged_mag_plasma_20240201_v01.cdf,0,3,0,15,0,C:\Users\Administrator\Documents\FWD_matlab\Voyager_fu\Voyager_Interstellar_Monthly\monthly_plots\Voyager1\2024\Voyager1_VLISM_2024-02.png,,0,0,0
1,2024-03-01,2024-03-01,2024-04-01,ok,Z:\SPART-WORK\Data\Voyager\voyager1\mag\48s\reviewed_vim\2024\voyager1_48s_mag-vim_20240530_v01.cdf,0,,0,Z:\SPART-WORK\Data\Voyager\voyager1\coho\1hr\l2\merged_mag_plasma\2024\03\voyager1_coho1hr_merged_mag_plasma_20240301_v01.cdf,0,3,0,15,0,C:\Users\Administrator\Documents\FWD_matlab\Voyager_fu\Voyager_Interstellar_Monthly\monthly_plots\Voyager1\2024\Voyager1_VLISM_2024-03.png,,0,0,0
1,2024-04-01,2024-04-01,2024-05-01,ok,Z:\SPART-WORK\Data\Voyager\voyager1\mag\48s\reviewed_vim\2024\voyager1_48s_mag-vim_20240530_v01.cdf,0,,0,Z:\SPART-WORK\Data\Voyager\voyager1\coho\1hr\l2\merged_mag_plasma\2024\04\voyager1_coho1hr_merged_mag_plasma_20240401_v01.cdf,0,3,0,15,0,C:\Users\Administrator\Documents\FWD_matlab\Voyager_fu\Voyager_Interstellar_Monthly\monthly_plots\Voyager1\2024\Voyager1_VLISM_2024-04.png,,0,0,0
1,2024-05-01,2024-05-01,2024-06-01,ok,Z:\SPART-WORK\Data\Voyager\voyager1\mag\48s\reviewed_vim\2024\voyager1_48s_mag-vim_20240530_v01.cdf,1369,,0,Z:\SPART-WORK\Data\Voyager\voyager1\coho\1hr\l2\merged_mag_plasma\2024\05\voyager1_coho1hr_merged_mag_plasma_20240501_v01.cdf,0,3,0,15,0,C:\Users\Administrator\Documents\FWD_matlab\Voyager_fu\Voyager_Interstellar_Monthly\monthly_plots\Voyager1\2024\Voyager1_VLISM_2024-05.png,,217628,0,3610
1,2024-06-01,2024-06-01,2024-07-01,ok,Z:\SPART-WORK\Data\Voyager\voyager1\mag\48s\reviewed_vim\2024\voyager1_48s_mag-vim_20240530_v01.cdf,16117,,0,Z:\SPART-WORK\Data\Voyager\voyager1\coho\1hr\l2\merged_mag_plasma\2024\06\voyager1_coho1hr_merged_mag_plasma_20240601_v01.cdf,0,3,0,15,0,C:\Users\Administrator\Documents\FWD_matlab\Voyager_fu\Voyager_Interstellar_Monthly\monthly_plots\Voyager1\2024\Voyager1_VLISM_2024-06.png,,149524,0,2200
1,2024-07-01,2024-07-01,2024-08-01,ok,Z:\SPART-WORK\Data\Voyager\voyager1\mag\48s\reviewed_vim\2024\voyager1_48s_mag-vim_20240530_v01.cdf,17638,,0,Z:\SPART-WORK\Data\Voyager\voyager1\coho\1hr\l2\merged_mag_plasma\2024\07\voyager1_coho1hr_merged_mag_plasma_20240701_v01.cdf,0,3,0,15,0,C:\Users\Administrator\Documents\FWD_matlab\Voyager_fu\Voyager_Interstellar_Monthly\monthly_plots\Voyager1\2024\Voyager1_VLISM_2024-07.png,,150524,0,2170
1,2024-08-01,2024-08-01,2024-09-01,ok,Z:\SPART-WORK\Data\Voyager\voyager1\mag\48s\reviewed_vim\2024\voyager1_48s_mag-vim_20240530_v01.cdf,14618,,0,Z:\SPART-WORK\Data\Voyager\voyager1\coho\1hr\l2\merged_mag_plasma\2024\08\voyager1_coho1hr_merged_mag_plasma_20240801_v01.cdf,0,3,0,15,0,C:\Users\Administrator\Documents\FWD_matlab\Voyager_fu\Voyager_Interstellar_Monthly\monthly_plots\Voyager1\2024\Voyager1_VLISM_2024-08.png,,163240,0,2475
1,2024-09-01,2024-09-01,2024-10-01,ok,Z:\SPART-WORK\Data\Voyager\voyager1\mag\48s\reviewed_vim\2024\voyager1_48s_mag-vim_20240530_v01.cdf,1501,,0,Z:\SPART-WORK\Data\Voyager\voyager1\coho\1hr\l2\merged_mag_plasma\2024\09\voyager1_coho1hr_merged_mag_plasma_20240901_v01.cdf,0,3,0,15,0,C:\Users\Administrator\Documents\FWD_matlab\Voyager_fu\Voyager_Interstellar_Monthly\monthly_plots\Voyager1\2024\Voyager1_VLISM_2024-09.png,,209768,0,3465
1,2024-10-01,2024-10-01,2024-11-01,ok,Z:\SPART-WORK\Data\Voyager\voyager1\mag\48s\reviewed_vim\2024\voyager1_48s_mag-vim_20240530_v01.cdf,11708,,0,Z:\SPART-WORK\Data\Voyager\voyager1\coho\1hr\l2\merged_mag_plasma\2024\10\voyager1_coho1hr_merged_mag_plasma_20241001_v01.cdf,0,3,0,15,0,C:\Users\Administrator\Documents\FWD_matlab\Voyager_fu\Voyager_Interstellar_Monthly\monthly_plots\Voyager1\2024\Voyager1_VLISM_2024-10.png,,174572,0,2690
1,2024-11-01,2024-11-01,2024-12-01,ok,Z:\SPART-WORK\Data\Voyager\voyager1\mag\48s\reviewed_vim\2024\voyager1_48s_mag-vim_20240530_v01.cdf,12873,,0,Z:\SPART-WORK\Data\Voyager\voyager1\coho\1hr\l2\merged_mag_plasma\2024\11\voyager1_coho1hr_merged_mag_plasma_20241101_v01.cdf,0,3,0,15,0,C:\Users\Administrator\Documents\FWD_matlab\Voyager_fu\Voyager_Interstellar_Monthly\monthly_plots\Voyager1\2024\Voyager1_VLISM_2024-11.png,,162024,0,2430
1,2024-12-01,2024-12-01,2025-01-01,ok,Z:\SPART-WORK\Data\Voyager\voyager1\mag\48s\reviewed_vim\2024\voyager1_48s_mag-vim_20240530_v01.cdf,22152,,0,Z:\SPART-WORK\Data\Voyager\voyager1\coho\1hr\l2\merged_mag_plasma\2024\12\voyager1_coho1hr_merged_mag_plasma_20241201_v01.cdf,0,3,0,15,0,C:\Users\Administrator\Documents\FWD_matlab\Voyager_fu\Voyager_Interstellar_Monthly\monthly_plots\Voyager1\2024\Voyager1_VLISM_2024-12.png,,131320,0,1899
1,2025-01-01,2025-01-01,2025-02-01,ok,Z:\SPART-WORK\Data\Voyager\voyager1\mag\48s\reviewed_vim\2025\voyager1_48s_mag-vim_20250101_v01.cdf,24565,,0,Z:\SPART-WORK\Data\Voyager\voyager1\coho\1hr\l2\merged_mag_plasma\2025\01\voyager1_coho1hr_merged_mag_plasma_20250101_v01.cdf,0,3,0,15,0,C:\Users\Administrator\Documents\FWD_matlab\Voyager_fu\Voyager_Interstellar_Monthly\monthly_plots\Voyager1\2025\Voyager1_VLISM_2025-01.png,,121056,0,1590
1,2025-02-01,2025-02-01,2025-03-01,ok,Z:\SPART-WORK\Data\Voyager\voyager1\mag\48s\reviewed_vim\2025\voyager1_48s_mag-vim_20250101_v01.cdf,19454,,0,Z:\SPART-WORK\Data\Voyager\voyager1\coho\1hr\l2\merged_mag_plasma\2025\02\voyager1_coho1hr_merged_mag_plasma_20250201_v01.cdf,0,3,0,15,0,C:\Users\Administrator\Documents\FWD_matlab\Voyager_fu\Voyager_Interstellar_Monthly\monthly_plots\Voyager1\2025\Voyager1_VLISM_2025-02.png,,121692,0,1775
1,2025-03-01,2025-03-01,2025-04-01,ok,Z:\SPART-WORK\Data\Voyager\voyager1\mag\48s\reviewed_vim\2025\voyager1_48s_mag-vim_20250101_v01.cdf,11335,,0,Z:\SPART-WORK\Data\Voyager\voyager1\coho\1hr\l2\merged_mag_plasma\2025\03\voyager1_coho1hr_merged_mag_plasma_20250301_v01.cdf,0,3,0,15,0,C:\Users\Administrator\Documents\FWD_matlab\Voyager_fu\Voyager_Interstellar_Monthly\monthly_plots\Voyager1\2025\Voyager1_VLISM_2025-03.png,,175732,0,2650
1,2025-04-01,2025-04-01,2025-05-01,ok,Z:\SPART-WORK\Data\Voyager\voyager1\mag\48s\reviewed_vim\2025\voyager1_48s_mag-vim_20250101_v01.cdf,17286,,0,Z:\SPART-WORK\Data\Voyager\voyager1\coho\1hr\l2\merged_mag_plasma\2025\04\voyager1_coho1hr_merged_mag_plasma_20250401_v01.cdf,0,3,0,15,0,C:\Users\Administrator\Documents\FWD_matlab\Voyager_fu\Voyager_Interstellar_Monthly\monthly_plots\Voyager1\2025\Voyager1_VLISM_2025-04.png,,144128,0,2080
1,2025-05-01,2025-05-01,2025-06-01,ok,Z:\SPART-WORK\Data\Voyager\voyager1\mag\48s\reviewed_vim\2025\voyager1_48s_mag-vim_20250101_v01.cdf,19441,,0,Z:\SPART-WORK\Data\Voyager\voyager1\coho\1hr\l2\merged_mag_plasma\2025\05\voyager1_coho1hr_merged_mag_plasma_20250501_v01.cdf,0,3,0,15,0,C:\Users\Administrator\Documents\FWD_matlab\Voyager_fu\Voyager_Interstellar_Monthly\monthly_plots\Voyager1\2025\Voyager1_VLISM_2025-05.png,,143052,0,2135
1,2025-06-01,2025-06-01,2025-07-01,ok,Z:\SPART-WORK\Data\Voyager\voyager1\mag\48s\reviewed_vim\2025\voyager1_48s_mag-vim_20250101_v01.cdf,16984,,0,Z:\SPART-WORK\Data\Voyager\voyager1\coho\1hr\l2\merged_mag_plasma\2025\06\voyager1_coho1hr_merged_mag_plasma_20250601_v01.cdf,0,3,0,15,0,C:\Users\Administrator\Documents\FWD_matlab\Voyager_fu\Voyager_Interstellar_Monthly\monthly_plots\Voyager1\2025\Voyager1_VLISM_2025-06.png,,145780,0,2209
1,2025-07-01,2025-07-01,2025-08-01,ok,Z:\SPART-WORK\Data\Voyager\voyager1\mag\48s\reviewed_vim\2025\voyager1_48s_mag-vim_20250101_v01.cdf,0,,0,,0,0,0,0,0,C:\Users\Administrator\Documents\FWD_matlab\Voyager_fu\Voyager_Interstellar_Monthly\monthly_plots\Voyager1\2025\Voyager1_VLISM_2025-07.png,,0,0,0
1,2025-08-01,2025-08-01,2025-09-01,ok,Z:\SPART-WORK\Data\Voyager\voyager1\mag\48s\reviewed_vim\2025\voyager1_48s_mag-vim_20250101_v01.cdf,0,,0,,0,0,0,0,0,C:\Users\Administrator\Documents\FWD_matlab\Voyager_fu\Voyager_Interstellar_Monthly\monthly_plots\Voyager1\2025\Voyager1_VLISM_2025-08.png,,0,0,0
1,2025-09-01,2025-09-01,2025-10-01,ok,Z:\SPART-WORK\Data\Voyager\voyager1\mag\48s\reviewed_vim\2025\voyager1_48s_mag-vim_20250101_v01.cdf,0,,0,,0,0,0,0,0,C:\Users\Administrator\Documents\FWD_matlab\Voyager_fu\Voyager_Interstellar_Monthly\monthly_plots\Voyager1\2025\Voyager1_VLISM_2025-09.png,,0,0,0
1,2025-10-01,2025-10-01,2025-11-01,ok,Z:\SPART-WORK\Data\Voyager\voyager1\mag\48s\reviewed_vim\2025\voyager1_48s_mag-vim_20250101_v01.cdf,0,,0,,0,0,0,0,0,C:\Users\Administrator\Documents\FWD_matlab\Voyager_fu\Voyager_Interstellar_Monthly\monthly_plots\Voyager1\2025\Voyager1_VLISM_2025-10.png,,0,0,0
1,2025-11-01,2025-11-01,2025-12-01,ok,Z:\SPART-WORK\Data\Voyager\voyager1\mag\48s\reviewed_vim\2025\voyager1_48s_mag-vim_20250101_v01.cdf,0,,0,,0,0,0,0,0,C:\Users\Administrator\Documents\FWD_matlab\Voyager_fu\Voyager_Interstellar_Monthly\monthly_plots\Voyager1\2025\Voyager1_VLISM_2025-11.png,,0,0,0
1,2025-12-01,2025-12-01,2026-01-01,ok,Z:\SPART-WORK\Data\Voyager\voyager1\mag\48s\reviewed_vim\2025\voyager1_48s_mag-vim_20250101_v01.cdf,0,,0,,0,0,0,0,0,C:\Users\Administrator\Documents\FWD_matlab\Voyager_fu\Voyager_Interstellar_Monthly\monthly_plots\Voyager1\2025\Voyager1_VLISM_2025-12.png,,0,0,0
2,2018-11-01,2018-11-05,2018-12-01,ok,Z:\SPART-WORK\Data\Voyager\voyager2\mag\48s\reviewed_vim\2018\voyager2_48s_mag-vim_20180101_v01.cdf,20839,Z:\SPART-WORK\Data\Voyager\voyager2\pls\hires\l3\heliosheath\2018\voyager2_pls_hires_plasma_data_hsh_20180101_v01.cdf,1,Z:\SPART-WORK\Data\Voyager\voyager2\coho\1hr\l2\merged_mag_plasma\2018\11\voyager2_coho1hr_merged_mag_plasma_20181101_v01.cdf,0,3,441,18,7236,C:\Users\Administrator\Documents\FWD_matlab\Voyager_fu\Voyager_Interstellar_Monthly\monthly_plots\Voyager2\2018\Voyager2_VLISM_2018-11.png,,101220,0,7252
2,2018-12-01,2018-12-01,2019-01-01,ok,Z:\SPART-WORK\Data\Voyager\voyager2\mag\48s\reviewed_vim\2018\voyager2_48s_mag-vim_20180101_v01.cdf,25380,Z:\SPART-WORK\Data\Voyager\voyager2\pls\hires\l3\heliosheath\2018\voyager2_pls_hires_plasma_data_hsh_20180101_v01.cdf,0,Z:\SPART-WORK\Data\Voyager\voyager2\coho\1hr\l2\merged_mag_plasma\2018\12\voyager2_coho1hr_merged_mag_plasma_20181201_v01.cdf,0,3,582,18,10260,C:\Users\Administrator\Documents\FWD_matlab\Voyager_fu\Voyager_Interstellar_Monthly\monthly_plots\Voyager2\2018\Voyager2_VLISM_2018-12.png,,118340,0,6457
2,2019-01-01,2019-01-01,2019-02-01,ok,Z:\SPART-WORK\Data\Voyager\voyager2\mag\48s\reviewed_vim\2019\voyager2_48s_mag-vim_20190101_v01.cdf,26566,,0,Z:\SPART-WORK\Data\Voyager\voyager2\coho\1hr\l2\merged_mag_plasma\2019\01\voyager2_coho1hr_merged_mag_plasma_20190101_v01.cdf,0,3,669,18,9612,C:\Users\Administrator\Documents\FWD_matlab\Voyager_fu\Voyager_Interstellar_Monthly\monthly_plots\Voyager2\2019\Voyager2_VLISM_2019-01.png,,115324,0,7008
2,2019-02-01,2019-02-01,2019-03-01,ok,Z:\SPART-WORK\Data\Voyager\voyager2\mag\48s\reviewed_vim\2019\voyager2_48s_mag-vim_20190101_v01.cdf,18159,,0,Z:\SPART-WORK\Data\Voyager\voyager2\coho\1hr\l2\merged_mag_plasma\2019\02\voyager2_coho1hr_merged_mag_plasma_20190201_v01.cdf,0,3,462,18,9396,C:\Users\Administrator\Documents\FWD_matlab\Voyager_fu\Voyager_Interstellar_Monthly\monthly_plots\Voyager2\2019\Voyager2_VLISM_2019-02.png,,127704,0,6134
2,2019-03-01,2019-03-01,2019-04-01,ok,Z:\SPART-WORK\Data\Voyager\voyager2\mag\48s\reviewed_vim\2019\voyager2_48s_mag-vim_20190101_v01.cdf,12209,,0,Z:\SPART-WORK\Data\Voyager\voyager2\coho\1hr\l2\merged_mag_plasma\2019\03\voyager2_coho1hr_merged_mag_plasma_20190301_v01.cdf,0,3,597,18,6804,C:\Users\Administrator\Documents\FWD_matlab\Voyager_fu\Voyager_Interstellar_Monthly\monthly_plots\Voyager2\2019\Voyager2_VLISM_2019-03.png,,173536,0,10923
2,2019-04-01,2019-04-01,2019-05-01,ok,Z:\SPART-WORK\Data\Voyager\voyager2\mag\48s\reviewed_vim\2019\voyager2_48s_mag-vim_20190101_v01.cdf,11173,,0,Z:\SPART-WORK\Data\Voyager\voyager2\coho\1hr\l2\merged_mag_plasma\2019\04\voyager2_coho1hr_merged_mag_plasma_20190401_v01.cdf,0,3,542,18,5616,C:\Users\Administrator\Documents\FWD_matlab\Voyager_fu\Voyager_Interstellar_Monthly\monthly_plots\Voyager2\2019\Voyager2_VLISM_2019-04.png,,170560,0,11617
2,2019-05-01,2019-05-01,2019-06-01,ok,Z:\SPART-WORK\Data\Voyager\voyager2\mag\48s\reviewed_vim\2019\voyager2_48s_mag-vim_20190101_v01.cdf,12687,,0,Z:\SPART-WORK\Data\Voyager\voyager2\coho\1hr\l2\merged_mag_plasma\2019\05\voyager2_coho1hr_merged_mag_plasma_20190501_v01.cdf,0,3,617,18,7452,C:\Users\Administrator\Documents\FWD_matlab\Voyager_fu\Voyager_Interstellar_Monthly\monthly_plots\Voyager2\2019\Voyager2_VLISM_2019-05.png,,171600,0,10205
2,2019-06-01,2019-06-01,2019-07-01,ok,Z:\SPART-WORK\Data\Voyager\voyager2\mag\48s\reviewed_vim\2019\voyager2_48s_mag-vim_20190101_v01.cdf,12737,,0,Z:\SPART-WORK\Data\Voyager\voyager2\coho\1hr\l2\merged_mag_plasma\2019\06\voyager2_coho1hr_merged_mag_plasma_20190601_v01.cdf,0,3,616,18,3240,C:\Users\Administrator\Documents\FWD_matlab\Voyager_fu\Voyager_Interstellar_Monthly\monthly_plots\Voyager2\2019\Voyager2_VLISM_2019-06.png,,164296,0,13809
2,2019-07-01,2019-07-01,2019-08-01,ok,Z:\SPART-WORK\Data\Voyager\voyager2\mag\48s\reviewed_vim\2019\voyager2_48s_mag-vim_20190101_v01.cdf,11930,,0,Z:\SPART-WORK\Data\Voyager\voyager2\coho\1hr\l2\merged_mag_plasma\2019\07\voyager2_coho1hr_merged_mag_plasma_20190701_v01.cdf,0,3,586,18,6372,C:\Users\Administrator\Documents\FWD_matlab\Voyager_fu\Voyager_Interstellar_Monthly\monthly_plots\Voyager2\2019\Voyager2_VLISM_2019-07.png,,174776,0,11376
2,2019-08-01,2019-08-01,2019-09-01,ok,Z:\SPART-WORK\Data\Voyager\voyager2\mag\48s\reviewed_vim\2019\voyager2_48s_mag-vim_20190101_v01.cdf,11697,,0,Z:\SPART-WORK\Data\Voyager\voyager2\coho\1hr\l2\merged_mag_plasma\2019\08\voyager2_coho1hr_merged_mag_plasma_20190801_v01.cdf,0,3,550,18,5724,C:\Users\Administrator\Documents\FWD_matlab\Voyager_fu\Voyager_Interstellar_Monthly\monthly_plots\Voyager2\2019\Voyager2_VLISM_2019-08.png,,175856,0,12115
2,2019-09-01,2019-09-01,2019-10-01,ok,Z:\SPART-WORK\Data\Voyager\voyager2\mag\48s\reviewed_vim\2019\voyager2_48s_mag-vim_20190101_v01.cdf,11346,,0,Z:\SPART-WORK\Data\Voyager\voyager2\coho\1hr\l2\merged_mag_plasma\2019\09\voyager2_coho1hr_merged_mag_plasma_20190901_v01.cdf,0,3,553,18,7128,C:\Users\Administrator\Documents\FWD_matlab\Voyager_fu\Voyager_Interstellar_Monthly\monthly_plots\Voyager2\2019\Voyager2_VLISM_2019-09.png,,169868,0,10074
2,2019-10-01,2019-10-01,2019-11-01,ok,Z:\SPART-WORK\Data\Voyager\voyager2\mag\48s\reviewed_vim\2019\voyager2_48s_mag-vim_20190101_v01.cdf,9714,,0,Z:\SPART-WORK\Data\Voyager\voyager2\coho\1hr\l2\merged_mag_plasma\2019\10\voyager2_coho1hr_merged_mag_plasma_20191001_v01.cdf,0,3,470,18,5724,C:\Users\Administrator\Documents\FWD_matlab\Voyager_fu\Voyager_Interstellar_Monthly\monthly_plots\Voyager2\2019\Voyager2_VLISM_2019-10.png,,183724,0,12340
2,2019-11-01,2019-11-01,2019-12-01,ok,Z:\SPART-WORK\Data\Voyager\voyager2\mag\48s\reviewed_vim\2019\voyager2_48s_mag-vim_20190101_v01.cdf,9130,,0,Z:\SPART-WORK\Data\Voyager\voyager2\coho\1hr\l2\merged_mag_plasma\2019\11\voyager2_coho1hr_merged_mag_plasma_20191101_v01.cdf,0,3,463,18,4968,C:\Users\Administrator\Documents\FWD_matlab\Voyager_fu\Voyager_Interstellar_Monthly\monthly_plots\Voyager2\2019\Voyager2_VLISM_2019-11.png,,178952,0,12519
2,2019-12-01,2019-12-01,2020-01-01,ok,Z:\SPART-WORK\Data\Voyager\voyager2\mag\48s\reviewed_vim\2019\voyager2_48s_mag-vim_20190101_v01.cdf,9682,,0,Z:\SPART-WORK\Data\Voyager\voyager2\coho\1hr\l2\merged_mag_plasma\2019\12\voyager2_coho1hr_merged_mag_plasma_20191201_v01.cdf,0,3,479,18,6156,C:\Users\Administrator\Documents\FWD_matlab\Voyager_fu\Voyager_Interstellar_Monthly\monthly_plots\Voyager2\2019\Voyager2_VLISM_2019-12.png,,183880,0,11884
2,2020-01-01,2020-01-01,2020-02-01,ok,Z:\SPART-WORK\Data\Voyager\voyager2\mag\48s\reviewed_vim\2020\voyager2_48s_mag-vim_20200101_v01.cdf,8503,,0,Z:\SPART-WORK\Data\Voyager\voyager2\coho\1hr\l2\merged_mag_plasma\2020\01\voyager2_coho1hr_merged_mag_plasma_20200101_v01.cdf,0,3,394,18,5616,C:\Users\Administrator\Documents\FWD_matlab\Voyager_fu\Voyager_Interstellar_Monthly\monthly_plots\Voyager2\2020\Voyager2_VLISM_2020-01.png,,188552,0,12589
2,2020-02-01,2020-02-01,2020-03-01,ok,Z:\SPART-WORK\Data\Voyager\voyager2\mag\48s\reviewed_vim\2020\voyager2_48s_mag-vim_20200101_v01.cdf,27143,,0,Z:\SPART-WORK\Data\Voyager\voyager2\coho\1hr\l2\merged_mag_plasma\2020\02\voyager2_coho1hr_merged_mag_plasma_20200201_v01.cdf,0,3,1127,18,10692,C:\Users\Administrator\Documents\FWD_matlab\Voyager_fu\Voyager_Interstellar_Monthly\monthly_plots\Voyager2\2020\Voyager2_VLISM_2020-02.png,,99036,0,4247
2,2020-03-01,2020-03-01,2020-04-01,ok,Z:\SPART-WORK\Data\Voyager\voyager2\mag\48s\reviewed_vim\2020\voyager2_48s_mag-vim_20200101_v01.cdf,15389,,0,Z:\SPART-WORK\Data\Voyager\voyager2\coho\1hr\l2\merged_mag_plasma\2020\03\voyager2_coho1hr_merged_mag_plasma_20200301_v01.cdf,0,3,717,18,8100,C:\Users\Administrator\Documents\FWD_matlab\Voyager_fu\Voyager_Interstellar_Monthly\monthly_plots\Voyager2\2020\Voyager2_VLISM_2020-03.png,,160740,0,9287
2,2020-04-01,2020-04-01,2020-05-01,ok,Z:\SPART-WORK\Data\Voyager\voyager2\mag\48s\reviewed_vim\2020\voyager2_48s_mag-vim_20200101_v01.cdf,10489,,0,Z:\SPART-WORK\Data\Voyager\voyager2\coho\1hr\l2\merged_mag_plasma\2020\04\voyager2_coho1hr_merged_mag_plasma_20200401_v01.cdf,0,3,508,18,5724,C:\Users\Administrator\Documents\FWD_matlab\Voyager_fu\Voyager_Interstellar_Monthly\monthly_plots\Voyager2\2020\Voyager2_VLISM_2020-04.png,,172920,0,11598
2,2020-05-01,2020-05-01,2020-06-01,ok,Z:\SPART-WORK\Data\Voyager\voyager2\mag\48s\reviewed_vim\2020\voyager2_48s_mag-vim_20200101_v01.cdf,13194,,0,Z:\SPART-WORK\Data\Voyager\voyager2\coho\1hr\l2\merged_mag_plasma\2020\05\voyager2_coho1hr_merged_mag_plasma_20200501_v01.cdf,0,3,625,18,6588,C:\Users\Administrator\Documents\FWD_matlab\Voyager_fu\Voyager_Interstellar_Monthly\monthly_plots\Voyager2\2020\Voyager2_VLISM_2020-05.png,,169696,0,11056
2,2020-06-01,2020-06-01,2020-07-01,ok,Z:\SPART-WORK\Data\Voyager\voyager2\mag\48s\reviewed_vim\2020\voyager2_48s_mag-vim_20200101_v01.cdf,12345,,0,Z:\SPART-WORK\Data\Voyager\voyager2\coho\1hr\l2\merged_mag_plasma\2020\06\voyager2_coho1hr_merged_mag_plasma_20200601_v01.cdf,0,3,585,18,7344,C:\Users\Administrator\Documents\FWD_matlab\Voyager_fu\Voyager_Interstellar_Monthly\monthly_plots\Voyager2\2020\Voyager2_VLISM_2020-06.png,,165848,0,9796
2,2020-07-01,2020-07-01,2020-08-01,ok,Z:\SPART-WORK\Data\Voyager\voyager2\mag\48s\reviewed_vim\2020\voyager2_48s_mag-vim_20200101_v01.cdf,13228,,0,Z:\SPART-WORK\Data\Voyager\voyager2\coho\1hr\l2\merged_mag_plasma\2020\07\voyager2_coho1hr_merged_mag_plasma_20200701_v01.cdf,0,3,609,18,6156,C:\Users\Administrator\Documents\FWD_matlab\Voyager_fu\Voyager_Interstellar_Monthly\monthly_plots\Voyager2\2020\Voyager2_VLISM_2020-07.png,,169660,0,11529
2,2020-08-01,2020-08-01,2020-09-01,ok,Z:\SPART-WORK\Data\Voyager\voyager2\mag\48s\reviewed_vim\2020\voyager2_48s_mag-vim_20200101_v01.cdf,11181,,0,Z:\SPART-WORK\Data\Voyager\voyager2\coho\1hr\l2\merged_mag_plasma\2020\08\voyager2_coho1hr_merged_mag_plasma_20200801_v01.cdf,0,3,534,18,5940,C:\Users\Administrator\Documents\FWD_matlab\Voyager_fu\Voyager_Interstellar_Monthly\monthly_plots\Voyager2\2020\Voyager2_VLISM_2020-08.png,,177848,0,11945
2,2020-09-01,2020-09-01,2020-10-01,ok,Z:\SPART-WORK\Data\Voyager\voyager2\mag\48s\reviewed_vim\2020\voyager2_48s_mag-vim_20200101_v01.cdf,12596,,0,Z:\SPART-WORK\Data\Voyager\voyager2\coho\1hr\l2\merged_mag_plasma\2020\09\voyager2_coho1hr_merged_mag_plasma_20200901_v01.cdf,0,3,601,18,6264,C:\Users\Administrator\Documents\FWD_matlab\Voyager_fu\Voyager_Interstellar_Monthly\monthly_plots\Voyager2\2020\Voyager2_VLISM_2020-09.png,,164620,0,10820
2,2020-10-01,2020-10-01,2020-11-01,ok,Z:\SPART-WORK\Data\Voyager\voyager2\mag\48s\reviewed_vim\2020\voyager2_48s_mag-vim_20200101_v01.cdf,11357,,0,Z:\SPART-WORK\Data\Voyager\voyager2\coho\1hr\l2\merged_mag_plasma\2020\10\voyager2_coho1hr_merged_mag_plasma_20201001_v01.cdf,0,3,551,18,6048,C:\Users\Administrator\Documents\FWD_matlab\Voyager_fu\Voyager_Interstellar_Monthly\monthly_plots\Voyager2\2020\Voyager2_VLISM_2020-10.png,,176692,0,11785
2,2020-11-01,2020-11-01,2020-12-01,ok,Z:\SPART-WORK\Data\Voyager\voyager2\mag\48s\reviewed_vim\2020\voyager2_48s_mag-vim_20200101_v01.cdf,9336,,0,Z:\SPART-WORK\Data\Voyager\voyager2\coho\1hr\l2\merged_mag_plasma\2020\11\voyager2_coho1hr_merged_mag_plasma_20201101_v01.cdf,0,3,457,18,4644,C:\Users\Administrator\Documents\FWD_matlab\Voyager_fu\Voyager_Interstellar_Monthly\monthly_plots\Voyager2\2020\Voyager2_VLISM_2020-11.png,,177952,0,12819
2,2020-12-01,2020-12-01,2021-01-01,ok,Z:\SPART-WORK\Data\Voyager\voyager2\mag\48s\reviewed_vim\2020\voyager2_48s_mag-vim_20200101_v01.cdf,8577,,0,Z:\SPART-WORK\Data\Voyager\voyager2\coho\1hr\l2\merged_mag_plasma\2020\12\voyager2_coho1hr_merged_mag_plasma_20201201_v01.cdf,0,3,427,18,4752,C:\Users\Administrator\Documents\FWD_matlab\Voyager_fu\Voyager_Interstellar_Monthly\monthly_plots\Voyager2\2020\Voyager2_VLISM_2020-12.png,,188196,0,13476
2,2021-01-01,2021-01-01,2021-02-01,ok,Z:\SPART-WORK\Data\Voyager\voyager2\mag\48s\reviewed_vim\2021\voyager2_48s_mag-vim_20210101_v01.cdf,10135,,0,,0,0,0,0,0,C:\Users\Administrator\Documents\FWD_matlab\Voyager_fu\Voyager_Interstellar_Monthly\monthly_plots\Voyager2\2021\Voyager2_VLISM_2021-01.png,,0,181792,0
2,2021-02-01,2021-02-01,2021-03-01,ok,Z:\SPART-WORK\Data\Voyager\voyager2\mag\48s\reviewed_vim\2021\voyager2_48s_mag-vim_20210101_v01.cdf,10372,,0,,0,0,0,0,0,C:\Users\Administrator\Documents\FWD_matlab\Voyager_fu\Voyager_Interstellar_Monthly\monthly_plots\Voyager2\2021\Voyager2_VLISM_2021-02.png,,0,159272,0
2,2021-03-01,2021-03-01,2021-04-01,ok,Z:\SPART-WORK\Data\Voyager\voyager2\mag\48s\reviewed_vim\2021\voyager2_48s_mag-vim_20210101_v01.cdf,11258,,0,,0,0,0,0,0,C:\Users\Administrator\Documents\FWD_matlab\Voyager_fu\Voyager_Interstellar_Monthly\monthly_plots\Voyager2\2021\Voyager2_VLISM_2021-03.png,,0,177064,0
2,2021-04-01,2021-04-01,2021-05-01,ok,Z:\SPART-WORK\Data\Voyager\voyager2\mag\48s\reviewed_vim\2021\voyager2_48s_mag-vim_20210101_v01.cdf,11289,,0,,0,0,0,0,0,C:\Users\Administrator\Documents\FWD_matlab\Voyager_fu\Voyager_Interstellar_Monthly\monthly_plots\Voyager2\2021\Voyager2_VLISM_2021-04.png,,0,170076,0
2,2021-05-01,2021-05-01,2021-06-01,ok,Z:\SPART-WORK\Data\Voyager\voyager2\mag\48s\reviewed_vim\2021\voyager2_48s_mag-vim_20210101_v01.cdf,15692,,0,,0,0,0,0,0,C:\Users\Administrator\Documents\FWD_matlab\Voyager_fu\Voyager_Interstellar_Monthly\monthly_plots\Voyager2\2021\Voyager2_VLISM_2021-05.png,,0,159280,0
2,2021-06-01,2021-06-01,2021-07-01,ok,Z:\SPART-WORK\Data\Voyager\voyager2\mag\48s\reviewed_vim\2021\voyager2_48s_mag-vim_20210101_v01.cdf,13753,,0,,0,0,0,0,0,C:\Users\Administrator\Documents\FWD_matlab\Voyager_fu\Voyager_Interstellar_Monthly\monthly_plots\Voyager2\2021\Voyager2_VLISM_2021-06.png,,0,160092,0
2,2021-07-01,2021-07-01,2021-08-01,ok,Z:\SPART-WORK\Data\Voyager\voyager2\mag\48s\reviewed_vim\2021\voyager2_48s_mag-vim_20210101_v01.cdf,14832,,0,,0,0,0,0,0,C:\Users\Administrator\Documents\FWD_matlab\Voyager_fu\Voyager_Interstellar_Monthly\monthly_plots\Voyager2\2021\Voyager2_VLISM_2021-07.png,,0,162900,0
2,2021-08-01,2021-08-01,2021-09-01,ok,Z:\SPART-WORK\Data\Voyager\voyager2\mag\48s\reviewed_vim\2021\voyager2_48s_mag-vim_20210101_v01.cdf,13774,,0,,0,0,0,0,0,C:\Users\Administrator\Documents\FWD_matlab\Voyager_fu\Voyager_Interstellar_Monthly\monthly_plots\Voyager2\2021\Voyager2_VLISM_2021-08.png,,0,167144,0
2,2021-09-01,2021-09-01,2021-10-01,ok,Z:\SPART-WORK\Data\Voyager\voyager2\mag\48s\reviewed_vim\2021\voyager2_48s_mag-vim_20210101_v01.cdf,15324,,0,,0,0,0,0,0,C:\Users\Administrator\Documents\FWD_matlab\Voyager_fu\Voyager_Interstellar_Monthly\monthly_plots\Voyager2\2021\Voyager2_VLISM_2021-09.png,,0,153748,0
2,2021-10-01,2021-10-01,2021-11-01,ok,Z:\SPART-WORK\Data\Voyager\voyager2\mag\48s\reviewed_vim\2021\voyager2_48s_mag-vim_20210101_v01.cdf,12372,,0,,0,0,0,0,0,C:\Users\Administrator\Documents\FWD_matlab\Voyager_fu\Voyager_Interstellar_Monthly\monthly_plots\Voyager2\2021\Voyager2_VLISM_2021-10.png,,0,172868,0
2,2021-11-01,2021-11-01,2021-12-01,ok,Z:\SPART-WORK\Data\Voyager\voyager2\mag\48s\reviewed_vim\2021\voyager2_48s_mag-vim_20210101_v01.cdf,12799,,0,,0,0,0,0,0,C:\Users\Administrator\Documents\FWD_matlab\Voyager_fu\Voyager_Interstellar_Monthly\monthly_plots\Voyager2\2021\Voyager2_VLISM_2021-11.png,,0,163956,0
2,2021-12-01,2021-12-01,2022-01-01,ok,Z:\SPART-WORK\Data\Voyager\voyager2\mag\48s\reviewed_vim\2021\voyager2_48s_mag-vim_20210101_v01.cdf,0,,0,,0,0,0,0,0,C:\Users\Administrator\Documents\FWD_matlab\Voyager_fu\Voyager_Interstellar_Monthly\monthly_plots\Voyager2\2021\Voyager2_VLISM_2021-12.png,,0,0,0
2,2022-01-01,2022-01-01,2022-02-01,ok,Z:\SPART-WORK\Data\Voyager\voyager2\mag\48s\reviewed_vim\2022\voyager2_48s_mag-vim_20220101_v01.cdf,14016,,0,,0,0,0,0,0,C:\Users\Administrator\Documents\FWD_matlab\Voyager_fu\Voyager_Interstellar_Monthly\monthly_plots\Voyager2\2022\Voyager2_VLISM_2022-01.png,,0,166008,0
2,2022-02-01,2022-02-01,2022-03-01,ok,Z:\SPART-WORK\Data\Voyager\voyager2\mag\48s\reviewed_vim\2022\voyager2_48s_mag-vim_20220101_v01.cdf,15474,,0,,0,0,0,0,0,C:\Users\Administrator\Documents\FWD_matlab\Voyager_fu\Voyager_Interstellar_Monthly\monthly_plots\Voyager2\2022\Voyager2_VLISM_2022-02.png,,0,138752,0
2,2022-03-01,2022-03-01,2022-04-01,ok,Z:\SPART-WORK\Data\Voyager\voyager2\mag\48s\reviewed_vim\2022\voyager2_48s_mag-vim_20220101_v01.cdf,17605,,0,,0,0,0,0,0,C:\Users\Administrator\Documents\FWD_matlab\Voyager_fu\Voyager_Interstellar_Monthly\monthly_plots\Voyager2\2022\Voyager2_VLISM_2022-03.png,,0,151584,0
2,2022-04-01,2022-04-01,2022-05-01,ok,Z:\SPART-WORK\Data\Voyager\voyager2\mag\48s\reviewed_vim\2022\voyager2_48s_mag-vim_20220101_v01.cdf,15849,,0,,0,0,0,0,0,C:\Users\Administrator\Documents\FWD_matlab\Voyager_fu\Voyager_Interstellar_Monthly\monthly_plots\Voyager2\2022\Voyager2_VLISM_2022-04.png,,0,151708,0
2,2022-05-01,2022-05-01,2022-06-01,ok,Z:\SPART-WORK\Data\Voyager\voyager2\mag\48s\reviewed_vim\2022\voyager2_48s_mag-vim_20220101_v01.cdf,11990,,0,,0,0,0,0,0,C:\Users\Administrator\Documents\FWD_matlab\Voyager_fu\Voyager_Interstellar_Monthly\monthly_plots\Voyager2\2022\Voyager2_VLISM_2022-05.png,,0,174320,0
2,2022-06-01,2022-06-01,2022-07-01,ok,Z:\SPART-WORK\Data\Voyager\voyager2\mag\48s\reviewed_vim\2022\voyager2_48s_mag-vim_20220101_v01.cdf,21888,,0,,0,0,0,0,0,C:\Users\Administrator\Documents\FWD_matlab\Voyager_fu\Voyager_Interstellar_Monthly\monthly_plots\Voyager2\2022\Voyager2_VLISM_2022-06.png,,0,127564,0
2,2022-07-01,2022-07-01,2022-08-01,ok,Z:\SPART-WORK\Data\Voyager\voyager2\mag\48s\reviewed_vim\2022\voyager2_48s_mag-vim_20220101_v01.cdf,21405,,0,,0,0,0,0,0,C:\Users\Administrator\Documents\FWD_matlab\Voyager_fu\Voyager_Interstellar_Monthly\monthly_plots\Voyager2\2022\Voyager2_VLISM_2022-07.png,,0,136800,0
2,2022-08-01,2022-08-01,2022-09-01,ok,Z:\SPART-WORK\Data\Voyager\voyager2\mag\48s\reviewed_vim\2022\voyager2_48s_mag-vim_20220101_v01.cdf,2795,,0,,0,0,0,0,0,C:\Users\Administrator\Documents\FWD_matlab\Voyager_fu\Voyager_Interstellar_Monthly\monthly_plots\Voyager2\2022\Voyager2_VLISM_2022-08.png,,0,211896,0
2,2022-09-01,2022-09-01,2022-10-01,ok,Z:\SPART-WORK\Data\Voyager\voyager2\mag\48s\reviewed_vim\2022\voyager2_48s_mag-vim_20220101_v01.cdf,18548,,0,,0,0,0,0,0,C:\Users\Administrator\Documents\FWD_matlab\Voyager_fu\Voyager_Interstellar_Monthly\monthly_plots\Voyager2\2022\Voyager2_VLISM_2022-09.png,,0,140904,0
2,2022-10-01,2022-10-01,2022-11-01,ok,Z:\SPART-WORK\Data\Voyager\voyager2\mag\48s\reviewed_vim\2022\voyager2_48s_mag-vim_20220101_v01.cdf,22073,,0,,0,0,0,0,0,C:\Users\Administrator\Documents\FWD_matlab\Voyager_fu\Voyager_Interstellar_Monthly\monthly_plots\Voyager2\2022\Voyager2_VLISM_2022-10.png,,0,134052,0
2,2022-11-01,2022-11-01,2022-12-01,ok,Z:\SPART-WORK\Data\Voyager\voyager2\mag\48s\reviewed_vim\2022\voyager2_48s_mag-vim_20220101_v01.cdf,16804,,0,,0,0,0,0,0,C:\Users\Administrator\Documents\FWD_matlab\Voyager_fu\Voyager_Interstellar_Monthly\monthly_plots\Voyager2\2022\Voyager2_VLISM_2022-11.png,,0,147824,0
2,2022-12-01,2022-12-01,2023-01-01,ok,Z:\SPART-WORK\Data\Voyager\voyager2\mag\48s\reviewed_vim\2022\voyager2_48s_mag-vim_20220101_v01.cdf,21762,,0,,0,0,0,0,0,C:\Users\Administrator\Documents\FWD_matlab\Voyager_fu\Voyager_Interstellar_Monthly\monthly_plots\Voyager2\2022\Voyager2_VLISM_2022-12.png,,0,135132,0
