EpochUTC,BR_daily_nT,BT_daily_nT,BN_daily_nT,PA_S1_deg,Flux_S1_1d,PA_S2_deg,Flux_S2_1d,PA_S3_deg,Flux_S3_1d,PA_S4_deg,Flux_S4_1d,PA_S5_deg,Flux_S5_1d,PA_S6_deg,Flux_S6_1d,PA_S7_deg,Flux_S7_1d,PA_S8_deg,Flux_S8_1d,PitchAngleMethod
2020-06-22 12:00:00,0.00960000013001263,-0.444300001859665,0.224799999594688,111.262201407451,0.0750511110656791,156.262201407451,0.0527524994686246,158.737798592549,0.0637675002217293,113.737798592549,0.186750002205372,68.7377985925493,0.0703362505882978,23.7377985925493,0.0658833330704106,21.2622014074507,0.0611155560861031,66.2622014074507,0.0549237506929785,particle entering along nominal RT scan-plane sector axis; B projected into scan plane; no SEDR attitude correction
2020-06-23 12:00:00,0.0130000000021287,-0.443000001566751,0.227714287383216,110.819116402823,0.278200000524521,155.819116402823,0.263199996948242,159.180883597177,0.273799997568131,114.180883597177,0.707333326339722,69.1808835971767,0.284166666368643,24.1808835971767,0.253666664163272,20.8191164028233,0.27100000033776,65.8191164028233,0.282500003774961,particle entering along nominal RT scan-plane sector axis; B projected into scan plane; no SEDR attitude correction
2020-06-24 12:00:00,0.0107272727076303,-0.441636361859062,0.227909090844068,111.108568786942,0.243600001186132,156.108568786942,0.208999998039669,158.891431213058,0.196555554866791,113.891431213058,0.601222217082977,68.8914312130581,0.253499998152256,23.891431213058,0.258799999952316,21.108568786942,0.240600004792213,66.108568786942,0.238777774903509,particle entering along nominal RT scan-plane sector axis; B projected into scan plane; no SEDR attitude correction
2020-06-25 12:00:00,0.0104545453901995,-0.439090912992304,0.224818179553205,111.136072488903,0.318599997460842,156.136072488903,0.335099998116493,158.863927511097,0.308799995481968,113.863927511097,0.747800007462502,68.8639275110972,0.338600000739098,23.8639275110972,0.339777777592341,21.1360724889028,0.321581000089645,66.1360724889028,0.341015556620227,particle entering along nominal RT scan-plane sector axis; B projected into scan plane; no SEDR attitude correction
2020-06-26 12:00:00,0.00791666662553325,-0.438416672249635,0.224333334714174,111.465499437031,0.257727270776575,156.465499437031,0.263545456257733,158.534500562969,0.272363634272055,113.534500562969,0.702363629232753,68.5345005629693,0.262000001966953,23.5345005629693,0.277545458891175,21.4654994370307,0.307000000368465,66.4654994370307,0.289181820370934,particle entering along nominal RT scan-plane sector axis; B projected into scan plane; no SEDR attitude correction
2020-06-27 12:00:00,0.00920000020414591,-0.441499999165535,0.224600000679493,111.306240299467,0.163364445997609,156.306240299467,0.157473333179951,158.693759700533,0.128625555170907,113.693759700533,0.386499997228384,68.6937597005331,0.138015002943575,23.6937597005331,0.149018748663366,21.3062402994669,0.160497775508298,66.3062402994669,0.173375000245869,particle entering along nominal RT scan-plane sector axis; B projected into scan plane; no SEDR attitude correction
2020-06-28 12:00:00,0.0106363636864857,-0.440909095785835,0.220999999479814,111.118081192002,0.178636362606829,156.118081192002,0.183363636786287,158.881918807998,0.18589999973774,113.881918807998,0.529699996113777,68.8819188079977,0.212099999934435,23.8819188079977,0.189615000784397,21.1180811920023,0.189099999517202,66.1180811920023,0.198625001125038,particle entering along nominal RT scan-plane sector axis; B projected into scan plane; no SEDR attitude correction
2020-06-29 12:00:00,NaN,NaN,NaN,NaN,0.192400000244379,NaN,0.15575444781118,NaN,0.17266666640838,NaN,0.469777776135339,NaN,0.153888887829251,NaN,0.161333333286974,NaN,0.150053333077166,NaN,0.155666670865483,particle entering along nominal RT scan-plane sector axis; B projected into scan plane; no SEDR attitude correction
2020-06-30 12:00:00,0.00350000007310882,-0.440600001811981,0.223100000619888,112.04486833018,0.12467222329643,157.04486833018,0.117765558262666,157.95513166982,0.108041251543909,112.95513166982,0.344749998301268,67.9551316698201,0.111608752049506,22.9551316698201,0.115590001922101,22.0448683301799,0.124151249416173,67.0448683301799,0.108458572200366,particle entering along nominal RT scan-plane sector axis; B projected into scan plane; no SEDR attitude correction
2020-07-01 12:00:00,0.00533333345730272,-0.439444449212816,0.215888887643814,111.804661837657,0.158961249515414,156.804661837657,0.104881667842468,158.195338162343,0.0947166662663221,113.195338162343,0.28699999799331,68.1953381623427,0.104315002138416,23.1953381623427,0.109231668214003,21.8046618376573,0.102976666142543,66.8046618376573,0.106110002845526,particle entering along nominal RT scan-plane sector axis; B projected into scan plane; no SEDR attitude correction
2020-07-02 12:00:00,0.0108333333240201,-0.434916665156682,0.216833329449097,111.073115262192,0.0395799997177991,156.073115262192,0.0440300002863461,158.926884737808,0.0428163637830452,113.926884737808,0.141154545274648,68.9268847378079,0.0445175454528494,23.9268847378078,0.0454863634129817,21.0731152621921,0.0448390903290022,66.0731152621921,0.0472263637930155,particle entering along nominal RT scan-plane sector axis; B projected into scan plane; no SEDR attitude correction
2020-07-03 12:00:00,0.00884615382752739,-0.43892307464893,0.219923079013824,111.345404355939,0.043100908737291,156.345404355939,0.0413399992200236,158.654595644061,0.0411970767980585,113.654595644061,0.139841541074789,68.6545956440608,0.0411033330795666,23.6545956440608,0.0460141664370894,21.3454043559392,0.0460733327393731,66.3454043559392,0.044306666823104,particle entering along nominal RT scan-plane sector axis; B projected into scan plane; no SEDR attitude correction
2020-07-04 12:00:00,0.00987499987240881,-0.435249999165535,0.218999996781349,111.200290028161,0.0677562514320016,156.200290028161,0.0655259981751442,158.799709971839,0.055049999927481,113.799709971839,0.224166666467985,68.7997099718388,0.0681099991003672,23.7997099718388,0.0684066663185755,21.2002900281613,0.0888150005290906,66.2002900281612,0.0796520009636879,particle entering along nominal RT scan-plane sector axis; B projected into scan plane; no SEDR attitude correction
2020-07-05 12:00:00,0.0063333334789301,-0.434750000635783,0.216666664928198,111.665387897138,0.107683333878716,156.665387897138,0.095108183270151,158.334612102862,0.104067500991126,113.334612102862,0.320416669050852,68.3346121028624,0.1085741672044,23.3346121028624,0.106586667398612,21.6653878971376,0.114006668329239,66.6653878971376,0.105274547230114,particle entering along nominal RT scan-plane sector axis; B projected into scan plane; no SEDR attitude correction
2020-07-06 12:00:00,0.00369999994290993,-0.437399995326996,0.217399998009205,112.015342188109,0.0930337510071695,157.015342188109,0.0968500006943941,157.984657811891,0.102091111656692,112.984657811891,0.261111112104522,67.9846578118913,0.0860655556122462,22.9846578118913,0.0897622228496605,22.0153421881087,0.104558889236715,67.0153421881087,0.0972924986854196,particle entering along nominal RT scan-plane sector axis; B projected into scan plane; no SEDR attitude correction
2020-07-07 12:00:00,0.00681249995977851,-0.438437500968575,0.21299999859184,111.609802225866,0.150026251096278,156.609802225866,0.138293750816956,158.390197774134,0.149691875092685,113.390197774134,0.414749997667968,68.390197774134,0.15250625135377,23.390197774134,0.162390625104308,21.609802225866,0.149920626543462,66.609802225866,0.168041429083262,particle entering along nominal RT scan-plane sector axis; B projected into scan plane; no SEDR attitude correction
2020-07-08 12:00:00,0.00320000015199184,-0.435199999809265,0.214599999785423,112.078715075638,0.184199997782707,157.078715075638,0.176958000659943,157.921284924362,0.177250001579523,112.921284924362,0.595500007271767,67.9212849243625,0.194499999284744,22.9212849243625,0.200250003486872,22.0787150756375,0.186000002548099,67.0787150756375,0.178869998082519,particle entering along nominal RT scan-plane sector axis; B projected into scan plane; no SEDR attitude correction
2020-07-09 12:00:00,0.00575000007908481,-0.433749996125698,0.218916665762663,111.740503877576,0.20353916597863,156.740503877576,0.190890909595923,158.259496122424,0.173570907928727,113.259496122424,0.502636362205852,68.2594961224244,0.189039999111132,23.2594961224244,0.214011817493222,21.7405038775756,0.156130001259347,66.7405038775756,0.183581001311541,particle entering along nominal RT scan-plane sector axis; B projected into scan plane; no SEDR attitude correction
2020-07-10 12:00:00,0.00637499993899837,-0.438000001013279,0.221750000491738,111.666130591741,0.135601429002626,156.666130591741,0.146466667453448,158.333869408259,0.150578332444032,113.333869408259,0.40100000160081,68.3338694082594,0.137535715741771,23.3338694082594,0.137050003877708,21.6661305917406,0.1521242835692,66.6661305917406,0.147367143205234,particle entering along nominal RT scan-plane sector axis; B projected into scan plane; no SEDR attitude correction
2020-07-11 12:00:00,0.0076666665263474,-0.441166664163272,0.218166666726271,111.504404777398,0.152448335662484,156.504404777398,0.088656664515535,158.495595222602,0.101518335441748,113.495595222602,0.257833331823349,68.4955952226017,0.078125,23.4955952226017,0.0874783340841532,21.5044047773984,0.0966883338987827,66.5044047773984,0.0788799986243248,particle entering along nominal RT scan-plane sector axis; B projected into scan plane; no SEDR attitude correction
2020-07-12 12:00:00,0.00887500011594966,-0.437874995172024,0.222000000998378,111.338868533221,0.129534999839962,156.338868533221,0.140801427619798,158.661131466779,0.145494287567479,113.661131466779,0.461428569895881,68.6611314667787,0.172875713024821,23.6611314667787,0.166576669861873,21.3388685332213,0.187333332995574,66.3388685332213,0.152601666748524,particle entering along nominal RT scan-plane sector axis; B projected into scan plane; no SEDR attitude correction
2020-07-13 12:00:00,0.00860000010579825,-0.439800000190735,0.224199995398521,111.379761436537,0.102977501228452,156.379761436537,0.0964000001549721,158.620238563463,0.101447502151132,113.620238563463,0.285999998450279,68.6202385634632,0.101282501593232,23.6202385634632,0.101617502048612,21.3797614365368,0.113285001367331,66.3797614365368,0.114705000072718,particle entering along nominal RT scan-plane sector axis; B projected into scan plane; no SEDR attitude correction
2020-07-14 12:00:00,0.00600000005215406,-0.439444445901447,0.223888890610801,111.717754773322,0.10572222330504,156.717754773322,0.107452857441136,158.282245226678,0.105064286717347,113.282245226678,0.318375002592802,68.2822452266781,0.133961251936853,23.2822452266781,0.131798751652241,21.7177547733219,0.121927500702441,66.7177547733219,0.133700002517019,particle entering along nominal RT scan-plane sector axis; B projected into scan plane; no SEDR attitude correction
2020-07-15 12:00:00,0.00200000001350418,-0.441499999165535,0.217599999904633,112.240451243077,0.217479002475739,157.240451243077,0.222222224705749,157.759548756923,0.211444447437922,112.759548756923,0.566100001335144,67.7595487569231,0.213199999928474,22.7595487569231,0.203700000047684,22.2404512430769,0.223099997639656,67.2404512430769,0.216000001463625,particle entering along nominal RT scan-plane sector axis; B projected into scan plane; no SEDR attitude correction
2020-07-16 12:00:00,-0.000333333349165817,-0.440333329968982,0.215333334273762,112.543373029317,0.181428570832525,157.543373029317,0.201250001788139,157.456626970683,0.207777778307597,112.456626970683,0.52444444431199,67.456626970683,0.203222223454052,22.456626970683,0.20544444438484,22.543373029317,0.219555555118455,67.543373029317,0.177999999374151,particle entering along nominal RT scan-plane sector axis; B projected into scan plane; no SEDR attitude correction
2020-07-17 12:00:00,0.000571428631831493,-0.444571431194033,0.216428573642458,112.426355072393,0.206767498515546,157.426355072393,0.224285715392658,157.573644927607,0.212714286787169,112.573644927607,0.61771428159305,67.5736449276073,0.198142858488219,22.5736449276073,0.221714285867555,22.4263550723927,0.255142856921468,67.4263550723927,0.240571426493781,particle entering along nominal RT scan-plane sector axis; B projected into scan plane; no SEDR attitude correction
2020-07-18 12:00:00,0.00527272726917131,-0.442090909589421,0.221636363051154,111.816677432032,0.228818180886182,156.816677432032,0.244545455683361,158.183322567968,0.249363635074009,113.183322567968,0.622727277604016,68.1833225679677,0.238181819969958,23.1833225679677,0.227099995315075,21.8166774320323,0.244300001859665,66.8166774320323,0.234249998815358,particle entering along nominal RT scan-plane sector axis; B projected into scan plane; no SEDR attitude correction
2020-07-19 12:00:00,0.00590000001247972,-0.439400005340576,0.225799998641014,111.730712831194,0.304300004243851,156.730712831194,0.318700002133846,158.269287168806,0.331666664944755,113.269287168806,0.833444449636671,68.2692871688064,0.323444440960884,23.2692871688064,0.34599999917878,21.7307128311936,0.357555554972755,66.7307128311936,0.334375001490116,particle entering along nominal RT scan-plane sector axis; B projected into scan plane; no SEDR attitude correction
2020-07-20 12:00:00,0.00180000006221235,-0.439000004529953,0.222399997711182,112.265075563371,0.299199989438057,157.265075563371,0.277000001072884,157.734924436629,0.279199999570847,112.734924436629,0.66360000371933,67.7349244366291,0.285400003194809,22.7349244366291,0.273399996757507,22.2650755633709,0.305799996852875,67.2650755633709,0.316250003874302,particle entering along nominal RT scan-plane sector axis; B projected into scan plane; no SEDR attitude correction
2020-07-21 12:00:00,0.000750000035623088,-0.440250001847744,0.227249998599291,112.402392288643,0.131312500685453,157.402392288643,0.162000005443891,157.597607711357,0.147333333889643,112.597607711357,0.404666662216187,67.5976077113571,0.121820000310739,22.5976077113571,0.126929998397827,22.4023922886429,0.115699999034405,67.4023922886429,0.167333334684372,particle entering along nominal RT scan-plane sector axis; B projected into scan plane; no SEDR attitude correction
2020-07-22 12:00:00,0.000333333252153049,-0.442500000198682,0.224500000476837,112.456839356161,0.252666665862004,157.456839356161,0.204666664203008,157.543160643839,0.223999996980031,112.543160643839,0.554000010093053,67.5431606438387,0.21874999627471,22.5431606438387,0.236399993300438,22.4568393561613,0.250600001215935,67.4568393561613,0.232750006020069,particle entering along nominal RT scan-plane sector axis; B projected into scan plane; no SEDR attitude correction
2020-07-23 12:00:00,0.000833333334109435,-0.438499997059504,0.222583334892988,112.391114194271,0.191400001198053,157.391114194271,0.193000000986186,157.608885805729,0.209545455195687,112.608885805729,0.554000003771348,67.6088858057289,0.216432726857337,22.6088858057289,0.247599996626377,22.3911141942711,0.23740000128746,67.3911141942711,0.22386888994111,particle entering along nominal RT scan-plane sector axis; B projected into scan plane; no SEDR attitude correction
2020-07-24 12:00:00,-0.00270000005839393,-0.435299995541573,0.221599999070168,112.855379337885,0.194569999972979,157.855379337885,0.212555555005868,157.144620662115,0.215645553337203,112.144620662115,0.61188889377647,67.1446206621149,0.210048891603947,22.1446206621149,0.246905559466945,22.8553793378851,0.231777778930134,67.8553793378851,0.253625001758337,particle entering along nominal RT scan-plane sector axis; B projected into scan plane; no SEDR attitude correction
2020-07-25 12:00:00,-0.00100000003779617,-0.438833338518937,0.219166665027539,112.630563650194,0.213666665057341,157.630563650194,0.18533333328863,157.369436349806,0.202999998504917,112.369436349806,0.539909086444161,67.3694363498058,0.202195454050194,22.3694363498058,0.216272728009657,22.6305636501943,0.224818179553205,67.6305636501942,0.224200002849102,particle entering along nominal RT scan-plane sector axis; B projected into scan plane; no SEDR attitude correction
2020-07-26 12:00:00,-0.000999999954365194,-0.443999993801117,0.216799998283386,112.629044326167,0.296500004827976,157.629044326167,0.200000002980232,157.370955673833,0.182750001549721,112.370955673833,0.521500006318092,67.3709556738326,0.189499996602535,22.3709556738326,0.230249997228384,22.6290443261674,0.229249998927116,67.6290443261674,0.224499996751547,particle entering along nominal RT scan-plane sector axis; B projected into scan plane; no SEDR attitude correction
2020-07-27 12:00:00,0.0014444444871818,-0.44355555706554,0.21799999806616,112.313416202357,0.211444444954395,157.313416202357,0.193333336048656,157.686583797643,0.202666669256157,112.686583797643,0.528888894451989,67.6865837976433,0.211555555462837,22.6865837976433,0.213888892696963,22.3134162023567,0.216999996867445,67.3134162023567,0.216142857713359,particle entering along nominal RT scan-plane sector axis; B projected into scan plane; no SEDR attitude correction
2020-07-28 12:00:00,0.000499999965541065,-0.455833335717519,0.210499999423822,112.437152739723,0.318333335220814,157.437152739723,0.312833331525326,157.562847260277,0.338166664044062,112.562847260277,0.815833320220312,67.562847260277,0.32733333359162,22.562847260277,0.303666661183039,22.4371527397231,0.318500007192294,67.437152739723,0.354166661699613,particle entering along nominal RT scan-plane sector axis; B projected into scan plane; no SEDR attitude correction
2020-07-29 12:00:00,0.00150000005669426,-0.461499996483326,0.217499999329448,112.313773845003,0.573249999433756,157.313773845003,0.471857151814869,157.686226154997,0.504000003848757,112.686226154997,1.14757140193667,67.6862261549967,0.46628571833883,22.6862261549967,0.450571422066007,22.3137738450033,0.435714278902326,67.3137738450033,0.481499994794528,particle entering along nominal RT scan-plane sector axis; B projected into scan plane; no SEDR attitude correction
2020-07-30 12:00:00,0.00454545463435352,-0.464363634586334,0.225727273659273,111.939174324526,1.02100000778834,156.939174324526,0.814888896213637,158.060825675474,23.8533333407508,113.060825675474,1.55490001738071,68.0608256754737,0.726099996268749,23.0608256754737,0.692800006270409,21.9391743245263,0.624799989163876,66.9391743245263,2.95211120115386,particle entering along nominal RT scan-plane sector axis; B projected into scan plane; no SEDR attitude correction
2020-07-31 12:00:00,0.00609090909446505,-0.464818176898089,0.223909092220393,111.749247492559,57.267999997735,156.749247492559,0.414500005543232,158.250752507441,0.402199998497963,113.250752507441,1.04059999585152,68.2507525074411,0.440299999713898,23.2507525074411,0.446400003135204,21.7492474925589,0.442300002276897,66.7492474925589,0.46644444598092,particle entering along nominal RT scan-plane sector axis; B projected into scan plane; no SEDR attitude correction
2020-08-01 12:00:00,0.00642857153434306,-0.464857135500227,0.226857142789023,111.707699502997,0.247142857738904,156.707699502997,0.228285708597728,158.292300497003,0.217857143708638,113.292300497003,0.644285708665848,68.2923004970028,0.248857144798551,23.2923004970028,0.246714285441807,21.7076995029972,0.268999998058592,66.7076995029972,0.251333336035411,particle entering along nominal RT scan-plane sector axis; B projected into scan plane; no SEDR attitude correction
2020-08-02 12:00:00,-0.000400000018998981,-0.461199998855591,0.230299998819828,112.549692773643,0.353555553489261,157.549692773643,0.362111111481984,157.450307226357,0.377444442775514,112.450307226357,0.926333328088125,67.450307226357,0.409333335028754,22.4503072263569,0.393000003364351,22.549692773643,0.383625000715256,67.549692773643,0.363999992609024,particle entering along nominal RT scan-plane sector axis; B projected into scan plane; no SEDR attitude correction
2020-08-03 12:00:00,0.00581818182995035,-0.463454549962824,0.228272725235332,111.780749854659,0.536999993703582,156.780749854659,0.504636364904317,158.219250145341,0.473636364394968,113.219250145341,1.12263634529981,68.2192501453405,0.455090907487002,23.2192501453405,0.452999999577349,21.7807498546595,0.435363631356846,66.7807498546595,0.397099997103214,particle entering along nominal RT scan-plane sector axis; B projected into scan plane; no SEDR attitude correction
2020-08-04 12:00:00,0.00900000003942599,-0.457583335538705,0.234500002115965,111.373220464262,0.438000002503395,156.373220464262,0.543199998140335,158.626779535738,0.551799999177456,113.626779535738,1.24699999690056,68.6267795357382,0.520300005376339,23.6267795357382,0.527200004458427,21.3732204642618,0.559400005638599,66.3732204642618,0.559111105071174,particle entering along nominal RT scan-plane sector axis; B projected into scan plane; no SEDR attitude correction
2020-08-05 12:00:00,0.00888888884542717,-0.457444445954429,0.23555555442969,111.386790006767,0.222999998264843,156.386790006767,0.227624997496605,158.613209993233,0.233714288898877,113.613209993233,0.65628570318222,68.6132099932334,0.260428569146565,23.6132099932334,0.271571429712432,21.3867900067666,0.259571424552373,66.3867900067666,0.273999999676432,particle entering along nominal RT scan-plane sector axis; B projected into scan plane; no SEDR attitude correction
2020-08-06 12:00:00,0.00814285701406854,-0.460142855133329,0.232428572007588,111.486178657194,0.398428574204445,156.486178657194,0.421428569725582,158.513821342806,0.372714283210891,113.513821342806,0.972571432590485,68.5138213428056,0.361714290721076,23.5138213428056,0.386166666944822,21.4861786571944,0.373666663964589,66.4861786571944,0.363166665037473,particle entering along nominal RT scan-plane sector axis; B projected into scan plane; no SEDR attitude correction
2020-08-07 12:00:00,0.0090000000782311,-0.453799998760223,0.233399999141693,111.363828935276,0.36387500539422,156.363828935276,0.416624993085861,158.636171064724,0.417249996215105,113.636171064724,1.08425000309944,68.6361710647243,0.446124996989965,23.6361710647243,0.407142860548837,21.3638289352757,0.428714283875057,66.3638289352757,0.412142857909203,particle entering along nominal RT scan-plane sector axis; B projected into scan plane; no SEDR attitude correction
2020-08-08 12:00:00,0.0132000003010035,-0.456000006198883,0.232600003480911,110.841900977523,0.136620001867414,155.841900977523,0.108785003423691,159.158099022477,0.128999998793006,114.158099022477,0.360249996185303,69.1580990224773,0.143750004470348,24.1580990224773,0.137250000610948,20.8419009775227,0.129800002276897,65.8419009775227,0.134750002995133,particle entering along nominal RT scan-plane sector axis; B projected into scan plane; no SEDR attitude correction
2020-08-09 12:00:00,0.010888888914552,-0.456777781248093,0.222999998264843,111.134414227707,0.231428576367242,156.134414227707,0.198282497934997,158.865585772293,0.202262502163649,113.865585772293,0.550750002264977,68.8655857722929,0.195184999145567,23.8655857722929,0.235500001348555,21.1344142277071,0.240726247429848,66.1344142277071,0.24928571496691,particle entering along nominal RT scan-plane sector axis; B projected into scan plane; no SEDR attitude correction
2020-08-10 12:00:00,0.00800000006953875,-0.451333334048589,0.225666667024295,111.484523830482,0.323666671911875,156.484523830482,0.345499992370605,158.515476169518,0.405666669209798,113.515476169518,1.02733335892359,68.5154761695179,0.371333330869675,23.5154761695179,0.451666663090388,21.4845238304821,0.532000005245209,66.4845238304821,0.402999997138977,particle entering along nominal RT scan-plane sector axis; B projected into scan plane; no SEDR attitude correction
2020-08-11 12:00:00,0.0141000001691282,-0.451399999856949,0.218199999630451,110.710881902776,3.06800008647972,155.710881902776,0.324666662348641,159.289118097224,0.312000006437302,114.289118097224,0.809900000691414,69.2891180972239,0.308333327372869,24.2891180972239,0.334124999120831,20.7108819027761,50.2223333285915,65.7108819027761,0.396428572280066,particle entering along nominal RT scan-plane sector axis; B projected into scan plane; no SEDR attitude correction
2020-08-12 12:00:00,0.0131666669622064,-0.439499999086062,0.221499999364217,110.784029850268,0.597800004482269,155.784029850268,0.592000000178814,159.215970149732,0.596749998629093,114.215970149732,1.50399997830391,69.2159701497321,0.63824999332428,24.2159701497321,0.688750006258488,20.7840298502679,0.733249999582767,65.7840298502679,0.746750004589558,particle entering along nominal RT scan-plane sector axis; B projected into scan plane; no SEDR attitude correction
2020-08-13 12:00:00,0.0119999999878928,-0.44412500038743,0.218500001356006,110.952277824501,0.484142854809761,155.952277824501,0.360571427004678,159.047722175499,0.362000001328332,114.047722175499,0.959142855235508,69.0477221754986,0.361000003293157,24.0477221754986,0.421499997377396,20.9522778245014,0.427874993532896,65.9522778245014,0.364285715988704,particle entering along nominal RT scan-plane sector axis; B projected into scan plane; no SEDR attitude correction
2020-08-14 12:00:00,0.0176363636485555,-0.442000004378232,0.218090906739235,110.215037479313,0.491000007499348,155.215037479313,0.449818176302043,159.784962520687,0.467909097671509,114.784962520687,1.04399998188019,69.7849625206873,0.395000001788139,24.7849625206873,0.401900005340576,20.2150374793127,0.42200000749694,65.2150374793127,0.401777772439851,particle entering along nominal RT scan-plane sector axis; B projected into scan plane; no SEDR attitude correction
2020-08-15 12:00:00,0.0203999998047948,-0.448400002717972,0.22339999973774,109.895119391209,0.508199995756149,154.895119391209,0.54899999499321,160.104880608791,0.53974998742342,115.104880608791,1.29249998927116,70.1048806087909,0.526500001549721,25.1048806087909,0.594250001013279,19.8951193912091,0.603999979794025,64.8951193912091,0.604749999940395,particle entering along nominal RT scan-plane sector axis; B projected into scan plane; no SEDR attitude correction
2020-08-16 12:00:00,0.0188750001834705,-0.444875005632639,0.221999999135733,110.070531896763,0.367833331227303,155.070531896763,0.385999999940395,159.929468103237,0.433124996721745,114.929468103237,1.07642859220505,69.9294681032367,0.446857147983142,24.9294681032367,0.407714290278299,20.0705318967634,0.403571426868439,65.0705318967634,80.0959999944482,particle entering along nominal RT scan-plane sector axis; B projected into scan plane; no SEDR attitude correction
2020-08-17 12:00:00,0.0175999998115003,-0.44549999833107,0.220100000500679,110.237639541619,0.183308000490069,155.237639541619,0.17589555763536,159.762360458381,0.189713334871663,114.762360458381,0.47022222313616,69.7623604583808,0.173974441985289,24.7623604583808,0.160136251244694,20.2376395416192,0.168130001260175,65.2376395416192,0.171897499356419,particle entering along nominal RT scan-plane sector axis; B projected into scan plane; no SEDR attitude correction
2020-08-18 12:00:00,0.0181249999441206,-0.441000003367662,0.218125000596046,110.146481064349,0.282395713031292,155.146481064349,0.271545714565686,159.853518935651,0.278285722647394,114.853518935651,0.701000000749316,69.8535189356506,0.266714288720063,24.8535189356506,0.25014286168984,20.1464810643494,0.269428569291319,65.1464810643494,0.27507833391428,particle entering along nominal RT scan-plane sector axis; B projected into scan plane; no SEDR attitude correction
2020-08-19 12:00:00,0.0103333333196739,-0.449833333492279,0.223500003417333,111.184063105241,0.310500003397465,156.184063105241,0.330599999427795,158.815936894759,0.33860000371933,113.815936894759,0.84559999704361,68.8159368947594,0.297999998927116,23.8159368947594,0.293999999761581,21.1840631052406,0.345999997854233,66.1840631052406,0.320000001788139,particle entering along nominal RT scan-plane sector axis; B projected into scan plane; no SEDR attitude correction
2020-08-20 12:00:00,0.0125000001862645,-0.435999996960163,0.225499998778105,110.857795574701,1.06350000202656,155.857795574701,1.20999997854233,159.142204425299,1.14433334271113,114.142204425299,2.43000002702077,69.142204425299,1.2006666858991,24.1422044252989,1.23566669225693,20.8577955747011,1.26933334271113,65.8577955747011,1.46099996566772,particle entering along nominal RT scan-plane sector axis; B projected into scan plane; no SEDR attitude correction
2020-08-21 12:00:00,0.0116363636810671,-0.437909091060812,0.21890909021551,110.977862905052,0.875272723761472,155.977862905052,0.979499989748001,159.022137094948,0.927300000190735,114.022137094948,2.13400000333786,69.0221370949476,0.97620000243187,24.0221370949476,0.976700007915497,20.9778629050524,1.01270000934601,65.9778629050524,1.01050000190735,particle entering along nominal RT scan-plane sector axis; B projected into scan plane; no SEDR attitude correction
2020-08-22 12:00:00,0.00418181814761324,-0.464363634586334,0.244272727857937,111.984037861877,0.776545462283221,156.984037861877,0.703700000047684,158.015962138123,0.693000000715256,113.015962138123,1.63299998044968,68.0159621381227,0.712699994444847,23.0159621381226,0.729300004243851,21.9840378618773,0.771800008416176,66.9840378618773,0.77887499332428,particle entering along nominal RT scan-plane sector axis; B projected into scan plane; no SEDR attitude correction
2020-08-23 12:00:00,0.00800000006953875,-0.452666660149892,0.245666667819023,111.487514284018,0.476000010967255,156.487514284018,0.218999996781349,158.512485715982,0.310000002384186,113.512485715982,0.768999993801117,68.512485715982,0.292499996721745,23.512485715982,0.317999996244907,21.4875142840181,0.331499993801117,66.487514284018,0.307000011205673,particle entering along nominal RT scan-plane sector axis; B projected into scan plane; no SEDR attitude correction
2020-08-24 12:00:00,0.00200000004842877,-0.442999994754791,0.247200000286102,112.241330057287,0.732400012016296,157.241330057287,0.71800000667572,157.758669942713,0.794599986076355,112.758669942713,1.77599999904633,67.7586699427129,0.770000004768372,22.7586699427129,0.806000009179115,22.2413300572871,0.916499987244606,67.2413300572871,0.803749993443489,particle entering along nominal RT scan-plane sector axis; B projected into scan plane; no SEDR attitude correction
2020-08-25 12:00:00,0.00245454547588121,-0.44436364011331,0.24209090931849,112.183516711568,0.729444447490904,157.183516711568,0.786333335770501,157.816483288432,0.824888878398471,112.816483288432,1.90111109945509,67.816483288432,0.790300005674362,22.816483288432,0.80229999423027,22.183516711568,0.841399991512299,67.183516711568,0.793888880146874,particle entering along nominal RT scan-plane sector axis; B projected into scan plane; no SEDR attitude correction
2020-08-26 12:00:00,0.00166666670702398,-0.442333330710729,0.247333332896233,112.284116389982,0.764999985694885,157.284116389982,0.843999981880188,157.715883610018,0.671000003814697,112.715883610018,1.66999995708466,67.7158836100179,0.921000003814697,22.7158836100179,0.846000015735626,22.2841163899821,0.75900000333786,67.2841163899821,0.672999978065491,particle entering along nominal RT scan-plane sector axis; B projected into scan plane; no SEDR attitude correction
2020-08-27 12:00:00,0.0108571431067373,-0.443999997207097,0.243142856018884,111.09922401519,1.89049996932348,156.09922401519,2.0884285569191,158.90077598481,2.055999985763,113.90077598481,4.34999998978206,68.9007759848101,2.03257139239992,23.9007759848101,2.1612857069288,21.0992240151899,2.46600003242493,66.0992240151899,2.32600002288818,particle entering along nominal RT scan-plane sector axis; B projected into scan plane; no SEDR attitude correction
2020-08-28 12:00:00,0.0124999999534339,-0.443375002592802,0.246249999850988,110.885097097612,0.522374995052814,155.885097097612,0.583124991506338,159.114902902388,0.631285714251654,114.114902902388,1.40000000170299,69.1149029023882,0.63542856488909,24.1149029023882,0.664666672547658,20.8850970976118,0.702000002066294,65.8850970976118,0.682666659355164,particle entering along nominal RT scan-plane sector axis; B projected into scan plane; no SEDR attitude correction
2020-08-29 12:00:00,0.00958333342957,-0.444333332280318,0.247833333909512,111.264442360942,0.435636365955526,156.264442360942,0.442833331724008,158.735557639058,0.450333332022031,113.735557639058,1.07036360827359,68.7355576390577,0.430545451966199,23.7355576390577,0.486181825399399,21.2644423609423,0.501000003381209,66.2644423609423,0.474818180907856,particle entering along nominal RT scan-plane sector axis; B projected into scan plane; no SEDR attitude correction
2020-08-30 12:00:00,0.0146666665871938,-0.445999999841054,0.239666665593783,110.616512616404,0.529666672150294,155.616512616404,0.530666659275691,159.383487383596,0.620666662851969,114.383487383596,1.50666666030884,69.3834873835956,0.599999994039536,24.3834873835956,0.680333316326141,20.6165126164044,0.644666661818822,65.6165126164044,0.706999987363815,particle entering along nominal RT scan-plane sector axis; B projected into scan plane; no SEDR attitude correction
2020-08-31 12:00:00,0.0134444444750746,-0.440333333280351,0.238333332869742,110.751164212416,0.300624994561076,155.751164212416,0.312999997287989,159.248835787584,0.351250000298023,114.248835787584,0.875624999403954,69.2488357875842,0.341749999672174,24.2488357875842,0.348624998703599,20.7511642124158,0.373874995857477,65.7511642124158,0.357374995946884,particle entering along nominal RT scan-plane sector axis; B projected into scan plane; no SEDR attitude correction
2020-09-01 12:00:00,0.015666666906327,-0.442500000198682,0.23366666585207,110.472295794742,0.590666671593984,155.472295794742,0.645000000794729,159.527704205258,0.60716667274634,114.527704205258,1.52500003576279,69.5277042052581,0.646500001351039,24.5277042052581,0.716999997695287,20.4722957947419,0.731499989827474,65.4722957947419,0.697666664918264,particle entering along nominal RT scan-plane sector axis; B projected into scan plane; no SEDR attitude correction
2020-09-02 12:00:00,0.0150000001303852,-0.445999999841054,0.237499999503295,110.57373794815,0.81700000166893,155.57373794815,0.667499999205271,159.42626205185,0.654166668653488,114.42626205185,1.47999997933706,69.4262620518498,0.650666654109955,24.4262620518498,0.609333326419195,20.5737379481502,0.670333335796992,65.5737379481502,0.647800010442734,particle entering along nominal RT scan-plane sector axis; B projected into scan plane; no SEDR attitude correction
2020-09-03 12:00:00,0.0146000005304813,-0.448000007867813,0.233799999952316,110.633432052497,0.583799993991852,155.633432052497,0.618400001525879,159.366567947503,0.607800000905991,114.366567947503,1.36200001239777,69.3665679475031,0.574599999189377,24.3665679475031,0.583400005102158,20.6334320524969,0.665199995040894,65.6334320524969,0.575400000810623,particle entering along nominal RT scan-plane sector axis; B projected into scan plane; no SEDR attitude correction
2020-09-04 12:00:00,0.0105454545806755,-0.44136363809759,0.23972727087411,111.131298429377,0.70927272466096,156.131298429377,0.529000005125999,158.868701570623,0.586199995875359,113.868701570623,1.33622221814262,68.8687015706231,0.551500007510185,23.8687015706231,0.560999998450279,21.1312984293769,0.583000001311302,66.1312984293769,0.631888889604145,particle entering along nominal RT scan-plane sector axis; B projected into scan plane; no SEDR attitude correction
2020-09-05 12:00:00,0.0127500001108274,-0.444625001400709,0.23874999769032,110.857444915055,0.212428569793701,155.857444915055,0.213285714387894,159.142555084945,0.235285716397422,114.142555084945,0.566000001771109,69.1425550849449,0.200571430580957,24.1425550849449,0.198428571224213,20.8574449150551,0.189489997923374,65.8574449150551,0.196781427732536,particle entering along nominal RT scan-plane sector axis; B projected into scan plane; no SEDR attitude correction
2020-09-06 12:00:00,0.0175000000745058,-0.456499998768171,0.253166670600573,110.30463218253,0.121988333761692,155.30463218253,0.142135000477235,159.69536781747,0.12609333358705,114.69536781747,0.356333330273628,69.6953678174697,0.123981666440765,24.6953678174697,0.142050001770258,20.3046321825303,0.136401668190956,65.3046321825303,0.139814999575416,particle entering along nominal RT scan-plane sector axis; B projected into scan plane; no SEDR attitude correction
2020-09-07 12:00:00,0.0167500001844019,-0.455749999731779,0.24987499974668,110.395178146626,0.115534286413874,155.395178146626,0.132322858486857,159.604821853374,0.152803331613541,114.604821853374,0.433500001827876,69.6048218533744,0.162803334494432,24.6048218533745,0.161191663394372,20.3951781466255,0.155666664242744,65.3951781466256,0.181000004212062,particle entering along nominal RT scan-plane sector axis; B projected into scan plane; no SEDR attitude correction
