2024-05-10T00:00:27.000Z,-1.0E31,-1.0E31
2024-05-10T00:01:31.000Z,397.99,72686.9
2024-05-10T00:02:35.000Z,395.46,65100.3
2024-05-10T00:03:39.000Z,397.73,77815.7
2024-05-10T00:04:43.000Z,399.30,69448.3
2024-05-10T00:05:47.000Z,400.98,69193.7
2024-05-10T00:06:51.000Z,400.98,61082.6
2024-05-10T00:07:55.000Z,401.96,70215.7
2024-05-10T00:08:59.000Z,398.80,69970.7
2024-05-10T00:10:03.000Z,399.10,67725.5
2024-05-10T00:11:07.000Z,400.69,64952.7
2024-05-10T00:12:11.000Z,401.22,68582.4
2024-05-10T00:13:15.000Z,406.45,59078.7
2024-05-10T00:14:19.000Z,403.48,57046.9
2024-05-10T00:15:23.000Z,402.11,60201.7
2024-05-10T00:16:27.000Z,405.46,57100.1
2024-05-10T00:17:31.000Z,404.63,59208.7
2024-05-10T00:18:35.000Z,405.78,50002.7
2024-05-10T00:19:39.000Z,402.41,57561.5
2024-05-10T00:20:43.000Z,403.66,67556.1
2024-05-10T00:21:47.000Z,397.67,61666.5
2024-05-10T00:22:51.000Z,407.86,58033.5
2024-05-10T00:23:55.000Z,408.00,59189.5
2024-05-10T00:24:59.000Z,400.03,59822.1
2024-05-10T00:26:03.000Z,400.66,63607.6
2024-05-10T00:27:07.000Z,402.11,61412.7
2024-05-10T00:28:11.000Z,399.32,62199.7
2024-05-10T00:29:15.000Z,399.28,62109.5
2024-05-10T00:30:19.000Z,396.83,62889.5
2024-05-10T00:31:23.000Z,394.13,63056.7
2024-05-10T00:32:27.000Z,392.84,62954.4
2024-05-10T00:33:31.000Z,-1.0E31,-1.0E31
2024-05-10T00:34:35.000Z,392.54,61382.9
2024-05-10T00:35:39.000Z,394.96,67507.8
2024-05-10T00:36:43.000Z,393.56,64354.5
2024-05-10T00:37:47.000Z,392.00,61016.6
2024-05-10T00:38:51.000Z,393.77,68184.5
2024-05-10T00:39:55.000Z,393.44,64879.1
2024-05-10T00:40:59.000Z,391.70,68318.9
2024-05-10T00:42:03.000Z,390.30,69729.5
2024-05-10T00:43:07.000Z,390.10,70763.0
2024-05-10T00:44:11.000Z,392.92,65694.0
2024-05-10T00:45:15.000Z,390.57,69095.5
2024-05-10T00:46:19.000Z,391.99,70710.3
2024-05-10T00:47:23.000Z,397.58,64312.2
2024-05-10T00:48:27.000Z,395.63,62541.3
2024-05-10T00:49:31.000Z,394.76,65248.3
2024-05-10T00:50:35.000Z,398.06,62181.7
2024-05-10T00:51:39.000Z,395.89,60660.2
2024-05-10T00:52:43.000Z,396.22,63382.9
2024-05-10T00:53:47.000Z,389.89,65135.3
2024-05-10T00:54:51.000Z,389.02,68569.9
2024-05-10T00:55:55.000Z,393.94,69119.3
2024-05-10T00:56:59.000Z,387.49,68431.0
2024-05-10T00:58:03.000Z,385.22,72964.3
2024-05-10T00:59:07.000Z,387.28,82904.0
2024-05-10T01:00:11.000Z,388.94,83911.8
2024-05-10T01:01:15.000Z,410.88,-1.0E31
2024-05-10T01:02:19.000Z,392.46,81848.6
2024-05-10T01:03:23.000Z,406.42,76415.6
2024-05-10T01:04:27.000Z,414.76,43525.5
2024-05-10T01:05:31.000Z,411.46,53708.3
2024-05-10T01:06:35.000Z,-1.0E31,-1.0E31
2024-05-10T01:07:39.000Z,419.94,68693.1
2024-05-10T01:08:43.000Z,427.60,75998.0
2024-05-10T01:09:47.000Z,428.41,67719.4
2024-05-10T01:10:51.000Z,409.49,51962.7
2024-05-10T01:11:55.000Z,391.30,91479.1
2024-05-10T01:12:59.000Z,391.01,89517.2
2024-05-10T01:14:03.000Z,399.83,85986.8
2024-05-10T01:15:07.000Z,395.52,-1.0E31
2024-05-10T01:16:11.000Z,401.94,78800.6
2024-05-10T01:17:15.000Z,387.57,89103.1
2024-05-10T01:18:19.000Z,391.09,93752.6
2024-05-10T01:19:23.000Z,392.78,94158.3
2024-05-10T01:20:27.000Z,394.05,93785.5
2024-05-10T01:21:31.000Z,394.82,90366.1
2024-05-10T01:22:35.000Z,400.47,90852.6
2024-05-10T01:23:39.000Z,-1.0E31,-1.0E31
2024-05-10T01:24:43.000Z,398.03,80489.4
2024-05-10T01:25:47.000Z,405.08,83216.9
2024-05-10T01:26:51.000Z,413.19,-1.0E31
2024-05-10T01:27:55.000Z,414.87,84055.9
2024-05-10T01:28:59.000Z,419.05,53121.6
2024-05-10T01:30:03.000Z,423.80,53502.7
2024-05-10T01:31:07.000Z,423.34,54612.8
2024-05-10T01:32:11.000Z,424.78,53676.6
2024-05-10T01:33:15.000Z,423.37,55451.4
2024-05-10T01:34:19.000Z,432.69,55395.7
2024-05-10T01:35:23.000Z,432.50,55724.0
2024-05-10T01:36:27.000Z,425.39,61110.4
2024-05-10T01:37:31.000Z,430.85,54064.5
2024-05-10T01:38:35.000Z,428.76,51358.7
2024-05-10T01:39:39.000Z,-1.0E31,-1.0E31
2024-05-10T01:40:43.000Z,430.77,45820.0
2024-05-10T01:41:47.000Z,429.63,47888.0
2024-05-10T01:42:51.000Z,431.60,49409.6
2024-05-10T01:43:55.000Z,430.96,51587.8
2024-05-10T01:44:59.000Z,427.96,51480.2
2024-05-10T01:46:03.000Z,428.44,48300.1
2024-05-10T01:47:07.000Z,428.15,43139.2
2024-05-10T01:48:11.000Z,424.90,43236.0
2024-05-10T01:49:15.000Z,430.61,46088.0
2024-05-10T01:50:19.000Z,432.40,42383.1
2024-05-10T01:51:23.000Z,434.47,42465.9
2024-05-10T01:52:27.000Z,428.22,44664.7
2024-05-10T01:53:31.000Z,431.32,44419.6
2024-05-10T01:54:35.000Z,428.74,45964.6
2024-05-10T01:55:39.000Z,427.85,43599.7
2024-05-10T01:56:43.000Z,427.08,43163.2
2024-05-10T01:57:47.000Z,428.00,33136.1
2024-05-10T01:58:51.000Z,424.62,30085.0
2024-05-10T01:59:55.000Z,424.95,33648.8
2024-05-10T02:00:59.000Z,423.58,34424.1
2024-05-10T02:02:03.000Z,424.96,36142.3
2024-05-10T02:03:07.000Z,424.27,37251.3
2024-05-10T02:04:11.000Z,426.74,36097.8
2024-05-10T02:05:15.000Z,426.93,46731.7
2024-05-10T02:06:19.000Z,427.12,40153.4
2024-05-10T02:07:23.000Z,428.45,40771.9
2024-05-10T02:08:27.000Z,426.82,38876.4
2024-05-10T02:09:31.000Z,426.43,38701.6
2024-05-10T02:10:35.000Z,426.36,40058.5
2024-05-10T02:11:39.000Z,431.20,41236.4
2024-05-10T02:12:43.000Z,-1.0E31,-1.0E31
2024-05-10T02:13:47.000Z,432.30,49903.5
2024-05-10T02:14:51.000Z,433.33,49609.4
2024-05-10T02:15:55.000Z,431.91,46326.4
2024-05-10T02:16:59.000Z,432.58,50494.9
2024-05-10T02:18:03.000Z,432.89,48453.2
2024-05-10T02:19:07.000Z,436.27,50885.2
2024-05-10T02:20:11.000Z,432.58,57192.7
2024-05-10T02:21:15.000Z,429.14,60102.6
2024-05-10T02:22:19.000Z,428.51,52259.7
2024-05-10T02:23:23.000Z,428.88,62597.2
2024-05-10T02:24:27.000Z,431.92,63692.6
2024-05-10T02:25:31.000Z,422.64,-1.0E31
2024-05-10T02:26:35.000Z,432.45,-1.0E31
2024-05-10T02:27:39.000Z,424.37,-1.0E31
2024-05-10T02:28:43.000Z,435.20,49374.1
2024-05-10T02:29:47.000Z,434.89,50609.3
2024-05-10T02:30:51.000Z,428.86,44789.5
2024-05-10T02:31:55.000Z,433.03,47122.8
2024-05-10T02:32:59.000Z,429.77,34216.6
2024-05-10T02:34:03.000Z,427.53,35054.4
2024-05-10T02:35:07.000Z,427.73,36819.2
2024-05-10T02:36:11.000Z,431.73,37230.3
2024-05-10T02:37:15.000Z,429.58,30782.3
2024-05-10T02:38:19.000Z,430.46,34191.7
2024-05-10T02:39:23.000Z,431.22,32003.3
2024-05-10T02:40:27.000Z,428.75,34548.6
2024-05-10T02:41:31.000Z,430.87,29185.8
2024-05-10T02:42:35.000Z,429.14,27631.3
2024-05-10T02:43:39.000Z,428.93,23125.8
2024-05-10T02:44:43.000Z,423.71,24838.3
2024-05-10T02:45:47.000Z,-1.0E31,-1.0E31
2024-05-10T02:46:51.000Z,427.32,25720.4
2024-05-10T02:47:55.000Z,430.64,29260.1
2024-05-10T02:48:59.000Z,431.38,29675.6
2024-05-10T02:50:03.000Z,431.64,27970.0
2024-05-10T02:51:07.000Z,431.45,21440.5
2024-05-10T02:52:11.000Z,428.35,23628.0
2024-05-10T02:53:15.000Z,426.20,20397.4
2024-05-10T02:54:19.000Z,428.32,23661.8
2024-05-10T02:55:23.000Z,429.11,19685.8
2024-05-10T02:56:27.000Z,426.32,21625.8
2024-05-10T02:57:31.000Z,427.21,19442.9
2024-05-10T02:58:35.000Z,427.22,23625.6
2024-05-10T02:59:39.000Z,427.91,20014.3
2024-05-10T03:00:43.000Z,426.71,21743.8
2024-05-10T03:01:47.000Z,427.65,19327.9
2024-05-10T03:02:51.000Z,426.22,22284.2
2024-05-10T03:03:55.000Z,427.36,23580.3
2024-05-10T03:04:59.000Z,425.78,24669.3
2024-05-10T03:06:03.000Z,426.96,22998.3
2024-05-10T03:07:07.000Z,426.72,24896.8
2024-05-10T03:08:11.000Z,426.32,23397.4
2024-05-10T03:09:15.000Z,427.26,26926.0
2024-05-10T03:10:19.000Z,426.67,22835.8
2024-05-10T03:11:23.000Z,423.09,23885.9
2024-05-10T03:12:27.000Z,427.32,26897.1
2024-05-10T03:13:31.000Z,426.02,38334.6
2024-05-10T03:14:35.000Z,426.48,38551.5
2024-05-10T03:15:39.000Z,427.18,44194.8
2024-05-10T03:16:43.000Z,427.32,43464.8
2024-05-10T03:17:47.000Z,426.63,42085.0
2024-05-10T03:18:51.000Z,-1.0E31,-1.0E31
2024-05-10T03:19:55.000Z,427.64,44185.8
2024-05-10T03:20:59.000Z,426.89,46951.5
2024-05-10T03:22:03.000Z,428.98,46464.0
2024-05-10T03:23:07.000Z,429.27,50276.3
2024-05-10T03:24:11.000Z,428.63,49100.4
2024-05-10T03:25:15.000Z,430.67,51002.1
2024-05-10T03:26:19.000Z,431.05,49143.5
2024-05-10T03:27:23.000Z,430.09,49328.1
2024-05-10T03:28:27.000Z,429.60,50130.8
2024-05-10T03:29:31.000Z,429.33,52596.4
2024-05-10T03:30:35.000Z,429.72,46858.5
2024-05-10T03:31:39.000Z,429.08,53159.6
2024-05-10T03:32:43.000Z,430.66,48172.2
2024-05-10T03:33:47.000Z,431.47,47979.2
2024-05-10T03:34:51.000Z,430.00,47344.0
2024-05-10T03:35:55.000Z,430.21,48732.0
2024-05-10T03:36:59.000Z,430.77,47707.6
2024-05-10T03:38:03.000Z,430.87,48218.5
2024-05-10T03:39:07.000Z,430.46,48353.8
2024-05-10T03:40:11.000Z,430.52,49378.0
2024-05-10T03:41:15.000Z,429.95,47781.6
2024-05-10T03:42:19.000Z,429.87,49660.9
2024-05-10T03:43:23.000Z,430.24,48034.5
2024-05-10T03:44:27.000Z,430.47,50270.0
2024-05-10T03:45:31.000Z,430.11,47662.3
2024-05-10T03:46:35.000Z,428.76,48390.8
2024-05-10T03:47:39.000Z,430.29,46009.1
2024-05-10T03:48:43.000Z,429.96,48699.2
2024-05-10T03:49:47.000Z,428.94,45470.6
2024-05-10T03:50:51.000Z,429.09,47312.1
2024-05-10T03:51:55.000Z,-1.0E31,-1.0E31
2024-05-10T03:52:59.000Z,427.88,45129.8
2024-05-10T03:54:03.000Z,428.02,48989.3
2024-05-10T03:55:07.000Z,427.28,45015.9
2024-05-10T03:56:11.000Z,427.38,46676.7
2024-05-10T03:57:15.000Z,427.49,43277.5
2024-05-10T03:58:19.000Z,427.38,45779.4
2024-05-10T03:59:23.000Z,426.92,42847.0
2024-05-10T04:00:27.000Z,427.58,46583.7
2024-05-10T04:01:31.000Z,427.02,43563.3
2024-05-10T04:02:35.000Z,426.69,48034.5
2024-05-10T04:03:39.000Z,427.14,44244.7
2024-05-10T04:04:43.000Z,427.26,46945.8
2024-05-10T04:05:47.000Z,427.31,42390.6
2024-05-10T04:06:51.000Z,426.76,47458.7
2024-05-10T04:07:55.000Z,426.68,44341.2
2024-05-10T04:08:59.000Z,426.87,50024.2
2024-05-10T04:10:03.000Z,426.14,48777.0
2024-05-10T04:11:07.000Z,425.50,52299.7
2024-05-10T04:12:11.000Z,424.84,49852.4
2024-05-10T04:13:15.000Z,424.74,55781.9
2024-05-10T04:14:19.000Z,425.51,47200.1
2024-05-10T04:15:23.000Z,422.04,47846.1
2024-05-10T04:16:27.000Z,421.16,48097.8
2024-05-10T04:17:31.000Z,422.21,53572.4
2024-05-10T04:18:35.000Z,422.92,50860.9
2024-05-10T04:19:39.000Z,421.94,54353.9
2024-05-10T04:20:43.000Z,421.60,53877.5
2024-05-10T04:21:47.000Z,420.24,54810.4
2024-05-10T04:22:51.000Z,422.02,52915.6
2024-05-10T04:23:55.000Z,422.06,54398.1
2024-05-10T04:24:59.000Z,-1.0E31,-1.0E31
2024-05-10T04:26:03.000Z,420.67,49084.1
2024-05-10T04:27:07.000Z,421.07,55730.3
2024-05-10T04:28:11.000Z,420.61,57925.2
2024-05-10T04:29:15.000Z,420.28,57225.7
2024-05-10T04:30:19.000Z,419.86,56349.0
2024-05-10T04:31:23.000Z,420.64,56433.1
2024-05-10T04:32:27.000Z,421.57,56243.9
2024-05-10T04:33:31.000Z,424.30,60275.2
2024-05-10T04:34:35.000Z,424.15,57582.5
2024-05-10T04:35:39.000Z,422.98,58095.4
2024-05-10T04:36:43.000Z,420.71,55843.3
2024-05-10T04:37:47.000Z,421.91,59446.9
2024-05-10T04:38:51.000Z,420.64,56881.0
2024-05-10T04:39:55.000Z,422.58,60996.6
2024-05-10T04:40:59.000Z,422.55,58134.6
2024-05-10T04:42:03.000Z,422.02,60330.0
2024-05-10T04:43:07.000Z,420.38,55515.7
2024-05-10T04:44:11.000Z,418.77,56065.0
2024-05-10T04:45:15.000Z,418.34,54406.0
2024-05-10T04:46:19.000Z,418.97,55496.4
2024-05-10T04:47:23.000Z,419.12,52184.7
2024-05-10T04:48:27.000Z,420.20,52393.7
2024-05-10T04:49:31.000Z,418.53,52306.4
2024-05-10T04:50:35.000Z,417.34,53289.7
2024-05-10T04:51:39.000Z,416.63,53832.3
2024-05-10T04:52:43.000Z,418.58,53927.7
2024-05-10T04:53:47.000Z,418.44,51847.4
2024-05-10T04:54:51.000Z,418.73,54995.7
2024-05-10T04:55:55.000Z,418.69,51571.5
2024-05-10T04:56:59.000Z,418.70,54353.8
2024-05-10T04:58:03.000Z,-1.0E31,-1.0E31
2024-05-10T04:59:07.000Z,418.53,53862.6
2024-05-10T05:00:11.000Z,418.61,52703.8
2024-05-10T05:01:15.000Z,418.85,53148.6
2024-05-10T05:02:19.000Z,420.07,54797.3
2024-05-10T05:03:23.000Z,421.69,53117.5
2024-05-10T05:04:27.000Z,420.47,50945.9
2024-05-10T05:05:31.000Z,418.54,53136.9
2024-05-10T05:06:35.000Z,419.67,53185.0
2024-05-10T05:07:39.000Z,419.33,57476.0
2024-05-10T05:08:43.000Z,418.83,54764.3
2024-05-10T05:09:47.000Z,418.79,55233.7
2024-05-10T05:10:51.000Z,419.72,54562.8
2024-05-10T05:11:55.000Z,419.37,54612.7
2024-05-10T05:12:59.000Z,419.60,52845.9
2024-05-10T05:14:03.000Z,419.26,54673.0
2024-05-10T05:15:07.000Z,419.02,49497.9
2024-05-10T05:16:11.000Z,416.96,48348.1
2024-05-10T05:17:15.000Z,417.62,49827.1
2024-05-10T05:18:19.000Z,417.83,52872.3
2024-05-10T05:19:23.000Z,419.43,51279.7
2024-05-10T05:20:27.000Z,417.45,55099.2
2024-05-10T05:21:31.000Z,417.37,56264.2
2024-05-10T05:22:35.000Z,415.86,53917.5
2024-05-10T05:23:39.000Z,416.41,52086.9
2024-05-10T05:24:43.000Z,416.44,55670.1
2024-05-10T05:25:47.000Z,415.37,54216.6
2024-05-10T05:26:51.000Z,415.47,55055.6
2024-05-10T05:27:55.000Z,416.49,54501.3
2024-05-10T05:28:59.000Z,414.13,53150.6
2024-05-10T05:30:03.000Z,414.96,52071.6
2024-05-10T05:31:07.000Z,-1.0E31,-1.0E31
2024-05-10T05:32:11.000Z,416.10,52150.1
2024-05-10T05:33:15.000Z,415.62,51122.1
2024-05-10T05:34:19.000Z,414.93,46277.3
2024-05-10T05:35:23.000Z,415.65,50897.3
2024-05-10T05:36:27.000Z,415.82,54917.2
2024-05-10T05:37:31.000Z,415.18,55612.1
2024-05-10T05:38:35.000Z,414.15,53972.3
2024-05-10T05:39:39.000Z,414.37,53511.5
2024-05-10T05:40:43.000Z,413.07,51713.0
2024-05-10T05:41:47.000Z,414.38,53612.5
2024-05-10T05:42:51.000Z,413.58,51272.3
2024-05-10T05:43:55.000Z,413.19,54033.8
2024-05-10T05:44:59.000Z,412.28,50955.4
2024-05-10T05:46:03.000Z,413.48,53908.3
2024-05-10T05:47:07.000Z,413.43,53141.4
2024-05-10T05:48:11.000Z,413.33,54531.9
2024-05-10T05:49:15.000Z,413.53,52898.3
2024-05-10T05:50:19.000Z,412.69,53797.2
2024-05-10T05:51:23.000Z,411.18,45665.5
2024-05-10T05:52:27.000Z,406.93,47044.7
2024-05-10T05:53:31.000Z,406.76,42177.3
2024-05-10T05:54:35.000Z,407.01,44359.3
2024-05-10T05:55:39.000Z,406.90,42024.2
2024-05-10T05:56:43.000Z,407.53,47585.0
2024-05-10T05:57:47.000Z,407.97,47962.3
2024-05-10T05:58:51.000Z,408.32,51950.4
2024-05-10T05:59:55.000Z,407.69,49848.3
2024-05-10T06:00:59.000Z,408.96,47512.8
2024-05-10T06:02:03.000Z,409.09,41812.2
2024-05-10T06:03:07.000Z,405.29,38553.8
2024-05-10T06:04:11.000Z,-1.0E31,-1.0E31
2024-05-10T06:05:15.000Z,407.30,38361.1
2024-05-10T06:06:19.000Z,407.06,41762.4
2024-05-10T06:07:23.000Z,408.21,36898.9
2024-05-10T06:08:27.000Z,407.69,39706.2
2024-05-10T06:09:31.000Z,406.99,36137.5
2024-05-10T06:10:35.000Z,406.04,38184.0
2024-05-10T06:11:39.000Z,405.38,37923.5
2024-05-10T06:12:43.000Z,404.94,40052.1
2024-05-10T06:13:47.000Z,405.54,34937.0
2024-05-10T06:14:51.000Z,410.43,28562.9
2024-05-10T06:15:55.000Z,411.41,27365.2
2024-05-10T06:16:59.000Z,412.83,30404.7
2024-05-10T06:18:03.000Z,413.53,20397.7
2024-05-10T06:19:07.000Z,413.23,24295.8
2024-05-10T06:20:11.000Z,411.90,-1.0E31
2024-05-10T06:21:15.000Z,414.00,20573.1
2024-05-10T06:22:19.000Z,415.86,23669.6
2024-05-10T06:23:23.000Z,418.62,31372.2
2024-05-10T06:24:27.000Z,416.14,32672.5
2024-05-10T06:25:31.000Z,418.93,33468.0
2024-05-10T06:26:35.000Z,417.04,32956.3
2024-05-10T06:27:39.000Z,419.15,34557.1
2024-05-10T06:28:43.000Z,415.71,32235.4
2024-05-10T06:29:47.000Z,417.13,34334.4
2024-05-10T06:30:51.000Z,414.55,33377.3
2024-05-10T06:31:55.000Z,413.11,39012.0
2024-05-10T06:32:59.000Z,411.12,35710.4
2024-05-10T06:34:03.000Z,414.08,41284.9
2024-05-10T06:35:07.000Z,416.33,38680.2
2024-05-10T06:36:11.000Z,413.93,37621.0
2024-05-10T06:37:15.000Z,-1.0E31,-1.0E31
2024-05-10T06:38:19.000Z,415.21,39350.3
2024-05-10T06:39:23.000Z,411.79,39472.9
2024-05-10T06:40:27.000Z,411.91,37323.1
2024-05-10T06:41:31.000Z,410.69,38854.6
2024-05-10T06:42:35.000Z,411.83,36144.8
2024-05-10T06:43:39.000Z,409.40,38246.2
2024-05-10T06:44:43.000Z,408.46,37282.1
2024-05-10T06:45:47.000Z,413.46,40312.6
2024-05-10T06:46:51.000Z,409.00,41462.4
2024-05-10T06:47:55.000Z,408.96,42927.3
2024-05-10T06:48:59.000Z,410.04,41180.2
2024-05-10T06:50:03.000Z,409.29,39999.8
2024-05-10T06:51:07.000Z,409.39,41673.9
2024-05-10T06:52:11.000Z,409.06,42320.7
2024-05-10T06:53:15.000Z,409.28,41610.5
2024-05-10T06:54:19.000Z,408.58,40873.5
2024-05-10T06:55:23.000Z,408.23,42476.7
2024-05-10T06:56:27.000Z,409.39,38591.5
2024-05-10T06:57:31.000Z,408.90,37217.2
2024-05-10T06:58:35.000Z,408.16,38641.1
2024-05-10T06:59:39.000Z,407.07,38429.6
2024-05-10T07:00:43.000Z,405.95,38046.2
2024-05-10T07:01:47.000Z,407.38,37685.8
2024-05-10T07:02:51.000Z,406.11,40090.7
2024-05-10T07:03:55.000Z,406.46,39578.7
2024-05-10T07:04:59.000Z,409.06,45294.7
2024-05-10T07:06:03.000Z,408.71,46516.7
2024-05-10T07:07:07.000Z,408.32,45464.6
2024-05-10T07:08:11.000Z,408.11,46883.1
2024-05-10T07:09:15.000Z,406.64,43581.4
2024-05-10T07:10:19.000Z,-1.0E31,-1.0E31
2024-05-10T07:11:23.000Z,407.71,35430.3
2024-05-10T07:12:27.000Z,409.11,40042.0
2024-05-10T07:13:31.000Z,409.11,34764.1
2024-05-10T07:14:35.000Z,408.85,33179.7
2024-05-10T07:15:39.000Z,409.00,33477.0
2024-05-10T07:16:43.000Z,409.51,35221.8
2024-05-10T07:17:47.000Z,409.50,32354.9
2024-05-10T07:18:51.000Z,410.04,35899.8
2024-05-10T07:19:55.000Z,409.82,32478.9
2024-05-10T07:20:59.000Z,411.55,34485.3
2024-05-10T07:22:03.000Z,411.00,34051.3
2024-05-10T07:23:07.000Z,410.83,33763.1
2024-05-10T07:24:11.000Z,410.54,29930.9
2024-05-10T07:25:15.000Z,409.95,32776.0
2024-05-10T07:26:19.000Z,412.78,33428.8
2024-05-10T07:27:23.000Z,410.65,37054.3
2024-05-10T07:28:27.000Z,410.92,34018.8
2024-05-10T07:29:31.000Z,409.71,36076.2
2024-05-10T07:30:35.000Z,406.35,32068.9
2024-05-10T07:31:39.000Z,408.92,35261.1
2024-05-10T07:32:43.000Z,408.75,35170.3
2024-05-10T07:33:47.000Z,406.07,37905.5
2024-05-10T07:34:51.000Z,405.90,31911.9
2024-05-10T07:35:55.000Z,407.93,34944.9
2024-05-10T07:36:59.000Z,408.32,31934.5
2024-05-10T07:38:03.000Z,407.49,34734.9
2024-05-10T07:39:07.000Z,406.57,33020.7
2024-05-10T07:40:11.000Z,406.67,35585.0
2024-05-10T07:41:15.000Z,407.54,32538.2
2024-05-10T07:42:19.000Z,407.82,34109.2
2024-05-10T07:43:23.000Z,-1.0E31,-1.0E31
2024-05-10T07:44:27.000Z,406.25,36181.6
2024-05-10T07:45:31.000Z,403.69,32923.9
2024-05-10T07:46:35.000Z,404.24,33057.4
2024-05-10T07:47:39.000Z,404.43,30958.3
2024-05-10T07:48:43.000Z,402.92,36379.8
2024-05-10T07:49:47.000Z,403.17,36869.4
2024-05-10T07:50:51.000Z,403.59,36200.4
2024-05-10T07:51:55.000Z,406.41,35921.6
2024-05-10T07:52:59.000Z,407.23,35832.5
2024-05-10T07:54:03.000Z,408.37,33507.7
2024-05-10T07:55:07.000Z,408.17,39176.2
2024-05-10T07:56:11.000Z,408.71,37681.5
2024-05-10T07:57:15.000Z,409.74,40578.7
2024-05-10T07:58:19.000Z,409.90,40091.9
2024-05-10T07:59:23.000Z,409.35,41065.8
2024-05-10T08:00:27.000Z,409.18,35947.5
2024-05-10T08:01:31.000Z,406.89,50731.9
2024-05-10T08:02:35.000Z,404.76,44308.3
2024-05-10T08:03:39.000Z,405.85,42520.1
2024-05-10T08:04:43.000Z,405.67,44274.0
2024-05-10T08:05:47.000Z,405.75,45050.5
2024-05-10T08:06:51.000Z,403.18,43967.3
2024-05-10T08:07:55.000Z,404.23,43160.5
2024-05-10T08:08:59.000Z,405.35,46371.0
2024-05-10T08:10:03.000Z,404.69,46669.0
2024-05-10T08:11:07.000Z,408.34,54472.6
2024-05-10T08:12:11.000Z,408.26,55542.0
2024-05-10T08:13:15.000Z,406.43,49175.8
2024-05-10T08:14:19.000Z,404.37,44151.7
2024-05-10T08:15:23.000Z,402.16,46904.9
2024-05-10T08:16:27.000Z,-1.0E31,-1.0E31
2024-05-10T08:17:31.000Z,403.78,49539.1
2024-05-10T08:18:35.000Z,402.62,48416.5
2024-05-10T08:19:39.000Z,405.08,47129.9
2024-05-10T08:20:43.000Z,403.67,49181.6
2024-05-10T08:21:47.000Z,409.84,55296.9
2024-05-10T08:22:51.000Z,407.03,53881.6
2024-05-10T08:23:55.000Z,402.53,56605.8
2024-05-10T08:24:59.000Z,406.18,53741.3
2024-05-10T08:26:03.000Z,407.53,55909.3
2024-05-10T08:27:07.000Z,402.91,51353.6
2024-05-10T08:28:11.000Z,403.51,54772.3
2024-05-10T08:29:15.000Z,403.01,59841.9
2024-05-10T08:30:19.000Z,405.96,59799.5
2024-05-10T08:31:23.000Z,400.73,58934.6
2024-05-10T08:32:27.000Z,412.68,66471.7
2024-05-10T08:33:31.000Z,423.50,67354.2
2024-05-10T08:34:35.000Z,422.16,-1.0E31
2024-05-10T08:35:39.000Z,420.72,64419.7
2024-05-10T08:36:43.000Z,430.34,73164.8
2024-05-10T08:37:47.000Z,429.43,75716.4
2024-05-10T08:38:51.000Z,431.80,72419.5
2024-05-10T08:39:55.000Z,429.40,77776.2
2024-05-10T08:40:59.000Z,427.63,75378.5
2024-05-10T08:42:03.000Z,425.18,71593.2
2024-05-10T08:43:07.000Z,427.23,77049.1
2024-05-10T08:44:11.000Z,423.29,74161.4
2024-05-10T08:45:15.000Z,429.23,71173.8
2024-05-10T08:46:19.000Z,428.74,62808.4
2024-05-10T08:47:23.000Z,428.82,69231.7
2024-05-10T08:48:27.000Z,423.71,64840.2
2024-05-10T08:49:31.000Z,-1.0E31,-1.0E31
2024-05-10T08:50:35.000Z,421.15,64640.9
2024-05-10T08:51:39.000Z,422.37,66748.0
2024-05-10T08:52:43.000Z,422.29,64512.6
2024-05-10T08:53:47.000Z,421.97,66047.2
2024-05-10T08:54:51.000Z,422.37,64135.8
2024-05-10T08:55:55.000Z,419.02,67238.6
2024-05-10T08:56:59.000Z,418.86,70005.5
2024-05-10T08:58:03.000Z,416.87,67269.4
2024-05-10T08:59:07.000Z,416.67,65194.0
2024-05-10T09:00:11.000Z,421.46,64908.9
2024-05-10T09:01:15.000Z,419.95,56630.3
2024-05-10T09:02:19.000Z,419.69,58824.9
2024-05-10T09:03:23.000Z,419.23,56987.0
2024-05-10T09:04:27.000Z,414.51,62571.6
2024-05-10T09:05:31.000Z,416.11,59642.4
2024-05-10T09:06:35.000Z,419.23,63318.9
2024-05-10T09:07:39.000Z,410.86,79874.4
2024-05-10T09:08:43.000Z,412.69,78934.6
2024-05-10T09:09:47.000Z,413.70,82871.9
2024-05-10T09:10:51.000Z,412.10,79200.8
2024-05-10T09:11:55.000Z,412.94,75434.9
2024-05-10T09:12:59.000Z,410.55,76084.0
2024-05-10T09:14:03.000Z,411.76,72613.3
2024-05-10T09:15:07.000Z,413.16,74752.0
2024-05-10T09:16:11.000Z,414.74,72164.2
2024-05-10T09:17:15.000Z,415.46,68754.2
2024-05-10T09:18:19.000Z,413.36,66863.3
2024-05-10T09:19:23.000Z,414.65,66792.4
2024-05-10T09:20:27.000Z,416.20,71964.0
2024-05-10T09:21:31.000Z,420.79,-1.0E31
2024-05-10T09:22:35.000Z,-1.0E31,-1.0E31
2024-05-10T09:23:39.000Z,421.19,70241.6
2024-05-10T09:24:43.000Z,419.64,67639.2
2024-05-10T09:25:47.000Z,419.70,67677.9
2024-05-10T09:26:51.000Z,417.78,69070.6
2024-05-10T09:27:55.000Z,417.74,67897.3
2024-05-10T09:28:59.000Z,417.24,62898.5
2024-05-10T09:30:03.000Z,416.96,60935.1
2024-05-10T09:31:07.000Z,417.88,66200.7
2024-05-10T09:32:11.000Z,415.19,64685.0
2024-05-10T09:33:15.000Z,415.09,66624.2
2024-05-10T09:34:19.000Z,417.92,67371.8
2024-05-10T09:35:23.000Z,414.67,60962.3
2024-05-10T09:36:27.000Z,413.11,62817.0
2024-05-10T09:37:31.000Z,413.47,57913.3
2024-05-10T09:38:35.000Z,415.85,68056.2
2024-05-10T09:39:39.000Z,412.83,69283.7
2024-05-10T09:40:43.000Z,412.34,74493.5
2024-05-10T09:41:47.000Z,412.87,80928.5
2024-05-10T09:42:51.000Z,417.29,66548.6
2024-05-10T09:43:55.000Z,416.71,68209.2
2024-05-10T09:44:59.000Z,415.72,70135.4
2024-05-10T09:46:03.000Z,414.88,68128.4
2024-05-10T09:47:07.000Z,416.23,61542.1
2024-05-10T09:48:11.000Z,415.70,68656.9
2024-05-10T09:49:15.000Z,412.45,74752.6
2024-05-10T09:50:19.000Z,410.25,68062.8
2024-05-10T09:51:23.000Z,413.07,70914.4
2024-05-10T09:52:27.000Z,411.08,68507.2
2024-05-10T09:53:31.000Z,410.17,68358.8
2024-05-10T09:54:35.000Z,411.96,62865.3
2024-05-10T09:55:39.000Z,-1.0E31,-1.0E31
2024-05-10T09:56:43.000Z,410.25,59624.1
2024-05-10T09:57:47.000Z,409.42,58785.4
2024-05-10T09:58:51.000Z,409.07,62220.8
2024-05-10T09:59:55.000Z,408.57,64080.3
2024-05-10T10:00:59.000Z,406.48,63567.8
2024-05-10T10:02:03.000Z,403.52,61020.9
2024-05-10T10:03:07.000Z,407.28,65655.0
2024-05-10T10:04:11.000Z,408.91,48988.6
2024-05-10T10:05:15.000Z,401.54,56985.9
2024-05-10T10:06:19.000Z,404.87,56998.9
2024-05-10T10:07:23.000Z,402.46,49307.2
2024-05-10T10:08:27.000Z,409.06,43669.2
2024-05-10T10:09:31.000Z,404.10,50632.0
2024-05-10T10:10:35.000Z,406.93,65618.7
2024-05-10T10:11:39.000Z,401.68,74741.7
2024-05-10T10:12:43.000Z,412.16,64467.7
2024-05-10T10:13:47.000Z,408.34,57161.3
2024-05-10T10:14:51.000Z,407.84,72247.0
2024-05-10T10:15:55.000Z,411.24,49505.8
2024-05-10T10:16:59.000Z,406.90,47618.6
2024-05-10T10:18:03.000Z,407.68,43353.0
2024-05-10T10:19:07.000Z,405.85,53078.9
2024-05-10T10:20:11.000Z,396.69,54406.0
2024-05-10T10:21:15.000Z,-1.0E31,-1.0E31
2024-05-10T10:22:19.000Z,407.33,53878.4
2024-05-10T10:23:23.000Z,407.93,54124.1
2024-05-10T10:24:27.000Z,401.24,57428.8
2024-05-10T10:25:31.000Z,394.35,70119.7
2024-05-10T10:26:35.000Z,400.08,58288.1
2024-05-10T10:27:39.000Z,402.25,56608.9
2024-05-10T10:28:43.000Z,-1.0E31,-1.0E31
2024-05-10T10:29:47.000Z,404.78,62666.8
2024-05-10T10:30:51.000Z,400.53,68480.7
2024-05-10T10:31:55.000Z,404.19,56767.2
2024-05-10T10:32:59.000Z,403.52,54197.8
2024-05-10T10:34:03.000Z,404.59,66077.1
2024-05-10T10:35:07.000Z,402.57,75306.0
2024-05-10T10:36:11.000Z,392.98,67851.6
2024-05-10T10:37:15.000Z,406.02,64371.2
2024-05-10T10:38:19.000Z,402.49,58444.1
2024-05-10T10:39:23.000Z,401.41,63605.0
2024-05-10T10:40:27.000Z,400.39,57914.3
2024-05-10T10:41:31.000Z,405.85,44337.0
2024-05-10T10:42:35.000Z,403.98,48764.9
2024-05-10T10:43:39.000Z,403.39,43356.8
2024-05-10T10:44:43.000Z,406.03,48734.8
2024-05-10T10:45:47.000Z,401.03,48366.2
2024-05-10T10:46:51.000Z,402.29,45470.8
2024-05-10T10:47:55.000Z,408.00,42932.4
2024-05-10T10:48:59.000Z,402.11,42865.3
2024-05-10T10:50:03.000Z,401.62,44033.9
2024-05-10T10:51:07.000Z,406.71,37834.9
2024-05-10T10:52:11.000Z,-1.0E31,-1.0E31
2024-05-10T10:53:15.000Z,399.11,41227.2
2024-05-10T10:54:19.000Z,412.63,34884.9
2024-05-10T10:55:23.000Z,-1.0E31,-1.0E31
2024-05-10T10:56:27.000Z,413.74,51629.0
2024-05-10T10:57:31.000Z,403.52,52923.3
2024-05-10T10:58:35.000Z,405.09,49900.2
2024-05-10T10:59:39.000Z,406.72,59420.5
2024-05-10T11:00:43.000Z,400.30,62021.5
2024-05-10T11:01:47.000Z,-1.0E31,-1.0E31
2024-05-10T11:02:51.000Z,401.18,62566.0
2024-05-10T11:03:55.000Z,405.46,55541.2
2024-05-10T11:04:59.000Z,402.50,53781.9
2024-05-10T11:06:03.000Z,396.95,55109.3
2024-05-10T11:07:07.000Z,396.20,51362.3
2024-05-10T11:08:11.000Z,401.45,50334.3
2024-05-10T11:09:15.000Z,408.64,51586.3
2024-05-10T11:10:19.000Z,398.59,67263.8
2024-05-10T11:11:23.000Z,395.27,63418.4
2024-05-10T11:12:27.000Z,397.40,62975.9
2024-05-10T11:13:31.000Z,400.52,61450.8
2024-05-10T11:14:35.000Z,414.26,44679.1
2024-05-10T11:15:39.000Z,403.08,48993.6
2024-05-10T11:16:43.000Z,396.08,45574.7
2024-05-10T11:17:47.000Z,395.83,45521.5
2024-05-10T11:18:51.000Z,391.10,45899.9
2024-05-10T11:19:55.000Z,392.70,46148.9
2024-05-10T11:20:59.000Z,389.18,46797.5
2024-05-10T11:22:03.000Z,394.35,43683.3
2024-05-10T11:23:07.000Z,390.62,43067.7
2024-05-10T11:24:11.000Z,397.73,44354.9
2024-05-10T11:25:15.000Z,396.49,45267.4
2024-05-10T11:26:19.000Z,393.24,44333.0
2024-05-10T11:27:23.000Z,395.73,38806.5
2024-05-10T11:28:27.000Z,397.78,40560.8
2024-05-10T11:29:31.000Z,399.57,41016.4
2024-05-10T11:30:35.000Z,401.73,38554.8
2024-05-10T11:31:39.000Z,400.42,47507.4
2024-05-10T11:32:43.000Z,400.73,51065.5
2024-05-10T11:33:47.000Z,405.48,44007.9
2024-05-10T11:34:51.000Z,-1.0E31,-1.0E31
2024-05-10T11:35:55.000Z,397.60,46166.4
2024-05-10T11:36:59.000Z,395.77,51099.3
2024-05-10T11:38:03.000Z,404.97,46644.7
2024-05-10T11:39:07.000Z,411.03,41630.3
2024-05-10T11:40:11.000Z,393.88,57778.0
2024-05-10T11:41:15.000Z,399.75,68514.1
2024-05-10T11:42:19.000Z,401.64,76306.7
2024-05-10T11:43:23.000Z,400.18,69761.0
2024-05-10T11:44:27.000Z,402.37,80858.5
2024-05-10T11:45:31.000Z,402.97,79109.2
2024-05-10T11:46:35.000Z,402.64,78847.9
2024-05-10T11:47:39.000Z,398.46,70737.3
2024-05-10T11:48:43.000Z,397.15,65512.2
2024-05-10T11:49:47.000Z,398.64,82111.9
2024-05-10T11:50:51.000Z,392.96,70890.8
2024-05-10T11:51:55.000Z,399.85,69417.4
2024-05-10T11:52:59.000Z,397.72,69263.9
2024-05-10T11:54:03.000Z,398.73,65909.9
2024-05-10T11:55:07.000Z,399.19,63575.6
2024-05-10T11:56:11.000Z,405.18,55844.6
2024-05-10T11:57:15.000Z,403.74,55283.6
2024-05-10T11:58:19.000Z,393.28,64486.4
2024-05-10T11:59:23.000Z,394.48,73525.5
2024-05-10T12:00:27.000Z,398.31,70915.4
2024-05-10T12:01:31.000Z,397.82,65376.5
2024-05-10T12:02:35.000Z,398.70,66374.2
2024-05-10T12:03:39.000Z,409.86,79832.9
2024-05-10T12:04:43.000Z,406.75,84370.6
2024-05-10T12:05:47.000Z,408.58,80127.7
2024-05-10T12:06:51.000Z,404.22,67871.7
2024-05-10T12:07:55.000Z,-1.0E31,-1.0E31
2024-05-10T12:08:59.000Z,403.76,70041.4
2024-05-10T12:10:03.000Z,405.12,79801.8
2024-05-10T12:11:07.000Z,408.39,80681.1
2024-05-10T12:12:11.000Z,408.00,88008.8
2024-05-10T12:13:15.000Z,405.16,85328.6
2024-05-10T12:14:19.000Z,403.75,-1.0E31
2024-05-10T12:15:23.000Z,412.19,74985.2
2024-05-10T12:16:27.000Z,416.14,62602.7
2024-05-10T12:17:31.000Z,418.05,61287.1
2024-05-10T12:18:35.000Z,416.40,59427.3
2024-05-10T12:19:39.000Z,402.84,-1.0E31
2024-05-10T12:20:43.000Z,408.26,81808.0
2024-05-10T12:21:47.000Z,398.08,70329.5
2024-05-10T12:22:51.000Z,401.08,81850.5
2024-05-10T12:23:55.000Z,403.89,73839.9
2024-05-10T12:24:59.000Z,404.37,93902.5
2024-05-10T12:26:03.000Z,407.27,88052.8
2024-05-10T12:27:07.000Z,407.99,95532.8
2024-05-10T12:28:11.000Z,404.16,107204.5
2024-05-10T12:29:15.000Z,413.02,97516.4
2024-05-10T12:30:19.000Z,404.68,101397.1
2024-05-10T12:31:23.000Z,402.69,94021.2
2024-05-10T12:32:27.000Z,401.23,98006.1
2024-05-10T12:33:31.000Z,404.60,105408.2
2024-05-10T12:34:35.000Z,404.51,93475.8
2024-05-10T12:35:39.000Z,401.48,96354.9
2024-05-10T12:36:43.000Z,405.33,107299.5
2024-05-10T12:37:47.000Z,406.13,98288.2
2024-05-10T12:38:51.000Z,418.06,85430.0
2024-05-10T12:39:55.000Z,407.00,111922.0
2024-05-10T12:40:59.000Z,-1.0E31,-1.0E31
2024-05-10T12:42:03.000Z,410.34,76553.0
2024-05-10T12:43:07.000Z,411.50,81254.8
2024-05-10T12:44:11.000Z,407.07,103599.2
2024-05-10T12:45:15.000Z,404.11,91027.9
2024-05-10T12:46:19.000Z,407.85,83014.1
2024-05-10T12:47:23.000Z,408.10,83127.9
2024-05-10T12:48:27.000Z,407.98,89249.3
2024-05-10T12:49:31.000Z,407.58,97670.6
2024-05-10T12:50:35.000Z,406.75,87659.9
2024-05-10T12:51:39.000Z,406.25,87179.5
2024-05-10T12:52:43.000Z,404.10,91129.6
2024-05-10T12:53:47.000Z,414.93,88552.6
2024-05-10T12:54:51.000Z,404.04,100999.4
2024-05-10T12:55:55.000Z,413.74,87510.4
2024-05-10T12:56:59.000Z,414.38,90866.3
2024-05-10T12:58:03.000Z,420.35,84873.6
2024-05-10T12:59:07.000Z,409.31,100450.8
2024-05-10T13:00:11.000Z,416.75,87057.6
2024-05-10T13:01:15.000Z,415.14,89161.5
2024-05-10T13:02:19.000Z,417.91,100662.0
2024-05-10T13:03:23.000Z,424.77,84188.7
2024-05-10T13:04:27.000Z,439.03,100595.7
2024-05-10T13:05:31.000Z,430.19,106756.9
2024-05-10T13:06:35.000Z,438.24,83607.8
2024-05-10T13:07:39.000Z,428.93,113593.9
2024-05-10T13:08:43.000Z,437.82,107490.4
2024-05-10T13:09:47.000Z,440.79,122529.2
2024-05-10T13:10:51.000Z,437.66,107169.8
2024-05-10T13:11:55.000Z,435.23,94210.3
2024-05-10T13:12:59.000Z,433.08,103996.2
2024-05-10T13:14:03.000Z,-1.0E31,-1.0E31
2024-05-10T13:15:07.000Z,437.39,96779.9
2024-05-10T13:16:11.000Z,433.52,105425.0
2024-05-10T13:17:15.000Z,435.04,101170.5
2024-05-10T13:18:19.000Z,443.57,106440.7
2024-05-10T13:19:23.000Z,435.59,128915.6
2024-05-10T13:20:27.000Z,448.66,125086.6
2024-05-10T13:21:31.000Z,437.35,106687.4
2024-05-10T13:22:35.000Z,-1.0E31,-1.0E31
2024-05-10T13:23:39.000Z,444.93,145105.5
2024-05-10T13:24:43.000Z,440.76,159194.7
2024-05-10T13:25:47.000Z,444.81,144939.1
2024-05-10T13:26:51.000Z,441.27,144058.8
2024-05-10T13:27:55.000Z,428.32,137665.4
2024-05-10T13:28:59.000Z,446.67,-1.0E31
2024-05-10T13:30:03.000Z,444.92,113994.0
2024-05-10T13:31:07.000Z,449.13,97128.5
2024-05-10T13:32:11.000Z,449.64,79441.1
2024-05-10T13:33:15.000Z,451.06,90105.6
2024-05-10T13:34:19.000Z,443.73,89618.7
2024-05-10T13:35:23.000Z,453.14,107570.2
2024-05-10T13:36:27.000Z,456.78,111025.6
2024-05-10T13:37:31.000Z,455.18,93948.4
2024-05-10T13:38:35.000Z,448.83,96520.9
2024-05-10T13:39:39.000Z,453.43,96650.4
2024-05-10T13:40:43.000Z,443.09,-1.0E31
2024-05-10T13:41:47.000Z,450.33,129328.0
2024-05-10T13:42:51.000Z,450.70,114596.9
2024-05-10T13:43:55.000Z,451.73,84788.0
2024-05-10T13:44:59.000Z,450.81,66971.3
2024-05-10T13:46:03.000Z,447.43,85645.9
2024-05-10T13:47:07.000Z,-1.0E31,-1.0E31
2024-05-10T13:48:11.000Z,451.99,83336.0
2024-05-10T13:49:15.000Z,451.89,71102.8
2024-05-10T13:50:19.000Z,453.05,71560.4
2024-05-10T13:51:23.000Z,451.36,78291.1
2024-05-10T13:52:27.000Z,450.87,75006.8
2024-05-10T13:53:31.000Z,453.27,72386.7
2024-05-10T13:54:35.000Z,451.85,61032.6
2024-05-10T13:55:39.000Z,454.40,48302.2
2024-05-10T13:56:43.000Z,452.66,47530.0
2024-05-10T13:57:47.000Z,456.68,48421.3
2024-05-10T13:58:51.000Z,454.14,45231.7
2024-05-10T13:59:55.000Z,456.38,46884.3
2024-05-10T14:00:59.000Z,455.71,46186.2
2024-05-10T14:02:03.000Z,455.92,47969.3
2024-05-10T14:03:07.000Z,455.96,42454.6
2024-05-10T14:04:11.000Z,457.51,47747.6
2024-05-10T14:05:15.000Z,458.42,45225.1
2024-05-10T14:06:19.000Z,458.99,48865.7
2024-05-10T14:07:23.000Z,457.69,42335.6
2024-05-10T14:08:27.000Z,458.16,46190.7
2024-05-10T14:09:31.000Z,456.37,41475.7
2024-05-10T14:10:35.000Z,457.75,47442.7
2024-05-10T14:11:39.000Z,459.07,43406.3
2024-05-10T14:12:43.000Z,460.46,43980.6
2024-05-10T14:13:47.000Z,460.53,43459.5
2024-05-10T14:14:51.000Z,460.42,44415.8
2024-05-10T14:15:55.000Z,459.98,41933.8
2024-05-10T14:16:59.000Z,457.79,40445.9
2024-05-10T14:18:03.000Z,458.43,43275.4
2024-05-10T14:19:07.000Z,457.86,43394.7
2024-05-10T14:20:11.000Z,-1.0E31,-1.0E31
2024-05-10T14:21:15.000Z,455.06,41942.8
2024-05-10T14:22:19.000Z,454.75,44373.0
2024-05-10T14:23:23.000Z,456.00,50036.7
2024-05-10T14:24:27.000Z,456.23,55014.2
2024-05-10T14:25:31.000Z,456.17,54725.3
2024-05-10T14:26:35.000Z,451.30,-1.0E31
2024-05-10T14:27:39.000Z,455.24,55860.1
2024-05-10T14:28:43.000Z,453.03,53292.6
2024-05-10T14:29:47.000Z,450.96,-1.0E31
2024-05-10T14:30:51.000Z,453.08,-1.0E31
2024-05-10T14:31:55.000Z,448.60,-1.0E31
2024-05-10T14:32:59.000Z,449.45,-1.0E31
2024-05-10T14:34:03.000Z,453.92,-1.0E31
2024-05-10T14:35:07.000Z,451.00,-1.0E31
2024-05-10T14:36:11.000Z,452.04,43713.4
2024-05-10T14:37:15.000Z,451.43,43450.5
2024-05-10T14:38:19.000Z,450.92,39860.2
2024-05-10T14:39:23.000Z,446.44,45118.4
2024-05-10T14:40:27.000Z,449.41,41349.9
2024-05-10T14:41:31.000Z,450.98,46473.3
2024-05-10T14:42:35.000Z,454.19,42238.1
2024-05-10T14:43:39.000Z,454.61,46558.3
2024-05-10T14:44:43.000Z,454.60,40924.7
2024-05-10T14:45:47.000Z,455.45,44954.8
2024-05-10T14:46:51.000Z,455.73,40486.5
2024-05-10T14:47:55.000Z,455.41,44470.2
2024-05-10T14:48:59.000Z,455.06,40560.9
2024-05-10T14:50:03.000Z,455.69,44273.2
2024-05-10T14:51:07.000Z,455.37,42443.1
2024-05-10T14:52:11.000Z,451.99,45300.2
2024-05-10T14:53:15.000Z,-1.0E31,-1.0E31
2024-05-10T14:54:19.000Z,451.41,41948.5
2024-05-10T14:55:23.000Z,451.32,45303.0
2024-05-10T14:56:27.000Z,451.54,44337.8
2024-05-10T14:57:31.000Z,452.54,48066.2
2024-05-10T14:58:35.000Z,452.90,43041.2
2024-05-10T14:59:39.000Z,451.13,44499.4
2024-05-10T15:00:43.000Z,450.73,43257.6
2024-05-10T15:01:47.000Z,449.43,44737.4
2024-05-10T15:02:51.000Z,451.53,40097.2
2024-05-10T15:03:55.000Z,449.75,45037.4
2024-05-10T15:04:59.000Z,448.30,42953.7
2024-05-10T15:06:03.000Z,445.51,42899.7
2024-05-10T15:07:07.000Z,445.75,43229.3
2024-05-10T15:08:11.000Z,445.42,46128.9
2024-05-10T15:09:15.000Z,446.36,42223.9
2024-05-10T15:10:19.000Z,448.15,47086.8
2024-05-10T15:11:23.000Z,446.27,42420.5
2024-05-10T15:12:27.000Z,447.80,43948.6
2024-05-10T15:13:31.000Z,447.56,42247.3
2024-05-10T15:14:35.000Z,447.64,46040.6
2024-05-10T15:15:39.000Z,446.32,44798.0
2024-05-10T15:16:43.000Z,446.58,47106.8
2024-05-10T15:17:47.000Z,445.86,43020.8
2024-05-10T15:18:51.000Z,443.09,45236.1
2024-05-10T15:19:55.000Z,443.53,42750.6
2024-05-10T15:20:59.000Z,442.48,44393.1
2024-05-10T15:22:03.000Z,443.71,40087.5
2024-05-10T15:23:07.000Z,444.45,41967.0
2024-05-10T15:24:11.000Z,443.87,41121.6
2024-05-10T15:25:15.000Z,444.91,41232.9
2024-05-10T15:26:19.000Z,-1.0E31,-1.0E31
2024-05-10T15:27:23.000Z,445.78,43427.3
2024-05-10T15:28:27.000Z,439.86,54761.4
2024-05-10T15:29:31.000Z,443.75,65107.7
2024-05-10T15:30:35.000Z,438.58,64344.8
2024-05-10T15:31:39.000Z,435.98,67174.8
2024-05-10T15:32:43.000Z,437.93,59506.8
2024-05-10T15:33:47.000Z,447.54,53183.9
2024-05-10T15:34:51.000Z,443.29,-1.0E31
2024-05-10T15:35:55.000Z,449.39,50860.3
2024-05-10T15:36:59.000Z,448.27,50929.6
2024-05-10T15:38:03.000Z,450.72,46833.8
2024-05-10T15:39:07.000Z,447.01,51628.8
2024-05-10T15:40:11.000Z,445.80,53450.0
2024-05-10T15:41:15.000Z,450.57,57617.6
2024-05-10T15:42:19.000Z,448.69,53191.1
2024-05-10T15:43:23.000Z,454.69,-1.0E31
2024-05-10T15:44:27.000Z,446.08,52566.1
2024-05-10T15:45:31.000Z,445.70,54749.1
2024-05-10T15:46:35.000Z,446.27,49909.9
2024-05-10T15:47:39.000Z,445.32,53669.5
2024-05-10T15:48:43.000Z,444.80,44936.1
2024-05-10T15:49:47.000Z,444.40,48575.0
2024-05-10T15:50:51.000Z,445.30,54315.6
2024-05-10T15:51:55.000Z,450.06,50256.6
2024-05-10T15:52:59.000Z,444.53,49799.9
2024-05-10T15:54:03.000Z,449.92,45657.7
2024-05-10T15:55:07.000Z,451.28,39002.1
2024-05-10T15:56:11.000Z,450.61,52442.7
2024-05-10T15:57:15.000Z,449.62,45114.8
2024-05-10T15:58:19.000Z,450.73,47334.8
2024-05-10T15:59:23.000Z,-1.0E31,-1.0E31
2024-05-10T16:00:27.000Z,451.87,42707.8
2024-05-10T16:01:31.000Z,450.43,44300.5
2024-05-10T16:02:35.000Z,451.15,41987.6
2024-05-10T16:03:39.000Z,448.29,45891.3
2024-05-10T16:04:43.000Z,451.26,43730.3
2024-05-10T16:05:47.000Z,456.87,47599.8
2024-05-10T16:06:51.000Z,459.07,40275.8
2024-05-10T16:07:55.000Z,460.79,37272.6
2024-05-10T16:08:59.000Z,459.54,32210.6
2024-05-10T16:10:03.000Z,460.33,34554.3
2024-05-10T16:11:07.000Z,456.36,24498.4
2024-05-10T16:12:11.000Z,458.16,28240.8
2024-05-10T16:13:15.000Z,456.30,-1.0E31
2024-05-10T16:14:19.000Z,447.63,21776.8
2024-05-10T16:15:23.000Z,454.53,22423.3
2024-05-10T16:16:27.000Z,451.11,21599.4
2024-05-10T16:17:31.000Z,452.99,20894.3
2024-05-10T16:18:35.000Z,461.20,34212.5
2024-05-10T16:19:39.000Z,454.16,27991.0
2024-05-10T16:20:43.000Z,466.29,33826.6
2024-05-10T16:21:47.000Z,458.22,23852.7
2024-05-10T16:22:51.000Z,459.78,36004.6
2024-05-10T16:23:55.000Z,454.46,31913.0
2024-05-10T16:24:59.000Z,458.47,30466.0
2024-05-10T16:26:03.000Z,452.68,25039.8
2024-05-10T16:27:07.000Z,460.27,26946.7
2024-05-10T16:28:11.000Z,461.29,24983.4
2024-05-10T16:29:15.000Z,454.75,29557.1
2024-05-10T16:30:19.000Z,458.04,-1.0E31
2024-05-10T16:31:23.000Z,458.49,36086.6
2024-05-10T16:32:27.000Z,-1.0E31,-1.0E31
2024-05-10T16:33:31.000Z,458.20,21814.8
2024-05-10T16:34:35.000Z,456.01,35545.5
2024-05-10T16:35:39.000Z,453.92,25258.4
2024-05-10T16:36:43.000Z,473.76,70313.4
2024-05-10T16:37:47.000Z,658.94,456269.5
2024-05-10T16:38:51.000Z,657.59,528294.9
2024-05-10T16:39:55.000Z,682.11,532578.7
2024-05-10T16:40:59.000Z,682.51,650338.1
2024-05-10T16:42:03.000Z,683.19,454326.6
2024-05-10T16:43:07.000Z,619.81,228651.1
2024-05-10T16:44:11.000Z,637.01,263197.5
2024-05-10T16:45:15.000Z,661.64,346315.7
2024-05-10T16:46:19.000Z,667.18,496196.0
2024-05-10T16:47:23.000Z,690.30,492038.4
2024-05-10T16:48:27.000Z,697.82,580161.2
2024-05-10T16:49:31.000Z,691.23,565264.2
2024-05-10T16:50:35.000Z,697.62,560520.2
2024-05-10T16:51:39.000Z,705.47,518556.1
2024-05-10T16:52:43.000Z,717.66,666627.2
2024-05-10T16:53:47.000Z,707.66,553945.6
2024-05-10T16:54:51.000Z,711.08,637312.1
2024-05-10T16:55:55.000Z,695.72,519179.2
2024-05-10T16:56:59.000Z,692.27,410196.5
2024-05-10T16:58:03.000Z,685.14,453156.8
2024-05-10T16:59:07.000Z,683.76,641708.8
2024-05-10T17:00:11.000Z,692.63,560256.4
2024-05-10T17:01:15.000Z,698.19,579888.4
2024-05-10T17:02:19.000Z,683.96,487510.4
2024-05-10T17:03:23.000Z,666.62,483657.1
2024-05-10T17:04:27.000Z,670.69,455907.2
2024-05-10T17:05:31.000Z,-1.0E31,-1.0E31
2024-05-10T17:06:35.000Z,674.05,423278.5
2024-05-10T17:07:39.000Z,661.64,540944.6
2024-05-10T17:08:43.000Z,665.52,430287.0
2024-05-10T17:09:47.000Z,647.43,468280.2
2024-05-10T17:10:51.000Z,665.43,367573.2
2024-05-10T17:11:55.000Z,666.26,467321.9
2024-05-10T17:12:59.000Z,687.42,406639.3
2024-05-10T17:14:03.000Z,684.92,615560.7
2024-05-10T17:15:07.000Z,684.11,635771.8
2024-05-10T17:16:11.000Z,670.55,620815.5
2024-05-10T17:17:15.000Z,691.08,619709.7
2024-05-10T17:18:19.000Z,683.86,717896.3
2024-05-10T17:19:23.000Z,678.58,638381.6
2024-05-10T17:20:27.000Z,684.29,661725.8
2024-05-10T17:21:31.000Z,699.42,764615.9
2024-05-10T17:22:35.000Z,692.74,670115.1
2024-05-10T17:23:39.000Z,697.49,534201.4
2024-05-10T17:24:43.000Z,706.16,639433.7
2024-05-10T17:25:47.000Z,704.08,425709.0
2024-05-10T17:26:51.000Z,707.79,335662.1
2024-05-10T17:27:55.000Z,715.17,306087.7
2024-05-10T17:28:59.000Z,696.45,289358.8
2024-05-10T17:30:03.000Z,692.16,386913.9
2024-05-10T17:31:07.000Z,702.03,318111.8
2024-05-10T17:32:11.000Z,698.44,332610.9
2024-05-10T17:33:15.000Z,694.21,350429.2
2024-05-10T17:34:19.000Z,698.80,355360.3
2024-05-10T17:35:23.000Z,695.33,342744.8
2024-05-10T17:36:27.000Z,687.87,348023.3
2024-05-10T17:37:31.000Z,685.18,351639.5
2024-05-10T17:38:35.000Z,-1.0E31,-1.0E31
2024-05-10T17:39:39.000Z,688.32,368102.6
2024-05-10T17:40:43.000Z,708.67,336337.1
2024-05-10T17:41:47.000Z,704.23,474263.7
2024-05-10T17:42:51.000Z,684.72,477810.4
2024-05-10T17:43:55.000Z,692.81,463000.4
2024-05-10T17:44:59.000Z,701.50,566680.9
2024-05-10T17:46:03.000Z,687.18,615824.6
2024-05-10T17:47:07.000Z,681.82,591423.6
2024-05-10T17:48:11.000Z,691.91,577562.0
2024-05-10T17:49:15.000Z,691.28,574257.2
2024-05-10T17:50:19.000Z,683.32,642420.4
2024-05-10T17:51:23.000Z,694.18,594700.8
2024-05-10T17:52:27.000Z,700.73,597216.4
2024-05-10T17:53:31.000Z,731.92,622195.4
2024-05-10T17:54:35.000Z,679.31,714107.1
2024-05-10T17:55:39.000Z,669.93,662200.6
2024-05-10T17:56:43.000Z,684.17,693266.6
2024-05-10T17:57:47.000Z,686.85,733707.8
2024-05-10T17:58:51.000Z,691.40,754707.2
2024-05-10T17:59:55.000Z,683.40,680335.9
2024-05-10T18:00:59.000Z,683.19,648407.6
2024-05-10T18:02:03.000Z,710.12,448299.3
2024-05-10T18:03:07.000Z,714.06,429600.4
2024-05-10T18:04:11.000Z,716.18,397834.4
2024-05-10T18:05:15.000Z,707.76,384217.7
2024-05-10T18:06:19.000Z,719.45,405642.6
2024-05-10T18:07:23.000Z,714.84,323750.1
2024-05-10T18:08:27.000Z,714.16,351582.9
2024-05-10T18:09:31.000Z,697.10,300580.2
2024-05-10T18:10:35.000Z,694.62,315031.1
2024-05-10T18:11:39.000Z,-1.0E31,-1.0E31
2024-05-10T18:12:43.000Z,707.46,330389.2
2024-05-10T18:13:47.000Z,704.06,353617.9
2024-05-10T18:14:51.000Z,704.28,232859.4
2024-05-10T18:15:55.000Z,703.51,299768.8
2024-05-10T18:16:59.000Z,686.76,246447.1
2024-05-10T18:18:03.000Z,687.45,198650.5
2024-05-10T18:19:07.000Z,692.16,224564.3
2024-05-10T18:20:11.000Z,703.71,260404.0
2024-05-10T18:21:15.000Z,700.76,302797.9
2024-05-10T18:22:19.000Z,696.98,236094.7
2024-05-10T18:23:23.000Z,700.46,220048.9
2024-05-10T18:24:27.000Z,-1.0E31,-1.0E31
2024-05-10T18:25:31.000Z,628.60,633644.4
2024-05-10T18:26:35.000Z,642.95,679502.6
2024-05-10T18:27:39.000Z,637.39,508730.8
2024-05-10T18:28:43.000Z,642.30,611316.2
2024-05-10T18:29:47.000Z,644.52,645693.6
2024-05-10T18:30:51.000Z,643.91,692284.2
2024-05-10T18:31:55.000Z,666.34,634201.8
2024-05-10T18:32:59.000Z,640.06,624919.3
2024-05-10T18:34:03.000Z,652.20,652411.2
2024-05-10T18:35:07.000Z,649.96,532815.7
2024-05-10T18:36:11.000Z,653.63,588210.8
2024-05-10T18:37:15.000Z,655.23,643542.0
2024-05-10T18:38:19.000Z,670.68,647869.6
2024-05-10T18:39:23.000Z,648.73,541213.6
2024-05-10T18:40:27.000Z,654.95,623649.1
2024-05-10T18:41:31.000Z,655.59,612873.3
2024-05-10T18:42:35.000Z,650.67,613088.8
2024-05-10T18:43:39.000Z,647.09,582506.6
2024-05-10T18:44:43.000Z,-1.0E31,-1.0E31
2024-05-10T18:45:47.000Z,678.73,609295.1
2024-05-10T18:46:51.000Z,658.02,559957.7
2024-05-10T18:47:55.000Z,654.52,569455.8
2024-05-10T18:48:59.000Z,650.28,594901.1
2024-05-10T18:50:03.000Z,659.89,600984.4
2024-05-10T18:51:07.000Z,644.66,564684.3
2024-05-10T18:52:11.000Z,655.36,568651.4
2024-05-10T18:53:15.000Z,652.70,584108.3
2024-05-10T18:54:19.000Z,651.05,606729.2
2024-05-10T18:55:23.000Z,663.25,615580.2
2024-05-10T18:56:27.000Z,644.42,568382.2
2024-05-10T18:57:31.000Z,671.84,637501.2
2024-05-10T18:58:35.000Z,647.47,651436.1
2024-05-10T18:59:39.000Z,648.08,603672.3
2024-05-10T19:00:43.000Z,656.43,622689.6
2024-05-10T19:01:47.000Z,655.97,652672.8
2024-05-10T19:02:51.000Z,664.89,587452.9
2024-05-10T19:03:55.000Z,696.53,636106.9
2024-05-10T19:04:59.000Z,673.74,673082.2
2024-05-10T19:06:03.000Z,688.07,368474.4
2024-05-10T19:07:07.000Z,697.44,455583.4
2024-05-10T19:08:11.000Z,714.04,441446.2
2024-05-10T19:09:15.000Z,707.74,506400.4
2024-05-10T19:10:19.000Z,694.07,517208.2
2024-05-10T19:11:23.000Z,701.17,619760.8
2024-05-10T19:12:27.000Z,700.15,476298.8
2024-05-10T19:13:31.000Z,708.56,184055.9
2024-05-10T19:14:35.000Z,708.72,176270.1
2024-05-10T19:15:39.000Z,705.40,169505.6
2024-05-10T19:16:43.000Z,708.27,188291.0
2024-05-10T19:17:47.000Z,-1.0E31,-1.0E31
2024-05-10T19:18:51.000Z,714.70,171720.1
2024-05-10T19:19:55.000Z,711.56,163896.1
2024-05-10T19:20:59.000Z,704.99,164154.1
2024-05-10T19:22:03.000Z,712.44,159730.2
2024-05-10T19:23:07.000Z,714.04,137504.8
2024-05-10T19:24:11.000Z,712.19,177851.2
2024-05-10T19:25:15.000Z,714.56,157123.4
2024-05-10T19:26:19.000Z,704.33,134010.0
2024-05-10T19:27:23.000Z,700.84,131430.1
2024-05-10T19:28:27.000Z,689.27,126597.1
2024-05-10T19:29:31.000Z,691.78,134517.9
2024-05-10T19:30:35.000Z,692.52,159697.7
2024-05-10T19:31:39.000Z,674.38,307798.8
2024-05-10T19:32:43.000Z,666.58,304134.9
2024-05-10T19:33:47.000Z,664.03,325569.9
2024-05-10T19:34:51.000Z,671.51,312265.5
2024-05-10T19:35:55.000Z,672.50,286442.1
2024-05-10T19:36:59.000Z,-1.0E31,-1.0E31
2024-05-10T19:38:03.000Z,684.33,204163.7
2024-05-10T19:39:07.000Z,676.05,214146.3
2024-05-10T19:40:11.000Z,679.29,148143.4
2024-05-10T19:41:15.000Z,661.93,210512.5
2024-05-10T19:42:19.000Z,676.26,182059.7
2024-05-10T19:43:23.000Z,671.06,193850.7
2024-05-10T19:44:27.000Z,665.29,212959.9
2024-05-10T19:45:31.000Z,668.40,200746.4
2024-05-10T19:46:35.000Z,671.25,200001.7
2024-05-10T19:47:39.000Z,671.94,255895.6
2024-05-10T19:48:43.000Z,672.02,233600.2
2024-05-10T19:49:47.000Z,680.30,249365.8
2024-05-10T19:50:51.000Z,-1.0E31,-1.0E31
2024-05-10T19:51:55.000Z,669.19,233550.1
2024-05-10T19:52:59.000Z,675.97,285086.5
2024-05-10T19:54:03.000Z,670.01,282619.8
2024-05-10T19:55:07.000Z,673.21,247356.6
2024-05-10T19:56:11.000Z,674.53,224158.4
2024-05-10T19:57:15.000Z,668.40,276623.3
2024-05-10T19:58:19.000Z,667.59,255208.7
2024-05-10T19:59:23.000Z,680.65,367532.7
2024-05-10T20:00:27.000Z,683.93,346011.7
2024-05-10T20:01:31.000Z,688.19,299677.0
2024-05-10T20:02:35.000Z,681.34,330869.4
2024-05-10T20:03:39.000Z,678.34,376304.7
2024-05-10T20:04:43.000Z,688.82,217138.6
2024-05-10T20:05:47.000Z,689.91,234774.0
2024-05-10T20:06:51.000Z,690.07,226270.5
2024-05-10T20:07:55.000Z,688.72,226470.1
2024-05-10T20:08:59.000Z,688.44,214788.0
2024-05-10T20:10:03.000Z,687.43,232046.4
2024-05-10T20:11:07.000Z,689.95,243467.4
2024-05-10T20:12:11.000Z,686.36,229564.1
2024-05-10T20:13:15.000Z,690.42,221588.9
2024-05-10T20:14:19.000Z,691.42,221758.5
2024-05-10T20:15:23.000Z,695.82,224413.6
2024-05-10T20:16:27.000Z,695.06,229826.3
2024-05-10T20:17:31.000Z,690.19,207879.6
2024-05-10T20:18:35.000Z,693.82,218696.7
2024-05-10T20:19:39.000Z,692.33,214456.0
2024-05-10T20:20:43.000Z,693.71,223911.5
2024-05-10T20:21:47.000Z,690.75,219273.9
2024-05-10T20:22:51.000Z,695.55,243175.3
2024-05-10T20:23:55.000Z,-1.0E31,-1.0E31
2024-05-10T20:24:59.000Z,701.81,254055.9
2024-05-10T20:26:03.000Z,698.70,198466.9
2024-05-10T20:27:07.000Z,695.30,178499.2
2024-05-10T20:28:11.000Z,700.39,197089.3
2024-05-10T20:29:15.000Z,696.01,195408.2
2024-05-10T20:30:19.000Z,694.33,195866.7
2024-05-10T20:31:23.000Z,696.81,215752.9
2024-05-10T20:32:27.000Z,692.75,147985.4
2024-05-10T20:33:31.000Z,689.92,153392.1
2024-05-10T20:34:35.000Z,692.67,136643.8
2024-05-10T20:35:39.000Z,686.77,129546.0
2024-05-10T20:36:43.000Z,690.77,142196.8
2024-05-10T20:37:47.000Z,687.61,139085.7
2024-05-10T20:38:51.000Z,688.27,148055.0
2024-05-10T20:39:55.000Z,672.92,115691.2
2024-05-10T20:40:59.000Z,680.53,186172.4
2024-05-10T20:42:03.000Z,672.89,148887.6
2024-05-10T20:43:07.000Z,673.52,141478.0
2024-05-10T20:44:11.000Z,673.60,159067.0
2024-05-10T20:45:15.000Z,674.10,139699.6
2024-05-10T20:46:19.000Z,667.81,137584.5
2024-05-10T20:47:23.000Z,681.19,126344.1
2024-05-10T20:48:27.000Z,679.44,149304.8
2024-05-10T20:49:31.000Z,687.59,131858.2
2024-05-10T20:50:35.000Z,682.49,131412.7
2024-05-10T20:51:39.000Z,686.03,129689.4
2024-05-10T20:52:43.000Z,686.80,128700.5
2024-05-10T20:53:47.000Z,690.47,116273.4
2024-05-10T20:54:51.000Z,685.43,125182.0
2024-05-10T20:55:55.000Z,683.79,126060.5
2024-05-10T20:56:59.000Z,-1.0E31,-1.0E31
2024-05-10T20:58:03.000Z,686.29,126692.9
2024-05-10T20:59:07.000Z,689.32,128648.0
2024-05-10T21:00:11.000Z,689.04,124017.4
2024-05-10T21:01:15.000Z,686.04,128467.5
2024-05-10T21:02:19.000Z,689.11,118808.8
2024-05-10T21:03:23.000Z,681.67,138292.7
2024-05-10T21:04:27.000Z,687.50,126150.3
2024-05-10T21:05:31.000Z,683.28,137446.8
2024-05-10T21:06:35.000Z,683.32,139548.7
2024-05-10T21:07:39.000Z,691.49,130167.1
2024-05-10T21:08:43.000Z,688.59,123634.4
2024-05-10T21:09:47.000Z,686.50,139004.3
2024-05-10T21:10:51.000Z,676.93,129417.6
2024-05-10T21:11:55.000Z,685.37,139467.2
2024-05-10T21:12:59.000Z,681.76,157783.5
2024-05-10T21:14:03.000Z,682.85,126249.9
2024-05-10T21:15:07.000Z,683.92,113709.2
2024-05-10T21:16:11.000Z,692.12,105754.8
2024-05-10T21:17:15.000Z,691.67,114667.3
2024-05-10T21:18:19.000Z,691.18,104387.6
2024-05-10T21:19:23.000Z,696.60,137624.8
2024-05-10T21:20:27.000Z,691.16,122643.8
2024-05-10T21:21:31.000Z,696.20,146930.0
2024-05-10T21:22:35.000Z,695.39,125302.7
2024-05-10T21:23:39.000Z,689.92,128166.3
2024-05-10T21:24:43.000Z,691.60,119060.0
2024-05-10T21:25:47.000Z,679.90,95161.4
2024-05-10T21:26:51.000Z,674.72,101133.3
2024-05-10T21:27:55.000Z,666.03,124029.8
2024-05-10T21:28:59.000Z,676.08,139855.7
2024-05-10T21:30:03.000Z,-1.0E31,-1.0E31
2024-05-10T21:31:07.000Z,656.81,178789.7
2024-05-10T21:32:11.000Z,658.35,154916.4
2024-05-10T21:33:15.000Z,656.86,178267.4
2024-05-10T21:34:19.000Z,655.86,140716.1
2024-05-10T21:35:23.000Z,653.76,125057.5
2024-05-10T21:36:27.000Z,652.38,147785.2
2024-05-10T21:37:31.000Z,648.65,161748.6
2024-05-10T21:38:35.000Z,657.87,151129.3
2024-05-10T21:39:39.000Z,699.64,244908.8
2024-05-10T21:40:43.000Z,698.46,226735.0
2024-05-10T21:41:47.000Z,707.62,238314.8
2024-05-10T21:42:51.000Z,729.57,191960.2
2024-05-10T21:43:55.000Z,717.77,207596.2
2024-05-10T21:44:59.000Z,730.29,269106.5
2024-05-10T21:46:03.000Z,720.68,201039.2
2024-05-10T21:47:07.000Z,735.31,209219.3
2024-05-10T21:48:11.000Z,729.38,254947.2
2024-05-10T21:49:15.000Z,725.10,202599.6
2024-05-10T21:50:19.000Z,714.86,254835.4
2024-05-10T21:51:23.000Z,724.95,265828.8
2024-05-10T21:52:27.000Z,728.03,205755.4
2024-05-10T21:53:31.000Z,734.72,234047.2
2024-05-10T21:54:35.000Z,721.72,231455.3
2024-05-10T21:55:39.000Z,731.45,240910.6
2024-05-10T21:56:43.000Z,737.20,242750.3
2024-05-10T21:57:47.000Z,745.79,227445.8
2024-05-10T21:58:51.000Z,746.26,204750.6
2024-05-10T21:59:55.000Z,755.57,305705.4
2024-05-10T22:00:59.000Z,754.64,401889.8
2024-05-10T22:02:03.000Z,756.33,383264.8
2024-05-10T22:03:07.000Z,-1.0E31,-1.0E31
2024-05-10T22:04:11.000Z,-1.0E31,-1.0E31
2024-05-10T22:05:15.000Z,748.70,152834.5
2024-05-10T22:06:19.000Z,757.01,126346.6
2024-05-10T22:07:23.000Z,777.27,104729.1
2024-05-10T22:08:27.000Z,755.00,120205.6
2024-05-10T22:09:31.000Z,759.20,84781.1
2024-05-10T22:10:35.000Z,751.22,134608.7
2024-05-10T22:11:39.000Z,743.92,150299.3
2024-05-10T22:12:43.000Z,758.58,99608.7
2024-05-10T22:13:47.000Z,745.40,99629.7
2024-05-10T22:14:51.000Z,746.04,136683.3
2024-05-10T22:15:55.000Z,737.45,91190.1
2024-05-10T22:16:59.000Z,725.00,92505.9
2024-05-10T22:18:03.000Z,751.87,98457.3
2024-05-10T22:19:07.000Z,762.49,97022.9
2024-05-10T22:20:11.000Z,758.59,99284.0
2024-05-10T22:21:15.000Z,743.69,102652.4
2024-05-10T22:22:19.000Z,740.52,89980.9
2024-05-10T22:23:23.000Z,737.49,125505.9
2024-05-10T22:24:27.000Z,750.93,95278.5
2024-05-10T22:25:31.000Z,757.50,117270.4
2024-05-10T22:26:35.000Z,727.89,103661.3
2024-05-10T22:27:39.000Z,725.04,122409.3
2024-05-10T22:28:43.000Z,723.79,120968.4
2024-05-10T22:29:47.000Z,719.77,90989.2
2024-05-10T22:30:51.000Z,726.23,114978.3
2024-05-10T22:31:55.000Z,711.43,118599.1
2024-05-10T22:32:59.000Z,-1.0E31,-1.0E31
2024-05-10T22:34:03.000Z,725.05,126003.0
2024-05-10T22:35:07.000Z,730.79,94584.2
2024-05-10T22:36:11.000Z,-1.0E31,-1.0E31
2024-05-10T22:37:15.000Z,741.34,62869.5
2024-05-10T22:38:19.000Z,740.07,80452.1
2024-05-10T22:39:23.000Z,755.83,46126.8
2024-05-10T22:40:27.000Z,734.70,74727.6
2024-05-10T22:41:31.000Z,755.05,46172.5
2024-05-10T22:42:35.000Z,745.32,66961.5
2024-05-10T22:43:39.000Z,747.98,55400.2
2024-05-10T22:44:43.000Z,748.20,72893.1
2024-05-10T22:45:47.000Z,745.77,58139.1
2024-05-10T22:46:51.000Z,724.37,57074.3
2024-05-10T22:47:55.000Z,736.56,49895.7
2024-05-10T22:48:59.000Z,732.50,67988.6
2024-05-10T22:50:03.000Z,737.39,58436.2
2024-05-10T22:51:07.000Z,729.68,60997.8
2024-05-10T22:52:11.000Z,725.62,55004.3
2024-05-10T22:53:15.000Z,713.91,65146.9
2024-05-10T22:54:19.000Z,711.37,90037.0
2024-05-10T22:55:23.000Z,712.39,64466.4
2024-05-10T22:56:27.000Z,714.67,79746.0
2024-05-10T22:57:31.000Z,720.52,61688.2
2024-05-10T22:58:35.000Z,722.91,79552.2
2024-05-10T22:59:39.000Z,724.82,65288.5
2024-05-10T23:00:43.000Z,719.28,115583.4
2024-05-10T23:01:47.000Z,712.10,78111.3
2024-05-10T23:02:51.000Z,714.17,79361.2
2024-05-10T23:03:55.000Z,714.17,67748.0
2024-05-10T23:04:59.000Z,716.32,63681.6
2024-05-10T23:06:03.000Z,714.67,60566.2
2024-05-10T23:07:07.000Z,709.77,79233.5
2024-05-10T23:08:11.000Z,716.99,70911.9
2024-05-10T23:09:15.000Z,-1.0E31,-1.0E31
2024-05-10T23:10:19.000Z,725.11,157247.9
2024-05-10T23:11:23.000Z,720.44,154175.6
2024-05-10T23:12:27.000Z,710.70,136357.5
2024-05-10T23:13:31.000Z,711.75,148302.1
2024-05-10T23:14:35.000Z,716.65,95363.5
2024-05-10T23:15:39.000Z,692.25,132190.1
2024-05-10T23:16:43.000Z,712.44,120774.3
2024-05-10T23:17:47.000Z,727.70,186724.3
2024-05-10T23:18:51.000Z,749.42,218548.8
2024-05-10T23:19:55.000Z,749.10,195677.3
2024-05-10T23:20:59.000Z,738.35,266437.8
2024-05-10T23:22:03.000Z,733.89,260845.5
2024-05-10T23:23:07.000Z,765.76,349705.3
2024-05-10T23:24:11.000Z,736.38,269000.7
2024-05-10T23:25:15.000Z,743.23,285131.9
2024-05-10T23:26:19.000Z,722.83,265759.3
2024-05-10T23:27:23.000Z,710.84,278822.2
2024-05-10T23:28:27.000Z,728.41,156533.3
2024-05-10T23:29:31.000Z,729.85,162236.1
2024-05-10T23:30:35.000Z,736.40,214094.7
2024-05-10T23:31:39.000Z,755.30,243501.5
2024-05-10T23:32:43.000Z,749.42,171813.9
2024-05-10T23:33:47.000Z,751.04,160742.9
2024-05-10T23:34:51.000Z,761.19,204317.8
2024-05-10T23:35:55.000Z,755.09,149651.4
2024-05-10T23:36:59.000Z,744.18,166821.5
2024-05-10T23:38:03.000Z,760.45,116434.5
2024-05-10T23:39:07.000Z,748.65,126984.4
2024-05-10T23:40:11.000Z,755.52,149543.5
2024-05-10T23:41:15.000Z,735.38,182619.4
2024-05-10T23:42:19.000Z,-1.0E31,-1.0E31
2024-05-10T23:43:23.000Z,719.78,342165.5
2024-05-10T23:44:27.000Z,-1.0E31,-1.0E31
2024-05-10T23:45:31.000Z,-1.0E31,-1.0E31
2024-05-10T23:46:35.000Z,743.34,492595.6
2024-05-10T23:47:39.000Z,725.21,412808.0
2024-05-10T23:48:43.000Z,743.48,448064.3
2024-05-10T23:49:47.000Z,741.28,466035.5
2024-05-10T23:50:51.000Z,735.84,467569.1
2024-05-10T23:51:55.000Z,745.58,427927.9
2024-05-10T23:52:59.000Z,747.86,327384.5
2024-05-10T23:54:03.000Z,750.18,382965.1
2024-05-10T23:55:07.000Z,752.36,298294.2
2024-05-10T23:56:11.000Z,748.72,278909.6
2024-05-10T23:57:15.000Z,767.70,551215.6
2024-05-10T23:58:19.000Z,772.16,552431.8
2024-05-10T23:59:23.000Z,-1.0E31,-1.0E31
2024-05-11T00:00:27.000Z,742.21,361514.6
2024-05-11T00:01:31.000Z,734.25,419771.0
2024-05-11T00:02:35.000Z,747.58,450849.2
2024-05-11T00:03:39.000Z,723.61,332859.7
2024-05-11T00:04:43.000Z,729.93,317822.0
2024-05-11T00:05:47.000Z,733.03,326609.0
2024-05-11T00:06:51.000Z,727.17,300588.3
2024-05-11T00:07:55.000Z,717.38,311853.1
2024-05-11T00:08:59.000Z,703.73,309237.8
2024-05-11T00:10:03.000Z,730.09,408845.5
2024-05-11T00:11:07.000Z,746.78,441819.6
2024-05-11T00:12:11.000Z,750.13,348780.3
2024-05-11T00:13:15.000Z,748.28,371216.5
2024-05-11T00:14:19.000Z,734.31,303698.2
2024-05-11T00:15:23.000Z,-1.0E31,-1.0E31
2024-05-11T00:16:27.000Z,746.28,387930.1
2024-05-11T00:17:31.000Z,754.88,245982.9
2024-05-11T00:18:35.000Z,747.12,339807.7
2024-05-11T00:19:39.000Z,716.46,290135.9
2024-05-11T00:20:43.000Z,704.47,399142.1
2024-05-11T00:21:47.000Z,735.55,230672.1
2024-05-11T00:22:51.000Z,724.77,214705.6
2024-05-11T00:23:55.000Z,717.08,301429.7
2024-05-11T00:24:59.000Z,716.10,303877.3
2024-05-11T00:26:03.000Z,736.49,255888.4
2024-05-11T00:27:07.000Z,727.13,271295.0
2024-05-11T00:28:11.000Z,733.32,292420.7
2024-05-11T00:29:15.000Z,725.73,242905.6
2024-05-11T00:30:19.000Z,725.74,226752.8
2024-05-11T00:31:23.000Z,737.51,207081.0
2024-05-11T00:32:27.000Z,752.00,317891.9
2024-05-11T00:33:31.000Z,744.60,328125.1
2024-05-11T00:34:35.000Z,735.22,203777.7
2024-05-11T00:35:39.000Z,708.60,201771.7
2024-05-11T00:36:43.000Z,686.23,248469.4
2024-05-11T00:37:47.000Z,701.05,212805.1
2024-05-11T00:38:51.000Z,702.86,205256.2
2024-05-11T00:39:55.000Z,712.60,185892.0
2024-05-11T00:40:59.000Z,707.04,254309.1
2024-05-11T00:42:03.000Z,713.64,273101.1
2024-05-11T00:43:07.000Z,710.20,251906.2
2024-05-11T00:44:11.000Z,722.62,233897.2
2024-05-11T00:45:15.000Z,699.45,237449.8
2024-05-11T00:46:19.000Z,729.69,208017.1
2024-05-11T00:47:23.000Z,-1.0E31,-1.0E31
2024-05-11T00:48:27.000Z,-1.0E31,-1.0E31
2024-05-11T00:49:31.000Z,725.80,229405.5
2024-05-11T00:50:35.000Z,717.69,233668.9
2024-05-11T00:51:39.000Z,718.81,199652.5
2024-05-11T00:52:43.000Z,721.86,270675.6
2024-05-11T00:53:47.000Z,723.56,245622.5
2024-05-11T00:54:51.000Z,702.09,207694.3
2024-05-11T00:55:55.000Z,-1.0E31,-1.0E31
2024-05-11T00:56:59.000Z,-1.0E31,-1.0E31
2024-05-11T00:58:03.000Z,-1.0E31,-1.0E31
2024-05-11T00:59:07.000Z,-1.0E31,-1.0E31
2024-05-11T01:00:11.000Z,737.59,321572.3
2024-05-11T01:01:15.000Z,733.89,346841.7
2024-05-11T01:02:19.000Z,729.85,336356.3
2024-05-11T01:03:23.000Z,736.14,433057.9
2024-05-11T01:04:27.000Z,731.01,310245.3
2024-05-11T01:05:31.000Z,714.33,364831.3
2024-05-11T01:06:35.000Z,712.67,314103.4
2024-05-11T01:07:39.000Z,711.68,338074.3
2024-05-11T01:08:43.000Z,717.22,367436.0
2024-05-11T01:09:47.000Z,723.79,409944.7
2024-05-11T01:10:51.000Z,717.56,440133.0
2024-05-11T01:11:55.000Z,714.16,340446.5
2024-05-11T01:12:59.000Z,705.12,368998.9
2024-05-11T01:14:03.000Z,713.19,418646.7
2024-05-11T01:15:07.000Z,695.48,548282.1
2024-05-11T01:16:11.000Z,686.51,630115.5
2024-05-11T01:17:15.000Z,695.79,641232.1
2024-05-11T01:18:19.000Z,702.18,535282.6
2024-05-11T01:19:23.000Z,693.28,540374.1
2024-05-11T01:20:27.000Z,695.86,453268.7
2024-05-11T01:21:31.000Z,-1.0E31,-1.0E31
2024-05-11T01:22:35.000Z,756.06,402844.8
2024-05-11T01:23:39.000Z,750.95,437536.9
2024-05-11T01:24:43.000Z,746.29,466510.5
2024-05-11T01:25:47.000Z,737.52,492227.7
2024-05-11T01:26:51.000Z,729.32,522743.8
2024-05-11T01:27:55.000Z,746.10,460410.0
2024-05-11T01:28:59.000Z,724.97,471164.5
2024-05-11T01:30:03.000Z,727.57,525315.2
2024-05-11T01:31:07.000Z,730.30,508875.0
2024-05-11T01:32:11.000Z,722.53,470293.4
2024-05-11T01:33:15.000Z,739.16,465005.8
2024-05-11T01:34:19.000Z,726.99,298561.2
2024-05-11T01:35:23.000Z,733.49,274340.0
2024-05-11T01:36:27.000Z,742.40,275297.0
2024-05-11T01:37:31.000Z,736.00,288207.8
2024-05-11T01:38:35.000Z,745.01,325188.2
2024-05-11T01:39:39.000Z,748.14,292475.4
2024-05-11T01:40:43.000Z,744.35,226231.7
2024-05-11T01:41:47.000Z,738.70,255549.4
2024-05-11T01:42:51.000Z,731.70,238134.8
2024-05-11T01:43:55.000Z,731.14,236883.0
2024-05-11T01:44:59.000Z,728.64,321456.9
2024-05-11T01:46:03.000Z,726.65,264505.2
2024-05-11T01:47:07.000Z,716.28,281176.5
2024-05-11T01:48:11.000Z,717.11,273974.6
2024-05-11T01:49:15.000Z,718.96,256138.6
2024-05-11T01:50:19.000Z,704.47,257252.4
2024-05-11T01:51:23.000Z,706.41,202971.9
2024-05-11T01:52:27.000Z,712.95,167751.4
2024-05-11T01:53:31.000Z,713.23,135339.0
2024-05-11T01:54:35.000Z,-1.0E31,-1.0E31
2024-05-11T01:55:39.000Z,705.61,118805.8
2024-05-11T01:56:43.000Z,709.70,112294.8
2024-05-11T01:57:47.000Z,713.71,110226.3
2024-05-11T01:58:51.000Z,712.99,124566.5
2024-05-11T01:59:55.000Z,705.92,113893.6
2024-05-11T02:00:59.000Z,718.41,141197.9
2024-05-11T02:02:03.000Z,736.41,153237.8
2024-05-11T02:03:07.000Z,733.81,143536.1
2024-05-11T02:04:11.000Z,729.16,106846.3
2024-05-11T02:05:15.000Z,738.87,103976.1
2024-05-11T02:06:19.000Z,740.94,88873.6
2024-05-11T02:07:23.000Z,740.11,111470.7
2024-05-11T02:08:27.000Z,744.07,90083.8
2024-05-11T02:09:31.000Z,749.01,99825.6
2024-05-11T02:10:35.000Z,745.40,98972.4
2024-05-11T02:11:39.000Z,740.54,96182.6
2024-05-11T02:12:43.000Z,736.80,88359.5
2024-05-11T02:13:47.000Z,731.75,98057.4
2024-05-11T02:14:51.000Z,735.42,143562.1
2024-05-11T02:15:55.000Z,742.00,170142.0
2024-05-11T02:16:59.000Z,-1.0E31,-1.0E31
2024-05-11T02:18:03.000Z,743.42,144238.8
2024-05-11T02:19:07.000Z,758.52,108287.1
2024-05-11T02:20:11.000Z,752.09,103569.7
2024-05-11T02:21:15.000Z,749.19,80846.1
2024-05-11T02:22:19.000Z,754.93,119291.3
2024-05-11T02:23:23.000Z,768.44,115687.3
2024-05-11T02:24:27.000Z,762.00,135508.8
2024-05-11T02:25:31.000Z,758.10,132842.2
2024-05-11T02:26:35.000Z,758.22,126501.0
2024-05-11T02:27:39.000Z,-1.0E31,-1.0E31
2024-05-11T02:28:43.000Z,741.38,122240.8
2024-05-11T02:29:47.000Z,731.33,150407.7
2024-05-11T02:30:51.000Z,723.19,131383.6
2024-05-11T02:31:55.000Z,731.01,146591.8
2024-05-11T02:32:59.000Z,725.64,116303.3
2024-05-11T02:34:03.000Z,726.16,122955.3
2024-05-11T02:35:07.000Z,724.23,118478.1
2024-05-11T02:36:11.000Z,721.74,116427.3
2024-05-11T02:37:15.000Z,723.43,127197.7
2024-05-11T02:38:19.000Z,721.84,124989.1
2024-05-11T02:39:23.000Z,744.19,133810.7
2024-05-11T02:40:27.000Z,740.32,-1.0E31
2024-05-11T02:41:31.000Z,717.23,206041.3
2024-05-11T02:42:35.000Z,726.48,179804.3
2024-05-11T02:43:39.000Z,719.84,176732.4
2024-05-11T02:44:43.000Z,726.97,194400.9
2024-05-11T02:45:47.000Z,714.19,199345.3
2024-05-11T02:46:51.000Z,724.73,207529.2
2024-05-11T02:47:55.000Z,738.39,142693.1
2024-05-11T02:48:59.000Z,741.62,154980.1
2024-05-11T02:50:03.000Z,733.84,144765.6
2024-05-11T02:51:07.000Z,730.66,149797.2
2024-05-11T02:52:11.000Z,737.04,179376.3
2024-05-11T02:53:15.000Z,722.64,192622.9
2024-05-11T02:54:19.000Z,728.84,188401.9
2024-05-11T02:55:23.000Z,718.28,203410.4
2024-05-11T02:56:27.000Z,719.35,189869.9
2024-05-11T02:57:31.000Z,717.34,174549.8
2024-05-11T02:58:35.000Z,724.97,160009.2
2024-05-11T02:59:39.000Z,717.16,170618.2
2024-05-11T03:00:43.000Z,-1.0E31,-1.0E31
2024-05-11T03:01:47.000Z,721.36,171965.4
2024-05-11T03:02:51.000Z,717.30,164820.0
2024-05-11T03:03:55.000Z,713.99,159353.6
2024-05-11T03:04:59.000Z,715.20,184910.6
2024-05-11T03:06:03.000Z,703.93,180166.6
2024-05-11T03:07:07.000Z,706.91,178315.8
2024-05-11T03:08:11.000Z,703.53,182413.3
2024-05-11T03:09:15.000Z,705.28,194491.4
2024-05-11T03:10:19.000Z,698.53,181673.3
2024-05-11T03:11:23.000Z,697.60,182576.9
2024-05-11T03:12:27.000Z,701.51,160833.0
2024-05-11T03:13:31.000Z,701.60,153272.2
2024-05-11T03:14:35.000Z,701.35,154092.7
2024-05-11T03:15:39.000Z,707.21,155028.2
2024-05-11T03:16:43.000Z,703.69,165619.2
2024-05-11T03:17:47.000Z,698.41,157901.3
2024-05-11T03:18:51.000Z,686.81,163413.9
2024-05-11T03:19:55.000Z,690.84,168028.9
2024-05-11T03:20:59.000Z,687.34,155393.5
2024-05-11T03:22:03.000Z,683.22,162684.2
2024-05-11T03:23:07.000Z,683.15,176772.9
2024-05-11T03:24:11.000Z,691.35,164863.7
2024-05-11T03:25:15.000Z,680.04,191074.8
2024-05-11T03:26:19.000Z,680.12,177091.6
2024-05-11T03:27:23.000Z,680.08,180445.4
2024-05-11T03:28:27.000Z,690.98,174106.5
2024-05-11T03:29:31.000Z,691.74,186236.5
2024-05-11T03:30:35.000Z,688.28,173550.0
2024-05-11T03:31:39.000Z,678.98,202154.7
2024-05-11T03:32:43.000Z,677.49,185919.1
2024-05-11T03:33:47.000Z,-1.0E31,-1.0E31
2024-05-11T03:34:51.000Z,701.94,184357.0
2024-05-11T03:35:55.000Z,703.29,179227.8
2024-05-11T03:36:59.000Z,699.86,198678.8
2024-05-11T03:38:03.000Z,705.35,218254.5
2024-05-11T03:39:07.000Z,707.00,215156.2
2024-05-11T03:40:11.000Z,705.95,186616.8
2024-05-11T03:41:15.000Z,696.43,183801.7
2024-05-11T03:42:19.000Z,691.82,137319.4
2024-05-11T03:43:23.000Z,693.66,110130.4
2024-05-11T03:44:27.000Z,688.44,116756.1
2024-05-11T03:45:31.000Z,693.67,135063.0
2024-05-11T03:46:35.000Z,693.94,122876.6
2024-05-11T03:47:39.000Z,698.74,147692.0
2024-05-11T03:48:43.000Z,697.99,195650.4
2024-05-11T03:49:47.000Z,695.25,201442.8
2024-05-11T03:50:51.000Z,696.57,168906.4
2024-05-11T03:51:55.000Z,694.20,183103.0
2024-05-11T03:52:59.000Z,693.52,176826.1
2024-05-11T03:54:03.000Z,698.31,171195.8
2024-05-11T03:55:07.000Z,704.63,165702.4
2024-05-11T03:56:11.000Z,703.22,176817.7
2024-05-11T03:57:15.000Z,696.47,182305.9
2024-05-11T03:58:19.000Z,687.98,169583.5
2024-05-11T03:59:23.000Z,696.95,208824.0
2024-05-11T04:00:27.000Z,696.76,193799.3
2024-05-11T04:01:31.000Z,701.75,214966.1
2024-05-11T04:02:35.000Z,705.66,188713.3
2024-05-11T04:03:39.000Z,700.85,159641.8
2024-05-11T04:04:43.000Z,700.13,150403.2
2024-05-11T04:05:47.000Z,699.84,182201.7
2024-05-11T04:06:51.000Z,-1.0E31,-1.0E31
2024-05-11T04:07:55.000Z,704.90,148456.9
2024-05-11T04:08:59.000Z,703.50,189656.6
2024-05-11T04:10:03.000Z,703.74,195749.6
2024-05-11T04:11:07.000Z,697.79,192448.3
2024-05-11T04:12:11.000Z,693.65,190324.3
2024-05-11T04:13:15.000Z,693.80,174761.7
2024-05-11T04:14:19.000Z,689.67,203114.2
2024-05-11T04:15:23.000Z,692.85,162440.0
2024-05-11T04:16:27.000Z,690.11,141512.9
2024-05-11T04:17:31.000Z,692.35,164036.6
2024-05-11T04:18:35.000Z,694.94,174133.6
2024-05-11T04:19:39.000Z,699.90,162906.6
2024-05-11T04:20:43.000Z,697.39,251251.3
2024-05-11T04:21:47.000Z,709.91,215040.5
2024-05-11T04:22:51.000Z,711.31,224652.4
2024-05-11T04:23:55.000Z,712.33,192328.0
2024-05-11T04:24:59.000Z,717.10,228565.3
2024-05-11T04:26:03.000Z,714.48,220664.5
2024-05-11T04:27:07.000Z,717.90,214069.8
2024-05-11T04:28:11.000Z,710.59,202287.3
2024-05-11T04:29:15.000Z,703.92,210536.8
2024-05-11T04:30:19.000Z,706.30,160504.3
2024-05-11T04:31:23.000Z,703.39,181768.2
2024-05-11T04:32:27.000Z,705.00,188780.8
2024-05-11T04:33:31.000Z,711.27,187423.8
2024-05-11T04:34:35.000Z,715.48,219616.6
2024-05-11T04:35:39.000Z,693.14,166188.6
2024-05-11T04:36:43.000Z,697.79,156319.5
2024-05-11T04:37:47.000Z,696.84,172734.8
2024-05-11T04:38:51.000Z,692.06,182334.8
2024-05-11T04:39:55.000Z,-1.0E31,-1.0E31
2024-05-11T04:40:59.000Z,696.73,183590.4
2024-05-11T04:42:03.000Z,710.00,175843.3
2024-05-11T04:43:07.000Z,708.06,143870.8
2024-05-11T04:44:11.000Z,693.89,159918.5
2024-05-11T04:45:15.000Z,705.09,161053.2
2024-05-11T04:46:19.000Z,709.80,126210.2
2024-05-11T04:47:23.000Z,701.76,173727.0
2024-05-11T04:48:27.000Z,705.32,178917.3
2024-05-11T04:49:31.000Z,703.49,182816.4
2024-05-11T04:50:35.000Z,701.58,207137.9
2024-05-11T04:51:39.000Z,700.21,191484.4
2024-05-11T04:52:43.000Z,695.75,187181.7
2024-05-11T04:53:47.000Z,702.55,202883.9
2024-05-11T04:54:51.000Z,699.99,188964.5
2024-05-11T04:55:55.000Z,698.75,192093.9
2024-05-11T04:56:59.000Z,693.06,182336.1
2024-05-11T04:58:03.000Z,693.38,185297.5
2024-05-11T04:59:07.000Z,693.04,184437.7
2024-05-11T05:00:11.000Z,692.11,197478.2
2024-05-11T05:01:15.000Z,696.08,173639.4
2024-05-11T05:02:19.000Z,691.30,264795.5
2024-05-11T05:03:23.000Z,692.18,262110.3
2024-05-11T05:04:27.000Z,696.88,201521.9
2024-05-11T05:05:31.000Z,706.23,166018.0
2024-05-11T05:06:35.000Z,691.82,203698.3
2024-05-11T05:07:39.000Z,683.78,167342.1
2024-05-11T05:08:43.000Z,677.78,202958.8
2024-05-11T05:09:47.000Z,681.95,145455.8
2024-05-11T05:10:51.000Z,688.82,191097.0
2024-05-11T05:11:55.000Z,671.53,301125.2
2024-05-11T05:12:59.000Z,-1.0E31,-1.0E31
2024-05-11T05:14:03.000Z,694.28,276990.9
2024-05-11T05:15:07.000Z,687.47,267846.4
2024-05-11T05:16:11.000Z,684.64,262211.2
2024-05-11T05:17:15.000Z,693.91,304016.0
2024-05-11T05:18:19.000Z,678.95,316353.8
2024-05-11T05:19:23.000Z,691.09,290305.2
2024-05-11T05:20:27.000Z,696.13,231483.1
2024-05-11T05:21:31.000Z,703.67,249732.5
2024-05-11T05:22:35.000Z,709.38,271510.8
2024-05-11T05:23:39.000Z,706.45,265722.9
2024-05-11T05:24:43.000Z,715.09,242145.7
2024-05-11T05:25:47.000Z,712.25,245739.4
2024-05-11T05:26:51.000Z,712.30,209514.1
2024-05-11T05:27:55.000Z,713.04,166299.4
2024-05-11T05:28:59.000Z,709.58,197521.8
2024-05-11T05:30:03.000Z,699.44,212083.6
2024-05-11T05:31:07.000Z,705.44,218827.8
2024-05-11T05:32:11.000Z,696.60,228414.3
2024-05-11T05:33:15.000Z,690.21,316248.4
2024-05-11T05:34:19.000Z,691.40,320375.0
2024-05-11T05:35:23.000Z,681.76,299772.1
2024-05-11T05:36:27.000Z,667.57,332994.5
2024-05-11T05:37:31.000Z,675.32,417144.6
2024-05-11T05:38:35.000Z,665.42,398606.8
2024-05-11T05:39:39.000Z,667.21,371031.4
2024-05-11T05:40:43.000Z,667.39,379539.8
2024-05-11T05:41:47.000Z,673.88,348895.2
2024-05-11T05:42:51.000Z,670.64,356431.6
2024-05-11T05:43:55.000Z,671.89,341751.3
2024-05-11T05:44:59.000Z,674.49,361551.7
2024-05-11T05:46:03.000Z,-1.0E31,-1.0E31
2024-05-11T05:47:07.000Z,664.03,374919.8
2024-05-11T05:48:11.000Z,665.33,366352.2
2024-05-11T05:49:15.000Z,658.81,369232.0
2024-05-11T05:50:19.000Z,662.40,354055.4
2024-05-11T05:51:23.000Z,661.45,332696.9
2024-05-11T05:52:27.000Z,666.15,359099.9
2024-05-11T05:53:31.000Z,674.71,412000.4
2024-05-11T05:54:35.000Z,671.28,426557.5
2024-05-11T05:55:39.000Z,665.95,407716.7
2024-05-11T05:56:43.000Z,655.67,504461.7
2024-05-11T05:57:47.000Z,678.43,521347.2
2024-05-11T05:58:51.000Z,665.82,513181.8
2024-05-11T05:59:55.000Z,661.68,458330.5
2024-05-11T06:00:59.000Z,651.07,513207.3
2024-05-11T06:02:03.000Z,666.69,559610.5
2024-05-11T06:03:07.000Z,656.44,466204.2
2024-05-11T06:04:11.000Z,652.62,499059.5
2024-05-11T06:05:15.000Z,660.59,492537.9
2024-05-11T06:06:19.000Z,672.26,575697.3
2024-05-11T06:07:23.000Z,673.58,574551.4
2024-05-11T06:08:27.000Z,667.11,483648.5
2024-05-11T06:09:31.000Z,694.62,413404.7
2024-05-11T06:10:35.000Z,694.90,309603.5
2024-05-11T06:11:39.000Z,695.76,295318.2
2024-05-11T06:12:43.000Z,691.52,356118.1
2024-05-11T06:13:47.000Z,692.46,256396.0
2024-05-11T06:14:51.000Z,696.38,290246.7
2024-05-11T06:15:55.000Z,697.13,247498.0
2024-05-11T06:16:59.000Z,687.89,195001.5
2024-05-11T06:18:03.000Z,691.54,175864.3
2024-05-11T06:19:07.000Z,-1.0E31,-1.0E31
2024-05-11T06:20:11.000Z,691.36,216701.5
2024-05-11T06:21:15.000Z,700.37,229017.6
2024-05-11T06:22:19.000Z,697.81,228826.8
2024-05-11T06:23:23.000Z,699.64,216179.4
2024-05-11T06:24:27.000Z,719.26,294834.9
2024-05-11T06:25:31.000Z,705.67,213540.9
2024-05-11T06:26:35.000Z,696.22,219860.3
2024-05-11T06:27:39.000Z,699.05,245188.2
2024-05-11T06:28:43.000Z,701.29,208982.8
2024-05-11T06:29:47.000Z,702.51,193471.2
2024-05-11T06:30:51.000Z,697.39,189328.3
2024-05-11T06:31:55.000Z,698.76,189519.4
2024-05-11T06:32:59.000Z,703.15,176853.8
2024-05-11T06:34:03.000Z,700.62,167323.4
2024-05-11T06:35:07.000Z,691.88,165829.1
2024-05-11T06:36:11.000Z,690.12,186651.3
2024-05-11T06:37:15.000Z,674.36,200866.7
2024-05-11T06:38:19.000Z,671.95,214938.3
2024-05-11T06:39:23.000Z,676.12,205535.3
2024-05-11T06:40:27.000Z,680.78,232484.1
2024-05-11T06:41:31.000Z,670.20,241786.5
2024-05-11T06:42:35.000Z,677.59,242677.7
2024-05-11T06:43:39.000Z,681.66,206734.8
2024-05-11T06:44:43.000Z,692.63,221306.2
2024-05-11T06:45:47.000Z,686.60,214548.0
2024-05-11T06:46:51.000Z,694.66,210682.5
2024-05-11T06:47:55.000Z,689.57,194672.5
2024-05-11T06:48:59.000Z,688.75,196046.6
2024-05-11T06:50:03.000Z,683.36,188319.9
2024-05-11T06:51:07.000Z,701.05,169016.8
2024-05-11T06:52:11.000Z,-1.0E31,-1.0E31
2024-05-11T06:53:15.000Z,697.72,206915.8
2024-05-11T06:54:19.000Z,697.53,159301.8
2024-05-11T06:55:23.000Z,703.30,172980.7
2024-05-11T06:56:27.000Z,698.66,172280.8
2024-05-11T06:57:31.000Z,702.41,194211.9
2024-05-11T06:58:35.000Z,699.71,169744.7
2024-05-11T06:59:39.000Z,697.19,173490.2
2024-05-11T07:00:43.000Z,700.53,219195.1
2024-05-11T07:01:47.000Z,702.83,210978.8
2024-05-11T07:02:51.000Z,691.84,165971.6
2024-05-11T07:03:55.000Z,696.83,231769.5
2024-05-11T07:04:59.000Z,706.29,212314.4
2024-05-11T07:06:03.000Z,708.36,200903.0
2024-05-11T07:07:07.000Z,695.99,219709.2
2024-05-11T07:08:11.000Z,703.02,214045.3
2024-05-11T07:09:15.000Z,698.85,235829.4
2024-05-11T07:10:19.000Z,697.30,215739.3
2024-05-11T07:11:23.000Z,706.48,235241.4
2024-05-11T07:12:27.000Z,703.07,161321.0
2024-05-11T07:13:31.000Z,690.20,157598.7
2024-05-11T07:14:35.000Z,704.36,-1.0E31
2024-05-11T07:15:39.000Z,700.70,152997.3
2024-05-11T07:16:43.000Z,690.21,151419.7
2024-05-11T07:17:47.000Z,686.34,134401.8
2024-05-11T07:18:51.000Z,685.45,150020.9
2024-05-11T07:19:55.000Z,687.15,164760.8
2024-05-11T07:20:59.000Z,692.86,183401.0
2024-05-11T07:22:03.000Z,692.36,212259.5
2024-05-11T07:23:07.000Z,684.87,364045.0
2024-05-11T07:24:11.000Z,699.60,438396.9
2024-05-11T07:25:15.000Z,-1.0E31,-1.0E31
2024-05-11T07:26:19.000Z,691.23,426452.8
2024-05-11T07:27:23.000Z,694.06,416118.4
2024-05-11T07:28:27.000Z,688.66,436638.8
2024-05-11T07:29:31.000Z,688.45,379035.5
2024-05-11T07:30:35.000Z,690.46,401810.9
2024-05-11T07:31:39.000Z,696.80,450129.3
2024-05-11T07:32:43.000Z,699.86,460376.4
2024-05-11T07:33:47.000Z,695.66,380646.7
2024-05-11T07:34:51.000Z,688.21,490680.9
2024-05-11T07:35:55.000Z,686.72,552564.9
2024-05-11T07:36:59.000Z,677.27,438908.6
2024-05-11T07:38:03.000Z,664.87,477699.6
2024-05-11T07:39:07.000Z,677.45,444265.4
2024-05-11T07:40:11.000Z,673.53,449319.8
2024-05-11T07:41:15.000Z,683.75,507808.1
2024-05-11T07:42:19.000Z,665.18,538558.6
2024-05-11T07:43:23.000Z,677.58,535029.9
2024-05-11T07:44:27.000Z,697.33,506991.4
2024-05-11T07:45:31.000Z,702.82,402256.2
2024-05-11T07:46:35.000Z,710.05,413082.5
2024-05-11T07:47:39.000Z,720.25,197992.7
2024-05-11T07:48:43.000Z,721.56,285795.5
2024-05-11T07:49:47.000Z,722.30,305420.0
2024-05-11T07:50:51.000Z,716.62,260464.0
2024-05-11T07:51:55.000Z,715.76,219984.4
2024-05-11T07:52:59.000Z,711.69,240107.6
2024-05-11T07:54:03.000Z,728.29,219514.7
2024-05-11T07:55:07.000Z,708.99,148889.8
2024-05-11T07:56:11.000Z,709.40,152789.4
2024-05-11T07:57:15.000Z,708.13,134540.2
2024-05-11T07:58:19.000Z,-1.0E31,-1.0E31
2024-05-11T07:59:23.000Z,701.72,179744.5
2024-05-11T08:00:27.000Z,705.13,155946.4
2024-05-11T08:01:31.000Z,714.67,164280.0
2024-05-11T08:02:35.000Z,721.71,114111.0
2024-05-11T08:03:39.000Z,704.97,153893.6
2024-05-11T08:04:43.000Z,703.77,84519.3
2024-05-11T08:05:47.000Z,701.22,106506.9
2024-05-11T08:06:51.000Z,722.53,99039.2
2024-05-11T08:07:55.000Z,712.72,94524.0
2024-05-11T08:08:59.000Z,732.17,104472.0
2024-05-11T08:10:03.000Z,716.73,87602.8
2024-05-11T08:11:07.000Z,724.59,127086.3
2024-05-11T08:12:11.000Z,691.35,99455.2
2024-05-11T08:13:15.000Z,676.40,117181.1
2024-05-11T08:14:19.000Z,681.44,105106.8
2024-05-11T08:15:23.000Z,693.64,102043.6
2024-05-11T08:16:27.000Z,697.45,121844.8
2024-05-11T08:17:31.000Z,708.62,145883.7
2024-05-11T08:18:35.000Z,702.87,121225.6
2024-05-11T08:19:39.000Z,698.98,105050.6
2024-05-11T08:20:43.000Z,703.78,138493.3
2024-05-11T08:21:47.000Z,715.45,100889.0
2024-05-11T08:22:51.000Z,711.40,110172.6
2024-05-11T08:23:55.000Z,718.65,130441.5
2024-05-11T08:24:59.000Z,723.09,130023.9
2024-05-11T08:26:03.000Z,718.16,101719.4
2024-05-11T08:27:07.000Z,725.88,87599.6
2024-05-11T08:28:11.000Z,725.29,90970.2
2024-05-11T08:29:15.000Z,739.53,108579.7
2024-05-11T08:30:19.000Z,717.52,122511.8
2024-05-11T08:31:23.000Z,-1.0E31,-1.0E31
2024-05-11T08:32:27.000Z,731.57,110523.5
2024-05-11T08:33:31.000Z,732.67,118705.1
2024-05-11T08:34:35.000Z,728.21,118395.6
2024-05-11T08:35:39.000Z,730.50,189694.5
2024-05-11T08:36:43.000Z,731.88,147507.8
2024-05-11T08:37:47.000Z,714.08,200312.2
2024-05-11T08:38:51.000Z,722.82,177034.1
2024-05-11T08:39:55.000Z,712.62,158818.4
2024-05-11T08:40:59.000Z,714.85,155481.0
2024-05-11T08:42:03.000Z,727.06,208827.3
2024-05-11T08:43:07.000Z,730.74,239383.1
2024-05-11T08:44:11.000Z,709.59,255577.2
2024-05-11T08:45:15.000Z,686.46,171251.8
2024-05-11T08:46:19.000Z,674.02,173261.8
2024-05-11T08:47:23.000Z,673.39,198366.5
2024-05-11T08:48:27.000Z,690.39,162409.4
2024-05-11T08:49:31.000Z,-1.0E31,-1.0E31
2024-05-11T08:50:35.000Z,697.57,144315.8
2024-05-11T08:51:39.000Z,710.60,158551.0
2024-05-11T08:52:43.000Z,701.97,223455.2
2024-05-11T08:53:47.000Z,704.24,226821.7
2024-05-11T08:54:51.000Z,698.26,164744.2
2024-05-11T08:55:55.000Z,700.48,200486.9
2024-05-11T08:56:59.000Z,713.64,292778.4
2024-05-11T08:58:03.000Z,701.31,282595.4
2024-05-11T08:59:07.000Z,711.23,253379.3
2024-05-11T09:00:11.000Z,687.53,245353.9
2024-05-11T09:01:15.000Z,689.32,154281.8
2024-05-11T09:02:19.000Z,711.14,147844.5
2024-05-11T09:03:23.000Z,702.47,97371.8
2024-05-11T09:04:27.000Z,-1.0E31,-1.0E31
2024-05-11T09:05:31.000Z,692.19,121291.1
2024-05-11T09:06:35.000Z,701.40,106536.7
2024-05-11T09:07:39.000Z,698.03,134113.2
2024-05-11T09:08:43.000Z,696.31,125189.0
2024-05-11T09:09:47.000Z,708.96,146250.7
2024-05-11T09:10:51.000Z,710.50,136505.1
2024-05-11T09:11:55.000Z,700.37,136526.0
2024-05-11T09:12:59.000Z,697.63,161466.6
2024-05-11T09:14:03.000Z,698.36,185540.1
2024-05-11T09:15:07.000Z,700.68,125039.4
2024-05-11T09:16:11.000Z,710.38,116012.5
2024-05-11T09:17:15.000Z,704.25,106897.8
2024-05-11T09:18:19.000Z,708.87,108372.9
2024-05-11T09:19:23.000Z,705.59,131854.4
2024-05-11T09:20:27.000Z,699.82,123487.0
2024-05-11T09:21:31.000Z,703.93,123333.4
2024-05-11T09:22:35.000Z,706.52,133120.8
2024-05-11T09:23:39.000Z,704.23,130337.3
2024-05-11T09:24:43.000Z,706.39,123178.7
2024-05-11T09:25:47.000Z,709.13,135247.5
2024-05-11T09:26:51.000Z,712.37,138248.4
2024-05-11T09:27:55.000Z,695.30,124372.5
2024-05-11T09:28:59.000Z,688.74,251498.7
2024-05-11T09:30:03.000Z,677.90,238615.4
2024-05-11T09:31:07.000Z,667.83,153395.5
2024-05-11T09:32:11.000Z,677.12,178599.6
2024-05-11T09:33:15.000Z,676.49,222794.8
2024-05-11T09:34:19.000Z,693.92,213377.7
2024-05-11T09:35:23.000Z,-1.0E31,-1.0E31
2024-05-11T09:36:27.000Z,689.99,301777.0
2024-05-11T09:37:31.000Z,-1.0E31,-1.0E31
2024-05-11T09:38:35.000Z,681.98,-1.0E31
2024-05-11T09:39:39.000Z,-1.0E31,-1.0E31
2024-05-11T09:40:43.000Z,681.33,103670.1
2024-05-11T09:41:47.000Z,675.89,109015.7
2024-05-11T09:42:51.000Z,673.31,119052.0
2024-05-11T09:43:55.000Z,675.13,103765.4
2024-05-11T09:44:59.000Z,686.37,173820.7
2024-05-11T09:46:03.000Z,679.19,173439.9
2024-05-11T09:47:07.000Z,680.22,132872.4
2024-05-11T09:48:11.000Z,678.15,90193.6
2024-05-11T09:49:15.000Z,675.42,123067.3
2024-05-11T09:50:19.000Z,677.48,121687.8
2024-05-11T09:51:23.000Z,687.70,90302.3
2024-05-11T09:52:27.000Z,682.37,227148.4
2024-05-11T09:53:31.000Z,681.52,384266.3
2024-05-11T09:54:35.000Z,674.19,326348.8
2024-05-11T09:55:39.000Z,677.14,305860.8
2024-05-11T09:56:43.000Z,678.69,293473.9
2024-05-11T09:57:47.000Z,677.14,332032.9
2024-05-11T09:58:51.000Z,673.82,377549.5
2024-05-11T09:59:55.000Z,692.89,370084.5
2024-05-11T10:00:59.000Z,686.46,361915.8
2024-05-11T10:02:03.000Z,681.57,308456.4
2024-05-11T10:03:07.000Z,694.40,-1.0E31
2024-05-11T10:04:11.000Z,691.39,348145.9
2024-05-11T10:05:15.000Z,681.63,304537.6
2024-05-11T10:06:19.000Z,680.35,308527.3
2024-05-11T10:07:23.000Z,686.49,370304.1
2024-05-11T10:08:27.000Z,694.20,374775.8
2024-05-11T10:09:31.000Z,688.98,359629.2
2024-05-11T10:10:35.000Z,-1.0E31,-1.0E31
2024-05-11T10:11:39.000Z,698.78,316812.7
2024-05-11T10:12:43.000Z,695.75,255583.0
2024-05-11T10:13:47.000Z,705.29,220164.7
2024-05-11T10:14:51.000Z,698.52,217834.9
2024-05-11T10:15:55.000Z,703.22,251132.1
2024-05-11T10:16:59.000Z,698.05,224481.8
2024-05-11T10:18:03.000Z,702.43,280982.0
2024-05-11T10:19:07.000Z,693.14,269374.5
2024-05-11T10:20:11.000Z,680.81,281046.2
2024-05-11T10:21:15.000Z,698.65,302440.4
2024-05-11T10:22:19.000Z,685.75,333115.3
2024-05-11T10:23:23.000Z,691.74,316192.9
2024-05-11T10:24:27.000Z,695.37,318795.7
2024-05-11T10:25:31.000Z,700.15,283219.0
2024-05-11T10:26:35.000Z,702.06,283023.8
2024-05-11T10:27:39.000Z,709.74,323361.8
2024-05-11T10:28:43.000Z,707.75,400663.3
2024-05-11T10:29:47.000Z,710.67,435015.9
2024-05-11T10:30:51.000Z,718.10,605095.8
2024-05-11T10:31:55.000Z,711.21,504192.6
2024-05-11T10:32:59.000Z,725.75,494973.6
2024-05-11T10:34:03.000Z,710.74,527667.0
2024-05-11T10:35:07.000Z,704.84,566457.9
2024-05-11T10:36:11.000Z,724.11,558849.2
2024-05-11T10:37:15.000Z,736.32,608126.4
2024-05-11T10:38:19.000Z,724.38,585890.7
2024-05-11T10:39:23.000Z,738.58,603610.9
2024-05-11T10:40:27.000Z,729.57,571435.1
2024-05-11T10:41:31.000Z,718.10,587235.3
2024-05-11T10:42:35.000Z,710.59,657755.2
2024-05-11T10:43:39.000Z,-1.0E31,-1.0E31
2024-05-11T10:44:43.000Z,701.50,710691.1
2024-05-11T10:45:47.000Z,722.82,592924.2
2024-05-11T10:46:51.000Z,729.43,652873.1
2024-05-11T10:47:55.000Z,725.03,668250.3
2024-05-11T10:48:59.000Z,722.01,590129.6
2024-05-11T10:50:03.000Z,715.54,626208.3
2024-05-11T10:51:07.000Z,724.24,620185.1
2024-05-11T10:52:11.000Z,703.00,675319.9
2024-05-11T10:53:15.000Z,712.28,645819.9
2024-05-11T10:54:19.000Z,714.25,574089.5
2024-05-11T10:55:23.000Z,702.15,472165.3
2024-05-11T10:56:27.000Z,743.30,468009.8
2024-05-11T10:57:31.000Z,745.45,364426.1
2024-05-11T10:58:35.000Z,772.39,433522.0
2024-05-11T10:59:39.000Z,774.76,427105.5
2024-05-11T11:00:43.000Z,760.13,504520.1
2024-05-11T11:01:47.000Z,724.60,612891.0
2024-05-11T11:02:51.000Z,708.62,674543.8
2024-05-11T11:03:55.000Z,701.44,663409.4
2024-05-11T11:04:59.000Z,742.61,347359.0
2024-05-11T11:06:03.000Z,766.89,403426.0
2024-05-11T11:07:07.000Z,768.29,477371.1
2024-05-11T11:08:11.000Z,761.91,626378.4
2024-05-11T11:09:15.000Z,780.17,446593.9
2024-05-11T11:10:19.000Z,749.94,614892.2
2024-05-11T11:11:23.000Z,745.29,725264.7
2024-05-11T11:12:27.000Z,748.72,651228.8
2024-05-11T11:13:31.000Z,764.89,671745.2
2024-05-11T11:14:35.000Z,778.95,444958.2
2024-05-11T11:15:39.000Z,785.22,322700.4
2024-05-11T11:16:43.000Z,-1.0E31,-1.0E31
2024-05-11T11:17:47.000Z,793.84,238698.2
2024-05-11T11:18:51.000Z,796.52,201010.2
2024-05-11T11:19:55.000Z,786.08,299118.3
2024-05-11T11:20:59.000Z,798.47,274569.8
2024-05-11T11:22:03.000Z,779.85,350004.6
2024-05-11T11:23:07.000Z,788.30,246734.0
2024-05-11T11:24:11.000Z,797.98,282119.8
2024-05-11T11:25:15.000Z,802.30,207124.8
2024-05-11T11:26:19.000Z,812.52,158105.6
2024-05-11T11:27:23.000Z,810.84,164463.8
2024-05-11T11:28:27.000Z,817.23,160267.2
2024-05-11T11:29:31.000Z,810.72,115293.0
2024-05-11T11:30:35.000Z,804.45,123365.2
2024-05-11T11:31:39.000Z,791.54,122583.8
2024-05-11T11:32:43.000Z,786.62,110235.1
2024-05-11T11:33:47.000Z,784.86,105233.6
2024-05-11T11:34:51.000Z,794.22,121522.3
2024-05-11T11:35:55.000Z,801.20,180037.2
2024-05-11T11:36:59.000Z,804.48,278852.8
2024-05-11T11:38:03.000Z,792.91,141690.5
2024-05-11T11:39:07.000Z,799.04,163923.2
2024-05-11T11:40:11.000Z,805.31,138736.4
2024-05-11T11:41:15.000Z,794.88,162386.7
2024-05-11T11:42:19.000Z,792.18,138741.7
2024-05-11T11:43:23.000Z,784.38,127476.4
2024-05-11T11:44:27.000Z,785.04,148363.2
2024-05-11T11:45:31.000Z,777.25,164642.4
2024-05-11T11:46:35.000Z,793.41,113299.5
2024-05-11T11:47:39.000Z,806.33,226542.1
2024-05-11T11:48:43.000Z,808.68,184087.0
2024-05-11T11:49:47.000Z,-1.0E31,-1.0E31
2024-05-11T11:50:51.000Z,799.55,253785.7
2024-05-11T11:51:55.000Z,804.36,175831.0
2024-05-11T11:52:59.000Z,800.59,143670.5
2024-05-11T11:54:03.000Z,799.01,155741.4
2024-05-11T11:55:07.000Z,794.58,134407.9
2024-05-11T11:56:11.000Z,791.05,150765.9
2024-05-11T11:57:15.000Z,804.33,155097.6
2024-05-11T11:58:19.000Z,801.78,149818.3
2024-05-11T11:59:23.000Z,796.84,157256.8
2024-05-11T12:00:27.000Z,808.68,160383.6
2024-05-11T12:01:31.000Z,813.60,118648.4
2024-05-11T12:02:35.000Z,808.23,140753.5
2024-05-11T12:03:39.000Z,806.07,135165.1
2024-05-11T12:04:43.000Z,805.66,151300.3
2024-05-11T12:05:47.000Z,806.88,145502.3
2024-05-11T12:06:51.000Z,815.84,158393.5
2024-05-11T12:07:55.000Z,808.49,129270.6
2024-05-11T12:08:59.000Z,807.83,186967.4
2024-05-11T12:10:03.000Z,803.04,144421.6
2024-05-11T12:11:07.000Z,799.63,147326.0
2024-05-11T12:12:11.000Z,796.94,161379.6
2024-05-11T12:13:15.000Z,800.63,144466.3
2024-05-11T12:14:19.000Z,799.24,126737.0
2024-05-11T12:15:23.000Z,801.11,164705.7
2024-05-11T12:16:27.000Z,804.39,130476.8
2024-05-11T12:17:31.000Z,808.07,169461.9
2024-05-11T12:18:35.000Z,807.60,136226.6
2024-05-11T12:19:39.000Z,805.27,164913.7
2024-05-11T12:20:43.000Z,806.62,155624.0
2024-05-11T12:21:47.000Z,812.45,144463.6
2024-05-11T12:22:51.000Z,-1.0E31,-1.0E31
2024-05-11T12:23:55.000Z,809.03,204835.0
2024-05-11T12:24:59.000Z,811.69,214058.1
2024-05-11T12:26:03.000Z,811.22,146422.2
2024-05-11T12:27:07.000Z,820.61,168967.2
2024-05-11T12:28:11.000Z,798.99,182722.4
2024-05-11T12:29:15.000Z,804.90,137947.4
2024-05-11T12:30:19.000Z,798.34,151198.1
2024-05-11T12:31:23.000Z,788.90,101969.6
2024-05-11T12:32:27.000Z,793.04,144442.2
2024-05-11T12:33:31.000Z,794.07,190542.2
2024-05-11T12:34:35.000Z,805.81,161669.3
2024-05-11T12:35:39.000Z,794.76,167707.8
2024-05-11T12:36:43.000Z,795.55,186641.0
2024-05-11T12:37:47.000Z,799.74,175267.6
2024-05-11T12:38:51.000Z,801.17,163664.4
2024-05-11T12:39:55.000Z,806.60,181483.7
2024-05-11T12:40:59.000Z,807.11,171789.1
2024-05-11T12:42:03.000Z,805.50,216872.4
2024-05-11T12:43:07.000Z,802.84,185171.8
2024-05-11T12:44:11.000Z,803.32,167709.4
2024-05-11T12:45:15.000Z,800.40,200931.4
2024-05-11T12:46:19.000Z,796.72,223359.3
2024-05-11T12:47:23.000Z,798.91,200243.2
2024-05-11T12:48:27.000Z,796.16,187813.2
2024-05-11T12:49:31.000Z,794.49,154488.4
2024-05-11T12:50:35.000Z,798.12,120511.1
2024-05-11T12:51:39.000Z,791.69,133013.0
2024-05-11T12:52:43.000Z,794.39,101117.5
2024-05-11T12:53:47.000Z,794.21,72012.3
2024-05-11T12:54:51.000Z,785.91,150116.3
2024-05-11T12:55:55.000Z,-1.0E31,-1.0E31
2024-05-11T12:56:59.000Z,789.34,105984.0
2024-05-11T12:58:03.000Z,790.27,134928.1
2024-05-11T12:59:07.000Z,794.77,210823.6
2024-05-11T13:00:11.000Z,782.58,244449.8
2024-05-11T13:01:15.000Z,788.18,164571.6
2024-05-11T13:02:19.000Z,785.53,112932.9
2024-05-11T13:03:23.000Z,789.49,157540.2
2024-05-11T13:04:27.000Z,791.18,133197.9
2024-05-11T13:05:31.000Z,791.97,157850.3
2024-05-11T13:06:35.000Z,792.87,155947.4
2024-05-11T13:07:39.000Z,784.59,121316.5
2024-05-11T13:08:43.000Z,791.95,149724.2
2024-05-11T13:09:47.000Z,793.56,149474.5
2024-05-11T13:10:51.000Z,779.22,131861.7
2024-05-11T13:11:55.000Z,794.68,101789.2
2024-05-11T13:12:59.000Z,788.09,220812.1
2024-05-11T13:14:03.000Z,781.58,193190.9
2024-05-11T13:15:07.000Z,787.36,214944.3
2024-05-11T13:16:11.000Z,789.06,223116.9
2024-05-11T13:17:15.000Z,786.18,256023.4
2024-05-11T13:18:19.000Z,791.03,189210.8
2024-05-11T13:19:23.000Z,-1.0E31,-1.0E31
2024-05-11T13:20:27.000Z,785.35,244876.2
2024-05-11T13:21:31.000Z,780.31,194651.2
2024-05-11T13:22:35.000Z,-1.0E31,-1.0E31
2024-05-11T13:23:39.000Z,783.52,142792.6
2024-05-11T13:24:43.000Z,775.11,137480.3
2024-05-11T13:25:47.000Z,774.78,122918.5
2024-05-11T13:26:51.000Z,777.13,123884.8
2024-05-11T13:27:55.000Z,779.02,112148.8
2024-05-11T13:28:59.000Z,-1.0E31,-1.0E31
2024-05-11T13:30:03.000Z,769.74,110681.5
2024-05-11T13:31:07.000Z,766.42,109857.3
2024-05-11T13:32:11.000Z,761.79,126192.1
2024-05-11T13:33:15.000Z,758.11,127409.3
2024-05-11T13:34:19.000Z,765.60,119080.7
2024-05-11T13:35:23.000Z,759.75,132919.2
2024-05-11T13:36:27.000Z,762.71,93014.5
2024-05-11T13:37:31.000Z,754.56,94932.8
2024-05-11T13:38:35.000Z,756.23,102190.8
2024-05-11T13:39:39.000Z,768.63,99073.2
2024-05-11T13:40:43.000Z,767.42,117674.8
2024-05-11T13:41:47.000Z,761.72,98107.2
2024-05-11T13:42:51.000Z,759.10,96241.7
2024-05-11T13:43:55.000Z,764.91,102046.7
2024-05-11T13:44:59.000Z,764.92,113273.8
2024-05-11T13:46:03.000Z,767.16,113598.0
2024-05-11T13:47:07.000Z,758.94,98664.1
2024-05-11T13:48:11.000Z,760.86,133562.6
2024-05-11T13:49:15.000Z,765.23,136261.8
2024-05-11T13:50:19.000Z,760.25,105981.2
2024-05-11T13:51:23.000Z,758.47,92227.5
2024-05-11T13:52:27.000Z,759.69,112778.9
2024-05-11T13:53:31.000Z,750.07,153480.8
2024-05-11T13:54:35.000Z,755.51,79060.1
2024-05-11T13:55:39.000Z,758.63,109517.5
2024-05-11T13:56:43.000Z,765.54,115088.9
2024-05-11T13:57:47.000Z,764.83,106269.5
2024-05-11T13:58:51.000Z,762.77,112235.2
2024-05-11T13:59:55.000Z,760.29,122527.4
2024-05-11T14:00:59.000Z,766.03,149761.9
2024-05-11T14:02:03.000Z,-1.0E31,-1.0E31
2024-05-11T14:03:07.000Z,767.77,152348.1
2024-05-11T14:04:11.000Z,762.42,144784.2
2024-05-11T14:05:15.000Z,747.96,162129.8
2024-05-11T14:06:19.000Z,754.91,188751.3
2024-05-11T14:07:23.000Z,756.70,137273.9
2024-05-11T14:08:27.000Z,769.26,164734.9
2024-05-11T14:09:31.000Z,764.52,189905.1
2024-05-11T14:10:35.000Z,755.39,258938.3
2024-05-11T14:11:39.000Z,763.58,178976.7
2024-05-11T14:12:43.000Z,764.86,158180.6
2024-05-11T14:13:47.000Z,757.35,236229.1
2024-05-11T14:14:51.000Z,765.20,174975.3
2024-05-11T14:15:55.000Z,762.81,58954.4
2024-05-11T14:16:59.000Z,761.14,54005.3
2024-05-11T14:18:03.000Z,766.59,59146.2
2024-05-11T14:19:07.000Z,772.95,104469.3
2024-05-11T14:20:11.000Z,771.58,178382.5
2024-05-11T14:21:15.000Z,781.11,97728.2
2024-05-11T14:22:19.000Z,777.29,78419.8
2024-05-11T14:23:23.000Z,781.92,84356.8
2024-05-11T14:24:27.000Z,775.51,114455.5
2024-05-11T14:25:31.000Z,773.25,110360.8
2024-05-11T14:26:35.000Z,760.91,234586.0
2024-05-11T14:27:39.000Z,-1.0E31,-1.0E31
2024-05-11T14:28:43.000Z,760.12,263182.1
2024-05-11T14:29:47.000Z,-1.0E31,-1.0E31
2024-05-11T14:30:51.000Z,800.21,40351.5
2024-05-11T14:31:55.000Z,808.78,40862.9
2024-05-11T14:32:59.000Z,804.42,38785.3
2024-05-11T14:34:03.000Z,805.07,51101.7
2024-05-11T14:35:07.000Z,-1.0E31,-1.0E31
2024-05-11T14:36:11.000Z,-1.0E31,-1.0E31
2024-05-11T14:37:15.000Z,790.38,24340.3
2024-05-11T14:38:19.000Z,792.69,38288.5
2024-05-11T14:39:23.000Z,794.61,31477.8
2024-05-11T14:40:27.000Z,794.30,35687.7
2024-05-11T14:41:31.000Z,787.73,28646.0
2024-05-11T14:42:35.000Z,793.87,30866.4
2024-05-11T14:43:39.000Z,788.48,26670.6
2024-05-11T14:44:43.000Z,792.80,30803.2
2024-05-11T14:45:47.000Z,789.41,27342.5
2024-05-11T14:46:51.000Z,802.75,33898.9
2024-05-11T14:47:55.000Z,789.94,30340.2
2024-05-11T14:48:59.000Z,794.91,46817.3
2024-05-11T14:50:03.000Z,787.77,26578.3
2024-05-11T14:51:07.000Z,790.23,37743.4
2024-05-11T14:52:11.000Z,792.40,37265.5
2024-05-11T14:53:15.000Z,782.92,67010.7
2024-05-11T14:54:19.000Z,790.09,39582.7
2024-05-11T14:55:23.000Z,782.77,72504.9
2024-05-11T14:56:27.000Z,798.74,-1.0E31
2024-05-11T14:57:31.000Z,803.43,57318.4
2024-05-11T14:58:35.000Z,799.61,55818.9
2024-05-11T14:59:39.000Z,804.36,52417.9
2024-05-11T15:00:43.000Z,800.73,49909.1
2024-05-11T15:01:47.000Z,777.22,62562.9
2024-05-11T15:02:51.000Z,781.50,74625.1
2024-05-11T15:03:55.000Z,774.81,-1.0E31
2024-05-11T15:04:59.000Z,793.35,77130.3
2024-05-11T15:06:03.000Z,807.76,70695.0
2024-05-11T15:07:07.000Z,800.13,84933.2
2024-05-11T15:08:11.000Z,-1.0E31,-1.0E31
2024-05-11T15:09:15.000Z,799.16,64671.3
2024-05-11T15:10:19.000Z,797.29,58082.7
2024-05-11T15:11:23.000Z,793.85,59129.8
2024-05-11T15:12:27.000Z,788.07,40159.6
2024-05-11T15:13:31.000Z,792.01,46689.0
2024-05-11T15:14:35.000Z,792.45,39773.2
2024-05-11T15:15:39.000Z,796.99,43405.5
2024-05-11T15:16:43.000Z,784.82,39824.3
2024-05-11T15:17:47.000Z,777.05,60962.7
2024-05-11T15:18:51.000Z,788.25,35299.9
2024-05-11T15:19:55.000Z,791.15,45835.1
2024-05-11T15:20:59.000Z,784.71,39404.7
2024-05-11T15:22:03.000Z,784.95,57538.8
2024-05-11T15:23:07.000Z,789.97,60035.9
2024-05-11T15:24:11.000Z,780.20,62294.1
2024-05-11T15:25:15.000Z,782.23,51735.9
2024-05-11T15:26:19.000Z,761.01,34917.7
2024-05-11T15:27:23.000Z,765.65,39526.6
2024-05-11T15:28:27.000Z,767.11,68317.8
2024-05-11T15:29:31.000Z,768.15,49897.8
2024-05-11T15:30:35.000Z,753.55,35972.1
2024-05-11T15:31:39.000Z,766.64,44859.2
2024-05-11T15:32:43.000Z,763.28,49058.0
2024-05-11T15:33:47.000Z,769.04,44456.4
2024-05-11T15:34:51.000Z,767.51,53456.8
2024-05-11T15:35:55.000Z,767.79,45361.0
2024-05-11T15:36:59.000Z,757.55,35611.6
2024-05-11T15:38:03.000Z,760.19,49747.8
2024-05-11T15:39:07.000Z,758.28,42931.6
2024-05-11T15:40:11.000Z,763.74,62219.9
2024-05-11T15:41:15.000Z,-1.0E31,-1.0E31
2024-05-11T15:42:19.000Z,788.35,66218.0
2024-05-11T15:43:23.000Z,782.08,51034.3
2024-05-11T15:44:27.000Z,772.93,58565.9
2024-05-11T15:45:31.000Z,775.14,48389.3
2024-05-11T15:46:35.000Z,776.90,55159.0
2024-05-11T15:47:39.000Z,782.23,45046.4
2024-05-11T15:48:43.000Z,778.44,64679.7
2024-05-11T15:49:47.000Z,781.43,48900.6
2024-05-11T15:50:51.000Z,788.84,54175.8
2024-05-11T15:51:55.000Z,784.34,42581.2
2024-05-11T15:52:59.000Z,788.75,56322.6
2024-05-11T15:54:03.000Z,782.62,43197.4
2024-05-11T15:55:07.000Z,779.63,59357.3
2024-05-11T15:56:11.000Z,777.69,46072.2
2024-05-11T15:57:15.000Z,772.38,55529.5
2024-05-11T15:58:19.000Z,773.82,39078.6
2024-05-11T15:59:23.000Z,774.66,52789.9
2024-05-11T16:00:27.000Z,772.89,40942.5
2024-05-11T16:01:31.000Z,766.61,43067.4
2024-05-11T16:02:35.000Z,766.56,62538.5
2024-05-11T16:03:39.000Z,780.68,62919.7
2024-05-11T16:04:43.000Z,778.30,37954.9
2024-05-11T16:05:47.000Z,780.52,50086.2
2024-05-11T16:06:51.000Z,772.62,38367.5
2024-05-11T16:07:55.000Z,776.31,66816.4
2024-05-11T16:08:59.000Z,775.53,43848.8
2024-05-11T16:10:03.000Z,770.28,70920.6
2024-05-11T16:11:07.000Z,774.22,52880.5
2024-05-11T16:12:11.000Z,777.14,66272.6
2024-05-11T16:13:15.000Z,786.67,38578.1
2024-05-11T16:14:19.000Z,-1.0E31,-1.0E31
2024-05-11T16:15:23.000Z,777.67,43866.4
2024-05-11T16:16:27.000Z,776.77,30230.5
2024-05-11T16:17:31.000Z,769.77,45127.1
2024-05-11T16:18:35.000Z,772.35,42076.1
2024-05-11T16:19:39.000Z,770.24,61832.6
2024-05-11T16:20:43.000Z,774.20,45022.7
2024-05-11T16:21:47.000Z,769.11,58943.3
2024-05-11T16:22:51.000Z,771.22,45816.0
2024-05-11T16:23:55.000Z,770.19,71712.5
2024-05-11T16:24:59.000Z,778.00,40093.8
2024-05-11T16:26:03.000Z,781.62,56637.6
2024-05-11T16:27:07.000Z,782.49,42281.4
2024-05-11T16:28:11.000Z,774.28,55208.9
2024-05-11T16:29:15.000Z,773.92,50869.1
2024-05-11T16:30:19.000Z,772.39,45901.6
2024-05-11T16:31:23.000Z,773.44,36771.2
2024-05-11T16:32:27.000Z,768.84,49626.6
2024-05-11T16:33:31.000Z,774.95,37893.2
2024-05-11T16:34:35.000Z,769.34,49313.6
2024-05-11T16:35:39.000Z,775.62,38806.7
2024-05-11T16:36:43.000Z,774.32,45292.1
2024-05-11T16:37:47.000Z,777.90,31256.7
2024-05-11T16:38:51.000Z,781.05,40720.7
2024-05-11T16:39:55.000Z,777.92,35360.4
2024-05-11T16:40:59.000Z,765.80,41318.0
2024-05-11T16:42:03.000Z,770.65,33859.4
2024-05-11T16:43:07.000Z,781.26,52562.1
2024-05-11T16:44:11.000Z,772.54,31932.2
2024-05-11T16:45:15.000Z,757.84,29612.1
2024-05-11T16:46:19.000Z,759.11,32801.1
2024-05-11T16:47:23.000Z,-1.0E31,-1.0E31
2024-05-11T16:48:27.000Z,755.17,28325.3
2024-05-11T16:49:31.000Z,770.32,40389.2
2024-05-11T16:50:35.000Z,756.12,40828.8
2024-05-11T16:51:39.000Z,762.91,48947.7
2024-05-11T16:52:43.000Z,758.09,35120.8
2024-05-11T16:53:47.000Z,763.55,40361.0
2024-05-11T16:54:51.000Z,757.75,27624.6
2024-05-11T16:55:55.000Z,771.22,27617.5
2024-05-11T16:56:59.000Z,765.32,38467.5
2024-05-11T16:58:03.000Z,780.65,57262.7
2024-05-11T16:59:07.000Z,793.23,95375.6
2024-05-11T17:00:11.000Z,776.49,89415.6
2024-05-11T17:01:15.000Z,777.37,100746.9
2024-05-11T17:02:19.000Z,792.11,95162.5
2024-05-11T17:03:23.000Z,774.31,103732.1
2024-05-11T17:04:27.000Z,790.59,78333.9
2024-05-11T17:05:31.000Z,806.77,97372.5
2024-05-11T17:06:35.000Z,814.31,-1.0E31
2024-05-11T17:07:39.000Z,797.76,100174.8
2024-05-11T17:08:43.000Z,791.57,127980.2
2024-05-11T17:09:47.000Z,786.43,92228.6
2024-05-11T17:10:51.000Z,784.25,88806.6
2024-05-11T17:11:55.000Z,790.37,82683.7
2024-05-11T17:12:59.000Z,793.63,79484.0
2024-05-11T17:14:03.000Z,792.06,79700.3
2024-05-11T17:15:07.000Z,789.53,81439.0
2024-05-11T17:16:11.000Z,788.19,85672.8
2024-05-11T17:17:15.000Z,788.03,86983.3
2024-05-11T17:18:19.000Z,805.08,88559.1
2024-05-11T17:19:23.000Z,811.38,108505.1
2024-05-11T17:20:27.000Z,-1.0E31,-1.0E31
2024-05-11T17:21:31.000Z,-1.0E31,-1.0E31
2024-05-11T17:22:35.000Z,805.90,-1.0E31
2024-05-11T17:23:39.000Z,819.51,75508.0
2024-05-11T17:24:43.000Z,820.68,95576.3
2024-05-11T17:25:47.000Z,825.06,66429.7
2024-05-11T17:26:51.000Z,829.86,99810.9
2024-05-11T17:27:55.000Z,852.55,74912.5
2024-05-11T17:28:59.000Z,842.73,78853.3
2024-05-11T17:30:03.000Z,838.30,77659.7
2024-05-11T17:31:07.000Z,840.95,66998.4
2024-05-11T17:32:11.000Z,834.32,60923.1
2024-05-11T17:33:15.000Z,831.24,97608.5
2024-05-11T17:34:19.000Z,833.17,66835.9
2024-05-11T17:35:23.000Z,827.28,92891.2
2024-05-11T17:36:27.000Z,821.24,65501.9
2024-05-11T17:37:31.000Z,825.55,89357.0
2024-05-11T17:38:35.000Z,824.58,67828.5
2024-05-11T17:39:39.000Z,827.17,85847.8
2024-05-11T17:40:43.000Z,826.62,67894.5
2024-05-11T17:41:47.000Z,826.73,85543.8
2024-05-11T17:42:51.000Z,824.80,71212.0
2024-05-11T17:43:55.000Z,825.48,84029.9
2024-05-11T17:44:59.000Z,822.49,67315.5
2024-05-11T17:46:03.000Z,812.86,95258.5
2024-05-11T17:47:07.000Z,808.27,66622.1
2024-05-11T17:48:11.000Z,819.13,97623.3
2024-05-11T17:49:15.000Z,816.28,73843.5
2024-05-11T17:50:19.000Z,815.43,79020.4
2024-05-11T17:51:23.000Z,809.29,82812.6
2024-05-11T17:52:27.000Z,809.08,103888.8
2024-05-11T17:53:31.000Z,-1.0E31,-1.0E31
2024-05-11T17:54:35.000Z,881.89,367091.3
2024-05-11T17:55:39.000Z,894.00,347258.2
2024-05-11T17:56:43.000Z,876.26,279489.7
2024-05-11T17:57:47.000Z,891.08,109398.2
2024-05-11T17:58:51.000Z,887.99,109084.5
2024-05-11T17:59:55.000Z,886.89,90710.9
2024-05-11T18:00:59.000Z,881.76,116653.9
2024-05-11T18:02:03.000Z,880.08,86182.6
2024-05-11T18:03:07.000Z,883.87,142684.6
2024-05-11T18:04:11.000Z,891.84,98146.5
2024-05-11T18:05