2026-01-19T00:00:00.000Z,501.7,224237.0
2026-01-19T00:05:00.000Z,510.3,256406.0
2026-01-19T00:10:00.000Z,463.7,205675.0
2026-01-19T00:15:00.000Z,452.3,63600.0
2026-01-19T00:20:00.000Z,-1.0E31,-1.0E31
2026-01-19T00:25:00.000Z,509.3,260667.0
2026-01-19T00:30:00.000Z,473.1,251408.0
2026-01-19T00:35:00.000Z,436.6,161075.0
2026-01-19T00:40:00.000Z,465.2,225030.0
2026-01-19T00:45:00.000Z,477.9,91229.0
2026-01-19T00:50:00.000Z,469.0,107021.0
2026-01-19T00:55:00.000Z,463.5,33671.0
2026-01-19T01:00:00.000Z,458.1,29449.0
2026-01-19T01:05:00.000Z,459.8,26358.0
2026-01-19T01:10:00.000Z,453.7,24004.0
2026-01-19T01:15:00.000Z,455.6,27355.0
2026-01-19T01:20:00.000Z,471.4,34680.0
2026-01-19T01:25:00.000Z,464.4,46991.0
2026-01-19T01:30:00.000Z,454.8,26710.0
2026-01-19T01:35:00.000Z,466.1,27813.0
2026-01-19T01:40:00.000Z,464.7,29618.0
2026-01-19T01:45:00.000Z,468.6,33506.0
2026-01-19T01:50:00.000Z,465.6,29282.0
2026-01-19T01:55:00.000Z,460.6,29911.0
2026-01-19T02:00:00.000Z,457.4,27516.0
2026-01-19T02:05:00.000Z,460.5,27279.0
2026-01-19T02:10:00.000Z,456.2,26704.0
2026-01-19T02:15:00.000Z,449.4,29558.0
2026-01-19T02:20:00.000Z,456.3,34818.0
2026-01-19T02:25:00.000Z,455.6,36927.0
2026-01-19T02:30:00.000Z,444.3,31106.0
2026-01-19T02:35:00.000Z,438.3,49871.0
2026-01-19T02:40:00.000Z,430.2,54173.0
2026-01-19T02:45:00.000Z,432.1,59750.0
2026-01-19T02:50:00.000Z,429.5,53910.0
2026-01-19T02:55:00.000Z,440.2,43939.0
2026-01-19T03:00:00.000Z,433.4,49522.0
2026-01-19T03:05:00.000Z,432.4,68786.0
2026-01-19T03:10:00.000Z,433.1,53650.0
2026-01-19T03:15:00.000Z,436.8,40645.0
2026-01-19T03:20:00.000Z,433.9,30336.0
2026-01-19T03:25:00.000Z,433.8,39065.0
2026-01-19T03:30:00.000Z,435.1,26033.0
2026-01-19T03:35:00.000Z,437.1,24448.0
2026-01-19T03:40:00.000Z,435.7,26218.0
2026-01-19T03:45:00.000Z,435.3,25766.0
2026-01-19T03:50:00.000Z,433.7,31445.0
2026-01-19T03:55:00.000Z,435.0,28071.0
2026-01-19T04:00:00.000Z,432.2,24931.0
2026-01-19T04:05:00.000Z,438.4,28679.0
2026-01-19T04:10:00.000Z,442.5,24291.0
2026-01-19T04:15:00.000Z,441.0,24068.0
2026-01-19T04:20:00.000Z,437.0,23851.0
2026-01-19T04:25:00.000Z,432.4,24239.0
2026-01-19T04:30:00.000Z,433.9,22662.0
2026-01-19T04:35:00.000Z,433.1,23859.0
2026-01-19T04:40:00.000Z,436.5,23616.0
2026-01-19T04:45:00.000Z,442.4,25766.0
2026-01-19T04:50:00.000Z,443.0,25810.0
2026-01-19T04:55:00.000Z,441.0,25031.0
2026-01-19T05:00:00.000Z,437.2,25877.0
2026-01-19T05:05:00.000Z,434.1,23293.0
2026-01-19T05:10:00.000Z,437.0,24516.0
2026-01-19T05:15:00.000Z,428.9,28029.0
2026-01-19T05:20:00.000Z,428.3,25551.0
2026-01-19T05:25:00.000Z,427.8,20403.0
2026-01-19T05:30:00.000Z,428.4,22358.0
2026-01-19T05:35:00.000Z,428.1,22088.0
2026-01-19T05:40:00.000Z,429.9,21498.0
2026-01-19T05:45:00.000Z,428.4,22709.0
2026-01-19T05:50:00.000Z,430.4,23470.0
2026-01-19T05:55:00.000Z,425.7,22815.0
2026-01-19T06:00:00.000Z,424.2,25087.0
2026-01-19T06:05:00.000Z,424.4,24496.0
2026-01-19T06:10:00.000Z,427.6,24761.0
2026-01-19T06:15:00.000Z,428.9,22390.0
2026-01-19T06:20:00.000Z,425.7,21652.0
2026-01-19T06:25:00.000Z,425.2,22807.0
2026-01-19T06:30:00.000Z,426.5,22137.0
2026-01-19T06:35:00.000Z,426.5,22259.0
2026-01-19T06:40:00.000Z,428.4,22610.0
2026-01-19T06:45:00.000Z,424.6,21712.0
2026-01-19T06:50:00.000Z,421.7,21498.0
2026-01-19T06:55:00.000Z,423.1,22085.0
2026-01-19T07:00:00.000Z,427.2,22054.0
2026-01-19T07:05:00.000Z,423.3,25774.0
2026-01-19T07:10:00.000Z,425.7,24091.0
2026-01-19T07:15:00.000Z,426.6,25514.0
2026-01-19T07:20:00.000Z,421.2,20201.0
2026-01-19T07:25:00.000Z,421.1,22211.0
2026-01-19T07:30:00.000Z,420.5,20323.0
2026-01-19T07:35:00.000Z,422.4,29298.0
2026-01-19T07:40:00.000Z,417.1,26420.0
2026-01-19T07:45:00.000Z,413.4,35763.0
2026-01-19T07:50:00.000Z,386.3,27717.0
2026-01-19T07:55:00.000Z,415.5,23824.0
2026-01-19T08:00:00.000Z,414.5,26472.0
2026-01-19T08:05:00.000Z,412.0,34713.0
2026-01-19T08:10:00.000Z,410.9,36904.0
2026-01-19T08:15:00.000Z,414.8,36208.0
2026-01-19T08:20:00.000Z,417.7,43231.0
2026-01-19T08:25:00.000Z,410.7,32115.0
2026-01-19T08:30:00.000Z,407.2,48913.0
2026-01-19T08:35:00.000Z,411.0,26012.0
2026-01-19T08:40:00.000Z,404.7,49865.0
2026-01-19T08:45:00.000Z,401.9,43638.0
2026-01-19T08:50:00.000Z,395.7,87098.0
2026-01-19T08:55:00.000Z,395.2,72858.0
2026-01-19T09:00:00.000Z,410.2,28645.0
2026-01-19T09:05:00.000Z,406.7,48998.0
2026-01-19T09:10:00.000Z,406.3,70781.0
2026-01-19T09:15:00.000Z,390.3,56618.0
2026-01-19T09:20:00.000Z,411.8,34872.0
2026-01-19T09:25:00.000Z,340.2,98273.0
2026-01-19T09:30:00.000Z,281.7,49146.0
2026-01-19T09:35:00.000Z,282.5,47785.0
2026-01-19T09:40:00.000Z,284.3,55849.0
2026-01-19T09:45:00.000Z,285.1,43286.0
2026-01-19T09:50:00.000Z,287.5,51869.0
2026-01-19T09:55:00.000Z,277.1,48239.0
2026-01-19T10:00:00.000Z,282.9,43748.0
2026-01-19T10:05:00.000Z,281.5,51887.0
2026-01-19T10:10:00.000Z,281.9,40517.0
2026-01-19T10:15:00.000Z,284.0,40449.0
2026-01-19T10:20:00.000Z,286.5,48225.0
2026-01-19T10:25:00.000Z,283.0,48662.0
2026-01-19T10:30:00.000Z,282.9,50045.0
2026-01-19T10:35:00.000Z,283.8,47766.0
2026-01-19T10:40:00.000Z,282.9,54016.0
2026-01-19T10:45:00.000Z,282.2,50907.0
2026-01-19T10:50:00.000Z,283.3,42923.0
2026-01-19T10:55:00.000Z,281.6,47958.0
2026-01-19T11:00:00.000Z,280.2,46973.0
2026-01-19T11:05:00.000Z,281.6,43100.0
2026-01-19T11:10:00.000Z,282.9,48484.0
2026-01-19T11:15:00.000Z,281.9,47550.0
2026-01-19T11:20:00.000Z,283.1,47744.0
2026-01-19T11:25:00.000Z,281.6,48940.0
2026-01-19T11:30:00.000Z,281.5,46697.0
2026-01-19T11:35:00.000Z,280.5,46378.0
2026-01-19T11:40:00.000Z,282.4,52514.0
2026-01-19T11:45:00.000Z,283.7,44233.0
2026-01-19T11:50:00.000Z,280.9,47648.0
2026-01-19T11:55:00.000Z,281.6,50023.0
2026-01-19T12:00:00.000Z,279.7,43707.0
2026-01-19T12:05:00.000Z,284.0,47299.0
2026-01-19T12:10:00.000Z,284.3,44761.0
2026-01-19T12:15:00.000Z,280.2,44393.0
2026-01-19T12:20:00.000Z,281.9,47894.0
2026-01-19T12:25:00.000Z,281.6,45602.0
2026-01-19T12:30:00.000Z,283.3,44534.0
2026-01-19T12:35:00.000Z,281.8,48262.0
2026-01-19T12:40:00.000Z,282.5,49670.0
2026-01-19T12:45:00.000Z,-1.0E31,-1.0E31
2026-01-19T12:50:00.000Z,282.2,49143.0
2026-01-19T12:55:00.000Z,276.0,34383.0
2026-01-19T13:00:00.000Z,283.6,59241.0
2026-01-19T13:05:00.000Z,282.5,61599.0
2026-01-19T13:10:00.000Z,281.5,55970.0
2026-01-19T13:15:00.000Z,-1.0E31,-1.0E31
2026-01-19T13:20:00.000Z,271.8,50136.0
2026-01-19T13:25:00.000Z,282.4,44148.0
2026-01-19T13:30:00.000Z,273.5,41796.0
2026-01-19T13:35:00.000Z,281.8,46838.0
2026-01-19T13:40:00.000Z,281.0,47750.0
2026-01-19T13:45:00.000Z,284.2,46335.0
2026-01-19T13:50:00.000Z,284.0,56311.0
2026-01-19T13:55:00.000Z,280.7,48796.0
2026-01-19T14:00:00.000Z,285.5,50041.0
2026-01-19T14:05:00.000Z,284.6,45460.0
2026-01-19T14:10:00.000Z,284.4,39699.0
2026-01-19T14:15:00.000Z,280.8,53231.0
2026-01-19T14:20:00.000Z,271.1,35550.0
2026-01-19T14:25:00.000Z,282.0,47692.0
2026-01-19T14:30:00.000Z,282.9,42018.0
2026-01-19T14:35:00.000Z,-1.0E31,-1.0E31
2026-01-19T14:40:00.000Z,273.5,48232.0
2026-01-19T14:45:00.000Z,-1.0E31,-1.0E31
2026-01-19T14:50:00.000Z,-1.0E31,-1.0E31
2026-01-19T14:55:00.000Z,280.5,54050.0
2026-01-19T15:00:00.000Z,281.7,52214.0
2026-01-19T15:05:00.000Z,285.1,47345.0
2026-01-19T15:10:00.000Z,-1.0E31,-1.0E31
2026-01-19T15:15:00.000Z,281.8,51562.0
2026-01-19T15:20:00.000Z,283.6,44750.0
2026-01-19T15:25:00.000Z,283.1,47901.0
2026-01-19T15:30:00.000Z,-1.0E31,-1.0E31
2026-01-19T15:35:00.000Z,280.2,49528.0
2026-01-19T15:40:00.000Z,282.2,57264.0
2026-01-19T15:45:00.000Z,-1.0E31,-1.0E31
2026-01-19T15:50:00.000Z,283.3,44675.0
2026-01-19T15:55:00.000Z,-1.0E31,-1.0E31
2026-01-19T16:00:00.000Z,-1.0E31,-1.0E31
2026-01-19T16:05:00.000Z,-1.0E31,-1.0E31
2026-01-19T16:10:00.000Z,-1.0E31,-1.0E31
2026-01-19T16:15:00.000Z,280.8,40207.0
2026-01-19T16:20:00.000Z,-1.0E31,-1.0E31
2026-01-19T16:25:00.000Z,-1.0E31,-1.0E31
2026-01-19T16:30:00.000Z,-1.0E31,-1.0E31
2026-01-19T16:35:00.000Z,-1.0E31,-1.0E31
2026-01-19T16:40:00.000Z,281.6,45926.0
2026-01-19T16:45:00.000Z,-1.0E31,-1.0E31
2026-01-19T16:50:00.000Z,-1.0E31,-1.0E31
2026-01-19T16:55:00.000Z,282.6,43690.0
2026-01-19T17:00:00.000Z,281.8,51204.0
2026-01-19T17:05:00.000Z,280.8,47432.0
2026-01-19T17:10:00.000Z,280.4,52542.0
2026-01-19T17:15:00.000Z,283.3,50098.0
2026-01-19T17:20:00.000Z,-1.0E31,-1.0E31
2026-01-19T17:25:00.000Z,-1.0E31,-1.0E31
2026-01-19T17:30:00.000Z,281.6,47934.0
2026-01-19T17:35:00.000Z,-1.0E31,-1.0E31
2026-01-19T17:40:00.000Z,-1.0E31,-1.0E31
2026-01-19T17:45:00.000Z,281.3,45218.0
2026-01-19T17:50:00.000Z,281.1,47795.0
2026-01-19T17:55:00.000Z,280.8,46003.0
2026-01-19T18:00:00.000Z,282.1,51473.0
2026-01-19T18:05:00.000Z,280.5,44445.0
2026-01-19T18:10:00.000Z,279.0,44284.0
2026-01-19T18:15:00.000Z,-1.0E31,-1.0E31
2026-01-19T18:20:00.000Z,-1.0E31,-1.0E31
2026-01-19T18:25:00.000Z,-1.0E31,-1.0E31
2026-01-19T18:30:00.000Z,282.5,52396.0
2026-01-19T18:35:00.000Z,-1.0E31,-1.0E31
2026-01-19T18:40:00.000Z,280.9,46785.0
2026-01-19T18:45:00.000Z,-1.0E31,-1.0E31
2026-01-19T18:50:00.000Z,-1.0E31,-1.0E31
2026-01-19T18:55:00.000Z,-1.0E31,-1.0E31
2026-01-19T19:00:00.000Z,-1.0E31,-1.0E31
2026-01-19T19:05:00.000Z,-1.0E31,-1.0E31
2026-01-19T19:10:00.000Z,-1.0E31,-1.0E31
2026-01-19T19:15:00.000Z,-1.0E31,-1.0E31
2026-01-19T19:20:00.000Z,-1.0E31,-1.0E31
2026-01-19T19:25:00.000Z,-1.0E31,-1.0E31
2026-01-19T19:30:00.000Z,-1.0E31,-1.0E31
2026-01-19T19:35:00.000Z,-1.0E31,-1.0E31
2026-01-19T19:40:00.000Z,-1.0E31,-1.0E31
2026-01-19T19:45:00.000Z,-1.0E31,-1.0E31
2026-01-19T19:50:00.000Z,-1.0E31,-1.0E31
2026-01-19T19:55:00.000Z,-1.0E31,-1.0E31
2026-01-19T20:00:00.000Z,-1.0E31,-1.0E31
2026-01-19T20:05:00.000Z,-1.0E31,-1.0E31
2026-01-19T20:10:00.000Z,-1.0E31,-1.0E31
2026-01-19T20:15:00.000Z,-1.0E31,-1.0E31
2026-01-19T20:20:00.000Z,-1.0E31,-1.0E31
2026-01-19T20:25:00.000Z,-1.0E31,-1.0E31
2026-01-19T20:30:00.000Z,-1.0E31,-1.0E31
2026-01-19T20:35:00.000Z,-1.0E31,-1.0E31
2026-01-19T20:40:00.000Z,-1.0E31,-1.0E31
2026-01-19T20:45:00.000Z,-1.0E31,-1.0E31
2026-01-19T20:50:00.000Z,-1.0E31,-1.0E31
2026-01-19T20:55:00.000Z,-1.0E31,-1.0E31
2026-01-19T21:00:00.000Z,-1.0E31,-1.0E31
2026-01-19T21:05:00.000Z,-1.0E31,-1.0E31
2026-01-19T21:10:00.000Z,281.2,68365.0
2026-01-19T21:15:00.000Z,1073.0,460912.0
2026-01-19T21:20:00.000Z,1086.7,647946.0
2026-01-19T21:25:00.000Z,1064.0,745130.0
2026-01-19T21:30:00.000Z,-1.0E31,-1.0E31
2026-01-19T21:35:00.000Z,-1.0E31,-1.0E31
2026-01-19T21:40:00.000Z,1082.1,482483.0
2026-01-19T21:45:00.000Z,1080.8,355235.0
2026-01-19T21:50:00.000Z,1087.1,348561.0
2026-01-19T21:55:00.000Z,1089.9,376431.0
2026-01-19T22:00:00.000Z,1084.6,373524.0
2026-01-19T22:05:00.000Z,1083.8,445615.0
2026-01-19T22:10:00.000Z,1060.7,583219.0
2026-01-19T22:15:00.000Z,1078.1,400342.0
2026-01-19T22:20:00.000Z,1085.1,252626.0
2026-01-19T22:25:00.000Z,1065.3,263816.0
2026-01-19T22:30:00.000Z,1055.1,266726.0
2026-01-19T22:35:00.000Z,1043.7,295831.0
2026-01-19T22:40:00.000Z,1011.8,149991.0
2026-01-19T22:45:00.000Z,1038.6,139832.0
2026-01-19T22:50:00.000Z,1046.5,171860.0
2026-01-19T22:55:00.000Z,1044.5,233825.0
2026-01-19T23:00:00.000Z,1053.1,176941.0
2026-01-19T23:05:00.000Z,1052.9,229209.0
2026-01-19T23:10:00.000Z,1052.3,159188.0
2026-01-19T23:15:00.000Z,1042.1,135099.0
2026-01-19T23:20:00.000Z,1016.5,421481.0
2026-01-19T23:25:00.000Z,1046.7,338462.0
2026-01-19T23:30:00.000Z,1026.4,200158.0
2026-01-19T23:35:00.000Z,1049.8,196787.0
2026-01-19T23:40:00.000Z,1056.8,182066.0
2026-01-19T23:45:00.000Z,994.3,304881.0
2026-01-19T23:50:00.000Z,981.3,261580.0
2026-01-19T23:55:00.000Z,1026.3,189991.0
