2026-01-19T00:00:00.000Z,1.052e+04,2.082e+02,4.096e+01,1.016e+01,7.409e+03,5.230e+01
2026-01-19T00:05:00.000Z,1.051e+04,2.252e+02,4.706e+01,8.399e+00,7.063e+03,6.420e+01
2026-01-19T00:10:00.000Z,9.666e+03,1.989e+02,4.204e+01,8.017e+00,8.071e+03,6.824e+01
2026-01-19T00:15:00.000Z,1.031e+04,1.957e+02,3.656e+01,8.120e+00,8.603e+03,6.696e+01
2026-01-19T00:20:00.000Z,1.035e+04,1.890e+02,3.788e+01,8.483e+00,7.952e+03,6.803e+01
2026-01-19T00:25:00.000Z,1.035e+04,2.201e+02,4.522e+01,1.006e+01,6.996e+03,6.803e+01
2026-01-19T00:30:00.000Z,9.843e+03,2.261e+02,4.658e+01,9.804e+00,7.373e+03,7.313e+01
2026-01-19T00:35:00.000Z,1.065e+04,2.335e+02,4.851e+01,9.201e+00,7.061e+03,7.157e+01
2026-01-19T00:40:00.000Z,1.045e+04,2.214e+02,4.781e+01,9.907e+00,6.881e+03,7.270e+01
2026-01-19T00:45:00.000Z,9.982e+03,2.334e+02,5.264e+01,1.670e+01,7.790e+03,8.503e+01
2026-01-19T00:50:00.000Z,1.031e+04,2.373e+02,5.312e+01,1.755e+01,8.616e+03,8.886e+01
2026-01-19T00:55:00.000Z,1.055e+04,2.298e+02,4.810e+01,1.300e+01,8.075e+03,8.992e+01
2026-01-19T01:00:00.000Z,1.050e+04,2.544e+02,4.702e+01,1.022e+01,7.425e+03,8.333e+01
2026-01-19T01:05:00.000Z,1.046e+04,2.575e+02,5.163e+01,1.002e+01,8.291e+03,1.059e+02
2026-01-19T01:10:00.000Z,1.080e+04,2.536e+02,5.048e+01,1.031e+01,8.595e+03,1.235e+02
2026-01-19T01:15:00.000Z,1.091e+04,2.697e+02,5.416e+01,1.228e+01,8.980e+03,1.186e+02
2026-01-19T01:20:00.000Z,1.007e+04,2.625e+02,5.880e+01,2.084e+01,1.096e+04,1.473e+02
2026-01-19T01:25:00.000Z,1.089e+04,2.695e+02,5.553e+01,1.542e+01,1.345e+04,1.907e+02
2026-01-19T01:30:00.000Z,1.101e+04,2.793e+02,5.863e+01,1.421e+01,1.296e+04,1.930e+02
2026-01-19T01:35:00.000Z,1.052e+04,2.619e+02,6.134e+01,2.155e+01,1.330e+04,2.183e+02
2026-01-19T01:40:00.000Z,1.080e+04,2.835e+02,7.053e+01,2.929e+01,1.344e+04,2.336e+02
2026-01-19T01:45:00.000Z,1.046e+04,2.600e+02,7.543e+01,3.930e+01,1.360e+04,2.535e+02
2026-01-19T01:50:00.000Z,1.083e+04,2.651e+02,6.685e+01,3.080e+01,1.350e+04,2.574e+02
2026-01-19T01:55:00.000Z,1.041e+04,2.744e+02,7.024e+01,3.214e+01,1.298e+04,2.443e+02
2026-01-19T02:00:00.000Z,1.136e+04,3.105e+02,7.182e+01,2.082e+01,1.442e+04,2.859e+02
2026-01-19T02:05:00.000Z,1.094e+04,2.975e+02,6.944e+01,2.095e+01,1.414e+04,2.819e+02
2026-01-19T02:10:00.000Z,1.026e+04,3.079e+02,6.541e+01,1.892e+01,1.516e+04,3.231e+02
2026-01-19T02:15:00.000Z,1.087e+04,2.970e+02,6.735e+01,2.026e+01,1.640e+04,3.400e+02
2026-01-19T02:20:00.000Z,1.084e+04,2.936e+02,6.764e+01,2.022e+01,1.562e+04,3.627e+02
2026-01-19T02:25:00.000Z,1.101e+04,3.113e+02,7.125e+01,2.175e+01,1.572e+04,3.622e+02
2026-01-19T02:30:00.000Z,1.109e+04,3.250e+02,8.043e+01,2.750e+01,1.807e+04,3.999e+02
2026-01-19T02:35:00.000Z,1.141e+04,3.492e+02,8.596e+01,2.679e+01,1.979e+04,4.549e+02
2026-01-19T02:40:00.000Z,1.173e+04,3.424e+02,9.454e+01,2.338e+01,2.177e+04,5.094e+02
2026-01-19T02:45:00.000Z,1.092e+04,3.553e+02,9.341e+01,3.792e+01,2.361e+04,5.428e+02
2026-01-19T02:50:00.000Z,1.150e+04,3.603e+02,1.529e+02,1.040e+02,2.476e+04,5.969e+02
2026-01-19T02:55:00.000Z,1.136e+04,3.686e+02,1.458e+02,9.126e+01,2.395e+04,6.148e+02
2026-01-19T03:00:00.000Z,1.123e+04,3.216e+02,7.303e+01,3.080e+01,2.567e+04,6.644e+02
2026-01-19T03:05:00.000Z,1.150e+04,3.024e+02,7.074e+01,2.181e+01,2.602e+04,7.024e+02
2026-01-19T03:10:00.000Z,1.143e+04,3.050e+02,6.800e+01,2.322e+01,2.611e+04,7.105e+02
2026-01-19T03:15:00.000Z,1.128e+04,3.153e+02,7.793e+01,3.560e+01,3.181e+04,8.594e+02
2026-01-19T03:20:00.000Z,1.121e+04,3.458e+02,8.675e+01,5.352e+01,3.635e+04,9.447e+02
2026-01-19T03:25:00.000Z,1.170e+04,3.364e+02,8.733e+01,3.698e+01,3.617e+04,9.541e+02
2026-01-19T03:30:00.000Z,1.226e+04,3.622e+02,8.389e+01,3.869e+01,4.567e+04,1.163e+03
2026-01-19T03:35:00.000Z,1.157e+04,3.902e+02,9.937e+01,5.234e+01,5.095e+04,1.293e+03
2026-01-19T03:40:00.000Z,1.246e+04,3.718e+02,1.025e+02,5.953e+01,5.168e+04,1.338e+03
2026-01-19T03:45:00.000Z,1.213e+04,3.948e+02,1.145e+02,6.586e+01,5.346e+04,1.330e+03
2026-01-19T03:50:00.000Z,1.244e+04,3.975e+02,1.308e+02,9.414e+01,5.559e+04,1.420e+03
2026-01-19T03:55:00.000Z,1.195e+04,4.281e+02,1.690e+02,1.318e+02,5.457e+04,1.451e+03
2026-01-19T04:00:00.000Z,1.280e+04,4.039e+02,1.712e+02,1.208e+02,6.032e+04,1.517e+03
2026-01-19T04:05:00.000Z,1.241e+04,3.850e+02,1.085e+02,5.694e+01,6.905e+04,1.670e+03
2026-01-19T04:10:00.000Z,1.186e+04,3.712e+02,9.468e+01,4.643e+01,8.371e+04,1.864e+03
2026-01-19T04:15:00.000Z,1.262e+04,3.747e+02,1.066e+02,5.419e+01,8.872e+04,1.947e+03
2026-01-19T04:20:00.000Z,1.269e+04,4.003e+02,1.504e+02,8.278e+01,9.619e+04,2.211e+03
2026-01-19T04:25:00.000Z,1.310e+04,3.756e+02,1.344e+02,6.088e+01,1.036e+05,2.282e+03
2026-01-19T04:30:00.000Z,1.326e+04,3.902e+02,1.244e+02,6.100e+01,1.138e+05,2.386e+03
2026-01-19T04:35:00.000Z,1.387e+04,4.161e+02,1.195e+02,7.550e+01,1.217e+05,2.497e+03
2026-01-19T04:40:00.000Z,1.357e+04,4.344e+02,1.219e+02,6.825e+01,1.327e+05,2.669e+03
2026-01-19T04:45:00.000Z,1.329e+04,3.525e+02,1.135e+02,6.185e+01,1.232e+05,2.544e+03
2026-01-19T04:50:00.000Z,1.403e+04,3.744e+02,1.136e+02,6.532e+01,1.298e+05,2.626e+03
2026-01-19T04:55:00.000Z,1.442e+04,3.847e+02,1.099e+02,6.599e+01,1.541e+05,2.973e+03
2026-01-19T05:00:00.000Z,1.356e+04,4.206e+02,1.189e+02,6.519e+01,1.616e+05,2.993e+03
2026-01-19T05:05:00.000Z,1.454e+04,3.982e+02,1.250e+02,7.232e+01,1.731e+05,3.310e+03
2026-01-19T05:10:00.000Z,1.464e+04,4.181e+02,1.262e+02,6.951e+01,1.835e+05,3.571e+03
2026-01-19T05:15:00.000Z,1.613e+04,5.460e+02,2.557e+02,2.068e+02,2.098e+05,4.126e+03
2026-01-19T05:20:00.000Z,1.849e+04,7.017e+02,5.627e+02,3.771e+02,2.287e+05,4.503e+03
2026-01-19T05:25:00.000Z,2.810e+04,8.652e+02,8.798e+02,5.273e+02,2.513e+05,5.068e+03
2026-01-19T05:30:00.000Z,1.976e+04,8.507e+02,8.953e+02,5.763e+02,2.771e+05,5.646e+03
2026-01-19T05:35:00.000Z,1.876e+04,8.993e+02,1.033e+03,6.359e+02,3.002e+05,6.068e+03
2026-01-19T05:40:00.000Z,2.000e+04,9.344e+02,9.863e+02,5.884e+02,3.146e+05,6.639e+03
2026-01-19T05:45:00.000Z,2.304e+04,9.673e+02,9.804e+02,5.926e+02,3.312e+05,7.095e+03
2026-01-19T05:50:00.000Z,2.372e+04,9.187e+02,9.689e+02,5.886e+02,3.558e+05,7.531e+03
2026-01-19T05:55:00.000Z,2.825e+04,1.032e+03,1.023e+03,5.947e+02,3.892e+05,8.136e+03
2026-01-19T06:00:00.000Z,2.442e+04,1.026e+03,9.859e+02,5.651e+02,3.898e+05,8.320e+03
2026-01-19T06:05:00.000Z,3.280e+04,1.121e+03,1.004e+03,5.721e+02,3.792e+05,8.422e+03
2026-01-19T06:10:00.000Z,3.210e+04,1.177e+03,1.062e+03,6.282e+02,4.309e+05,9.152e+03
2026-01-19T06:15:00.000Z,2.601e+04,1.182e+03,1.138e+03,6.707e+02,4.655e+05,9.449e+03
2026-01-19T06:20:00.000Z,2.561e+04,1.193e+03,1.252e+03,7.367e+02,4.836e+05,9.673e+03
2026-01-19T06:25:00.000Z,2.529e+04,1.154e+03,1.186e+03,7.291e+02,5.100e+05,9.814e+03
2026-01-19T06:30:00.000Z,2.653e+04,1.097e+03,9.591e+02,6.132e+02,5.318e+05,1.008e+04
2026-01-19T06:35:00.000Z,2.651e+04,1.089e+03,9.778e+02,5.675e+02,5.343e+05,1.026e+04
2026-01-19T06:40:00.000Z,2.587e+04,1.166e+03,1.076e+03,6.367e+02,5.462e+05,1.051e+04
2026-01-19T06:45:00.000Z,2.687e+04,1.163e+03,1.063e+03,5.974e+02,5.750e+05,1.103e+04
2026-01-19T06:50:00.000Z,2.705e+04,1.127e+03,9.767e+02,5.487e+02,6.105e+05,1.176e+04
2026-01-19T06:55:00.000Z,2.805e+04,1.174e+03,9.613e+02,5.576e+02,6.254e+05,1.221e+04
2026-01-19T07:00:00.000Z,2.676e+04,1.035e+03,7.185e+02,4.722e+02,6.296e+05,1.231e+04
2026-01-19T07:05:00.000Z,2.673e+04,1.009e+03,6.633e+02,4.653e+02,6.810e+05,1.281e+04
2026-01-19T07:10:00.000Z,2.675e+04,9.891e+02,6.715e+02,4.228e+02,6.596e+05,1.231e+04
2026-01-19T07:15:00.000Z,2.727e+04,9.800e+02,6.340e+02,4.787e+02,6.613e+05,1.179e+04
2026-01-19T07:20:00.000Z,2.707e+04,9.463e+02,5.406e+02,3.638e+02,7.331e+05,1.254e+04
2026-01-19T07:25:00.000Z,2.792e+04,1.094e+03,7.229e+02,4.939e+02,7.431e+05,1.278e+04
2026-01-19T07:30:00.000Z,2.932e+04,1.149e+03,7.976e+02,5.382e+02,7.568e+05,1.303e+04
2026-01-19T07:35:00.000Z,2.915e+04,9.952e+02,5.048e+02,4.310e+02,7.721e+05,1.317e+04
2026-01-19T07:40:00.000Z,3.029e+04,1.071e+03,6.150e+02,4.292e+02,8.097e+05,1.328e+04
2026-01-19T07:45:00.000Z,3.122e+04,1.076e+03,6.034e+02,4.523e+02,8.269e+05,1.407e+04
2026-01-19T07:50:00.000Z,3.262e+04,1.124e+03,6.352e+02,4.564e+02,8.350e+05,1.429e+04
2026-01-19T07:55:00.000Z,3.707e+04,1.240e+03,7.635e+02,5.109e+02,8.493e+05,1.460e+04
2026-01-19T08:00:00.000Z,4.090e+04,1.449e+03,1.209e+03,8.158e+02,8.650e+05,1.503e+04
2026-01-19T08:05:00.000Z,4.187e+04,1.801e+03,1.601e+03,9.722e+02,8.997e+05,1.625e+04
2026-01-19T08:10:00.000Z,4.064e+04,1.876e+03,1.614e+03,9.100e+02,9.097e+05,1.648e+04
2026-01-19T08:15:00.000Z,4.467e+04,1.917e+03,1.553e+03,8.756e+02,9.234e+05,1.707e+04
2026-01-19T08:20:00.000Z,4.500e+04,1.891e+03,1.501e+03,8.696e+02,9.102e+05,1.783e+04
2026-01-19T08:25:00.000Z,4.341e+04,1.974e+03,1.551e+03,9.294e+02,9.488e+05,1.910e+04
2026-01-19T08:30:00.000Z,4.721e+04,1.980e+03,1.551e+03,9.262e+02,9.636e+05,1.973e+04
2026-01-19T08:35:00.000Z,4.746e+04,2.138e+03,1.623e+03,9.678e+02,9.983e+05,2.039e+04
2026-01-19T08:40:00.000Z,5.157e+04,2.177e+03,1.607e+03,9.822e+02,1.006e+06,2.106e+04
2026-01-19T08:45:00.000Z,5.377e+04,2.193e+03,1.599e+03,1.001e+03,1.050e+06,2.147e+04
2026-01-19T08:50:00.000Z,5.452e+04,2.210e+03,1.554e+03,9.544e+02,1.062e+06,2.206e+04
2026-01-19T08:55:00.000Z,5.493e+04,2.215e+03,1.638e+03,9.478e+02,1.052e+06,2.196e+04
2026-01-19T09:00:00.000Z,5.452e+04,2.124e+03,1.450e+03,8.583e+02,1.108e+06,2.253e+04
2026-01-19T09:05:00.000Z,5.522e+04,2.177e+03,1.419e+03,8.117e+02,1.197e+06,2.317e+04
2026-01-19T09:10:00.000Z,5.642e+04,2.165e+03,1.344e+03,8.063e+02,1.141e+06,2.313e+04
2026-01-19T09:15:00.000Z,5.791e+04,2.171e+03,1.308e+03,7.931e+02,1.191e+06,2.384e+04
2026-01-19T09:20:00.000Z,5.759e+04,2.108e+03,1.220e+03,7.335e+02,1.301e+06,2.502e+04
2026-01-19T09:25:00.000Z,6.175e+04,1.998e+03,1.174e+03,7.392e+02,1.463e+06,2.588e+04
2026-01-19T09:30:00.000Z,6.386e+04,2.119e+03,1.281e+03,7.861e+02,1.575e+06,2.650e+04
2026-01-19T09:35:00.000Z,6.627e+04,2.266e+03,1.398e+03,8.478e+02,1.499e+06,2.603e+04
2026-01-19T09:40:00.000Z,6.729e+04,2.356e+03,1.447e+03,8.638e+02,1.407e+06,2.468e+04
2026-01-19T09:45:00.000Z,6.552e+04,2.162e+03,1.227e+03,7.964e+02,1.403e+06,2.482e+04
2026-01-19T09:50:00.000Z,5.607e+04,1.973e+03,1.088e+03,7.159e+02,1.444e+06,2.565e+04
2026-01-19T09:55:00.000Z,5.336e+04,2.037e+03,9.799e+02,6.077e+02,1.608e+06,2.928e+04
2026-01-19T10:00:00.000Z,5.981e+04,2.152e+03,1.012e+03,6.880e+02,1.657e+06,3.098e+04
2026-01-19T10:05:00.000Z,6.618e+04,2.226e+03,9.698e+02,6.678e+02,1.711e+06,3.192e+04
2026-01-19T10:10:00.000Z,6.359e+04,2.225e+03,9.496e+02,6.615e+02,1.698e+06,3.257e+04
2026-01-19T10:15:00.000Z,6.577e+04,2.217e+03,9.205e+02,6.438e+02,1.732e+06,3.365e+04
2026-01-19T10:20:00.000Z,6.417e+04,2.295e+03,9.447e+02,6.696e+02,1.731e+06,3.401e+04
2026-01-19T10:25:00.000Z,6.743e+04,2.409e+03,1.005e+03,7.128e+02,1.701e+06,3.431e+04
2026-01-19T10:30:00.000Z,7.345e+04,2.520e+03,1.052e+03,7.455e+02,1.755e+06,3.487e+04
2026-01-19T10:35:00.000Z,7.871e+04,2.579e+03,1.123e+03,8.118e+02,2.231e+06,3.902e+04
2026-01-19T10:40:00.000Z,8.165e+04,2.543e+03,1.006e+03,7.616e+02,2.345e+06,4.049e+04
2026-01-19T10:45:00.000Z,7.818e+04,2.554e+03,9.827e+02,7.386e+02,2.433e+06,4.176e+04
2026-01-19T10:50:00.000Z,7.601e+04,2.590e+03,9.574e+02,7.444e+02,2.387e+06,4.114e+04
2026-01-19T10:55:00.000Z,7.515e+04,2.522e+03,8.948e+02,7.128e+02,2.450e+06,4.223e+04
2026-01-19T11:00:00.000Z,7.497e+04,2.530e+03,9.107e+02,6.995e+02,2.429e+06,4.241e+04
2026-01-19T11:05:00.000Z,7.830e+04,2.692e+03,1.075e+03,7.843e+02,2.247e+06,4.038e+04
2026-01-19T11:10:00.000Z,7.979e+04,2.768e+03,1.146e+03,8.664e+02,2.213e+06,4.087e+04
2026-01-19T11:15:00.000Z,7.934e+04,2.803e+03,1.116e+03,8.510e+02,2.297e+06,4.210e+04
2026-01-19T11:20:00.000Z,8.044e+04,2.694e+03,1.052e+03,8.356e+02,2.300e+06,4.190e+04
2026-01-19T11:25:00.000Z,8.487e+04,2.771e+03,1.109e+03,8.866e+02,2.239e+06,4.180e+04
2026-01-19T11:30:00.000Z,8.363e+04,2.861e+03,1.173e+03,9.177e+02,2.030e+06,4.076e+04
2026-01-19T11:35:00.000Z,8.460e+04,2.995e+03,1.162e+03,9.144e+02,2.054e+06,4.465e+04
2026-01-19T11:40:00.000Z,8.865e+04,2.995e+03,1.225e+03,9.786e+02,2.259e+06,4.533e+04
2026-01-19T11:45:00.000Z,1.002e+05,3.083e+03,1.441e+03,1.146e+03,2.136e+06,4.134e+04
2026-01-19T11:50:00.000Z,9.706e+04,3.168e+03,1.367e+03,1.081e+03,2.212e+06,4.386e+04
2026-01-19T11:55:00.000Z,1.030e+05,3.331e+03,1.511e+03,1.189e+03,2.255e+06,4.460e+04
2026-01-19T12:00:00.000Z,1.035e+05,3.361e+03,1.394e+03,1.129e+03,2.162e+06,4.310e+04
2026-01-19T12:05:00.000Z,1.066e+05,3.398e+03,1.379e+03,1.136e+03,2.280e+06,4.593e+04
2026-01-19T12:10:00.000Z,1.055e+05,3.443e+03,1.498e+03,1.204e+03,2.112e+06,4.299e+04
2026-01-19T12:15:00.000Z,1.100e+05,3.612e+03,1.516e+03,1.212e+03,2.146e+06,4.457e+04
2026-01-19T12:20:00.000Z,1.089e+05,3.724e+03,1.661e+03,1.294e+03,2.083e+06,4.231e+04
2026-01-19T12:25:00.000Z,1.163e+05,4.054e+03,1.699e+03,1.369e+03,2.194e+06,4.963e+04
2026-01-19T12:30:00.000Z,1.153e+05,3.782e+03,1.625e+03,1.299e+03,2.143e+06,4.778e+04
2026-01-19T12:35:00.000Z,1.162e+05,3.684e+03,1.832e+03,1.396e+03,2.097e+06,4.395e+04
2026-01-19T12:40:00.000Z,1.111e+05,3.655e+03,1.870e+03,1.399e+03,1.997e+06,4.147e+04
2026-01-19T12:45:00.000Z,1.094e+05,3.637e+03,1.748e+03,1.364e+03,2.028e+06,4.283e+04
2026-01-19T12:50:00.000Z,1.135e+05,3.745e+03,1.920e+03,1.467e+03,1.902e+06,4.057e+04
2026-01-19T12:55:00.000Z,1.140e+05,3.796e+03,2.076e+03,1.524e+03,1.953e+06,4.073e+04
2026-01-19T13:00:00.000Z,1.118e+05,3.848e+03,2.152e+03,1.560e+03,1.912e+06,3.913e+04
2026-01-19T13:05:00.000Z,1.155e+05,3.799e+03,2.208e+03,1.567e+03,1.959e+06,4.046e+04
2026-01-19T13:10:00.000Z,1.136e+05,3.813e+03,2.180e+03,1.557e+03,1.937e+06,3.985e+04
2026-01-19T13:15:00.000Z,1.089e+05,3.956e+03,2.204e+03,1.572e+03,1.853e+06,3.880e+04
2026-01-19T13:20:00.000Z,1.072e+05,3.944e+03,2.212e+03,1.570e+03,1.806e+06,3.831e+04
2026-01-19T13:25:00.000Z,1.133e+05,3.796e+03,2.040e+03,1.583e+03,1.842e+06,4.020e+04
2026-01-19T13:30:00.000Z,1.109e+05,3.751e+03,1.970e+03,1.562e+03,1.890e+06,4.136e+04
2026-01-19T13:35:00.000Z,1.201e+05,3.877e+03,2.002e+03,1.607e+03,2.007e+06,4.365e+04
2026-01-19T13:40:00.000Z,1.241e+05,4.072e+03,2.258e+03,1.737e+03,1.941e+06,4.220e+04
2026-01-19T13:45:00.000Z,1.266e+05,3.946e+03,2.071e+03,1.607e+03,2.001e+06,4.327e+04
2026-01-19T13:50:00.000Z,1.173e+05,3.942e+03,2.035e+03,1.596e+03,1.997e+06,4.346e+04
2026-01-19T13:55:00.000Z,1.286e+05,4.087e+03,2.220e+03,1.742e+03,1.877e+06,4.125e+04
2026-01-19T14:00:00.000Z,1.323e+05,4.177e+03,2.380e+03,1.855e+03,1.780e+06,3.970e+04
2026-01-19T14:05:00.000Z,1.336e+05,4.282e+03,2.421e+03,1.952e+03,1.792e+06,4.068e+04
2026-01-19T14:10:00.000Z,1.392e+05,4.191e+03,2.311e+03,1.961e+03,1.592e+06,3.849e+04
2026-01-19T14:15:00.000Z,1.502e+05,4.513e+03,2.561e+03,2.088e+03,1.569e+06,3.864e+04
2026-01-19T14:20:00.000Z,1.509e+05,4.619e+03,2.582e+03,2.071e+03,1.658e+06,4.011e+04
2026-01-19T14:25:00.000Z,1.556e+05,4.629e+03,2.563e+03,2.098e+03,1.567e+06,3.911e+04
2026-01-19T14:30:00.000Z,1.794e+05,5.005e+03,2.943e+03,2.368e+03,1.543e+06,3.951e+04
2026-01-19T14:35:00.000Z,1.769e+05,5.155e+03,2.985e+03,2.397e+03,1.676e+06,3.989e+04
2026-01-19T14:40:00.000Z,1.555e+05,4.726e+03,2.281e+03,1.932e+03,1.745e+06,4.374e+04
2026-01-19T14:45:00.000Z,1.558e+05,4.681e+03,2.396e+03,1.996e+03,1.740e+06,4.386e+04
2026-01-19T14:50:00.000Z,1.706e+05,5.281e+03,2.676e+03,2.193e+03,1.630e+06,4.457e+04
2026-01-19T14:55:00.000Z,2.002e+05,5.660e+03,2.978e+03,2.495e+03,1.510e+06,4.466e+04
2026-01-19T15:00:00.000Z,2.530e+05,7.173e+03,3.062e+03,2.768e+03,1.526e+06,6.188e+04
2026-01-19T15:05:00.000Z,2.867e+05,7.659e+03,3.397e+03,3.062e+03,1.442e+06,6.231e+04
2026-01-19T15:10:00.000Z,2.874e+05,7.582e+03,3.256e+03,2.963e+03,1.526e+06,6.273e+04
2026-01-19T15:15:00.000Z,2.672e+05,7.360e+03,3.175e+03,2.881e+03,1.546e+06,6.155e+04
2026-01-19T15:20:00.000Z,2.916e+05,7.538e+03,3.321e+03,3.070e+03,1.531e+06,6.005e+04
2026-01-19T15:25:00.000Z,2.985e+05,7.755e+03,3.362e+03,3.143e+03,1.515e+06,6.112e+04
2026-01-19T15:30:00.000Z,2.960e+05,7.585e+03,3.358e+03,3.127e+03,1.547e+06,6.193e+04
2026-01-19T15:35:00.000Z,3.148e+05,7.712e+03,3.465e+03,3.199e+03,1.459e+06,5.852e+04
2026-01-19T15:40:00.000Z,3.546e+05,8.054e+03,3.715e+03,3.454e+03,1.382e+06,6.052e+04
2026-01-19T15:45:00.000Z,3.225e+05,7.639e+03,3.619e+03,3.340e+03,1.356e+06,5.410e+04
2026-01-19T15:50:00.000Z,3.252e+05,7.596e+03,3.341e+03,3.215e+03,1.582e+06,5.867e+04
2026-01-19T15:55:00.000Z,3.780e+05,8.320e+03,3.708e+03,3.589e+03,1.545e+06,5.970e+04
2026-01-19T16:00:00.000Z,3.486e+05,8.133e+03,3.614e+03,3.482e+03,1.636e+06,6.117e+04
2026-01-19T16:05:00.000Z,3.467e+05,8.072e+03,3.731e+03,3.548e+03,1.481e+06,5.747e+04
2026-01-19T16:10:00.000Z,3.730e+05,8.432e+03,3.886e+03,3.710e+03,1.536e+06,5.894e+04
2026-01-19T16:15:00.000Z,3.711e+05,8.366e+03,3.858e+03,3.731e+03,1.629e+06,5.948e+04
2026-01-19T16:20:00.000Z,3.828e+05,8.939e+03,3.981e+03,3.828e+03,1.602e+06,6.193e+04
2026-01-19T16:25:00.000Z,4.210e+05,9.504e+03,4.338e+03,4.064e+03,1.644e+06,6.335e+04
2026-01-19T16:30:00.000Z,4.574e+05,9.644e+03,4.483e+03,4.044e+03,1.559e+06,5.939e+04
2026-01-19T16:35:00.000Z,5.445e+05,1.013e+04,4.746e+03,4.402e+03,1.710e+06,6.128e+04
2026-01-19T16:40:00.000Z,5.829e+05,1.058e+04,4.871e+03,4.858e+03,1.900e+06,6.634e+04
2026-01-19T16:45:00.000Z,6.809e+05,1.239e+04,5.483e+03,5.518e+03,2.024e+06,7.848e+04
2026-01-19T16:50:00.000Z,8.992e+05,1.421e+04,6.295e+03,6.505e+03,2.089e+06,8.214e+04
2026-01-19T16:55:00.000Z,1.135e+06,1.563e+04,7.061e+03,7.260e+03,2.072e+06,7.935e+04
2026-01-19T17:00:00.000Z,1.331e+06,1.767e+04,7.703e+03,7.702e+03,2.211e+06,9.132e+04
2026-01-19T17:05:00.000Z,1.527e+06,1.940e+04,8.397e+03,8.425e+03,2.408e+06,9.527e+04
2026-01-19T17:10:00.000Z,1.757e+06,2.203e+04,9.281e+03,9.259e+03,2.623e+06,1.087e+05
2026-01-19T17:15:00.000Z,1.881e+06,2.303e+04,9.581e+03,9.476e+03,2.603e+06,1.127e+05
2026-01-19T17:20:00.000Z,1.868e+06,2.187e+04,9.473e+03,9.375e+03,2.595e+06,9.745e+04
2026-01-19T17:25:00.000Z,1.858e+06,2.274e+04,9.775e+03,9.793e+03,2.812e+06,1.048e+05
2026-01-19T17:30:00.000Z,2.107e+06,2.603e+04,1.068e+04,1.050e+04,3.291e+06,1.235e+05
2026-01-19T17:35:00.000Z,2.680e+06,3.056e+04,1.248e+04,1.136e+04,3.774e+06,1.133e+05
2026-01-19T17:40:00.000Z,2.523e+06,3.036e+04,1.220e+04,1.200e+04,4.376e+06,1.267e+05
2026-01-19T17:45:00.000Z,2.832e+06,3.384e+04,1.334e+04,1.295e+04,4.539e+06,1.365e+05
2026-01-19T17:50:00.000Z,3.162e+06,3.718e+04,1.446e+04,1.370e+04,4.840e+06,1.443e+05
2026-01-19T17:55:00.000Z,3.881e+06,4.408e+04,1.699e+04,1.517e+04,5.136e+06,1.620e+05
2026-01-19T18:00:00.000Z,4.794e+06,5.653e+04,2.095e+04,1.777e+04,5.548e+06,1.943e+05
2026-01-19T18:05:00.000Z,6.088e+06,7.068e+04,2.619e+04,2.065e+04,5.933e+06,1.944e+05
2026-01-19T18:10:00.000Z,6.482e+06,7.669e+04,2.813e+04,2.205e+04,6.363e+06,1.927e+05
2026-01-19T18:15:00.000Z,6.847e+06,8.697e+04,3.222e+04,2.432e+04,6.464e+06,2.016e+05
2026-01-19T18:20:00.000Z,6.925e+06,9.916e+04,3.679e+04,2.815e+04,5.990e+06,2.077e+05
2026-01-19T18:25:00.000Z,6.347e+06,1.099e+05,4.034e+04,3.117e+04,5.900e+06,2.338e+05
2026-01-19T18:30:00.000Z,4.221e+06,1.123e+05,4.116e+04,3.715e+04,6.312e+06,2.707e+05
2026-01-19T18:35:00.000Z,1.456e+06,1.107e+05,4.072e+04,4.426e+04,7.753e+06,4.032e+05
2026-01-19T18:40:00.000Z,1.018e+06,1.112e+05,4.098e+04,4.661e+04,8.606e+06,4.715e+05
2026-01-19T18:45:00.000Z,4.717e+05,1.012e+05,4.223e+04,5.093e+04,9.969e+06,6.327e+05
2026-01-19T18:50:00.000Z,2.915e+05,1.058e+05,4.674e+04,5.613e+04,1.118e+07,9.125e+05
2026-01-19T18:55:00.000Z,8.050e+05,2.112e+05,6.432e+04,5.655e+04,1.150e+07,1.773e+06
2026-01-19T19:00:00.000Z,3.904e+05,1.972e+05,1.185e+05,8.327e+04,1.065e+07,2.530e+06
2026-01-19T19:05:00.000Z,2.733e+05,2.415e+05,1.450e+05,8.721e+04,1.070e+07,2.511e+06
2026-01-19T19:10:00.000Z,3.112e+05,2.650e+05,1.455e+05,8.421e+04,1.165e+07,2.144e+06
2026-01-19T19:15:00.000Z,3.805e+05,3.175e+05,1.577e+05,8.275e+04,1.291e+07,1.696e+06
2026-01-19T19:20:00.000Z,3.856e+05,3.359e+05,1.670e+05,8.482e+04,1.304e+07,1.576e+06
2026-01-19T19:25:00.000Z,5.109e+05,3.961e+05,1.741e+05,8.228e+04,1.352e+07,1.479e+06
2026-01-19T19:30:00.000Z,6.087e+05,4.165e+05,1.711e+05,7.881e+04,1.359e+07,1.479e+06
2026-01-19T19:35:00.000Z,1.516e+06,4.931e+05,1.667e+05,6.713e+04,1.330e+07,7.340e+05
2026-01-19T19:40:00.000Z,2.326e+06,5.208e+05,1.605e+05,6.040e+04,1.266e+07,5.111e+05
2026-01-19T19:45:00.000Z,2.554e+06,5.155e+05,1.564e+05,5.889e+04,1.254e+07,4.897e+05
2026-01-19T19:50:00.000Z,2.039e+06,5.341e+05,1.649e+05,6.190e+04,1.308e+07,5.821e+05
2026-01-19T19:55:00.000Z,2.086e+06,5.479e+05,1.681e+05,6.211e+04,1.365e+07,6.391e+05
2026-01-19T20:00:00.000Z,2.238e+06,5.607e+05,1.702e+05,6.185e+04,1.354e+07,6.490e+05
2026-01-19T20:05:00.000Z,2.407e+06,5.644e+05,1.690e+05,6.056e+04,1.359e+07,6.670e+05
2026-01-19T20:10:00.000Z,2.232e+06,5.604e+05,1.697e+05,6.174e+04,1.372e+07,7.419e+05
2026-01-19T20:15:00.000Z,2.904e+06,5.407e+05,1.597e+05,5.720e+04,1.242e+07,5.451e+05
2026-01-19T20:20:00.000Z,2.887e+06,5.258e+05,1.567e+05,5.651e+04,1.102e+07,4.136e+05
2026-01-19T20:25:00.000Z,3.060e+06,5.218e+05,1.532e+05,5.526e+04,1.096e+07,4.019e+05
2026-01-19T20:30:00.000Z,4.160e+06,4.618e+05,1.323e+05,4.582e+04,9.449e+06,2.956e+05
2026-01-19T20:35:00.000Z,4.063e+06,3.990e+05,1.125e+05,3.805e+04,6.526e+06,1.653e+05
2026-01-19T20:40:00.000Z,3.213e+06,3.435e+05,9.159e+04,2.934e+04,4.183e+06,8.599e+04
2026-01-19T20:45:00.000Z,2.586e+06,2.680e+05,7.329e+04,2.455e+04,2.788e+06,4.533e+04
2026-01-19T20:50:00.000Z,2.545e+06,2.785e+05,7.584e+04,2.490e+04,2.723e+06,4.697e+04
2026-01-19T20:55:00.000Z,2.426e+06,2.666e+05,7.436e+04,2.461e+04,2.471e+06,3.897e+04
2026-01-19T21:00:00.000Z,2.126e+06,2.317e+05,6.679e+04,2.260e+04,2.109e+06,2.882e+04
2026-01-19T21:05:00.000Z,1.034e+06,1.529e+05,4.358e+04,1.445e+04,1.301e+06,1.522e+04
2026-01-19T21:10:00.000Z,2.931e+05,6.229e+04,1.810e+04,5.682e+03,5.894e+05,6.193e+03
2026-01-19T21:15:00.000Z,8.730e+04,1.899e+04,6.637e+03,2.305e+03,4.312e+05,4.378e+03
2026-01-19T21:20:00.000Z,1.645e+05,3.492e+04,1.145e+04,3.794e+03,6.121e+05,5.476e+03
2026-01-19T21:25:00.000Z,2.197e+05,4.870e+04,1.395e+04,4.279e+03,6.116e+05,5.406e+03
2026-01-19T21:30:00.000Z,6.691e+04,1.591e+04,5.582e+03,1.835e+03,3.383e+05,3.384e+03
2026-01-19T21:35:00.000Z,8.110e+04,1.864e+04,6.588e+03,2.141e+03,3.617e+05,3.731e+03
2026-01-19T21:40:00.000Z,7.455e+04,1.867e+04,6.346e+03,1.986e+03,2.948e+05,2.957e+03
2026-01-19T21:45:00.000Z,6.604e+04,1.763e+04,6.041e+03,1.822e+03,2.598e+05,2.600e+03
2026-01-19T21:50:00.000Z,6.343e+04,1.683e+04,5.850e+03,1.753e+03,2.575e+05,2.575e+03
2026-01-19T21:55:00.000Z,6.191e+04,1.635e+04,5.678e+03,1.683e+03,2.391e+05,2.429e+03
2026-01-19T22:00:00.000Z,5.919e+04,1.594e+04,5.462e+03,1.610e+03,2.090e+05,2.216e+03
2026-01-19T22:05:00.000Z,5.211e+04,1.336e+04,4.758e+03,1.486e+03,2.278e+05,2.422e+03
2026-01-19T22:10:00.000Z,5.198e+04,1.056e+04,4.258e+03,1.536e+03,3.190e+05,3.209e+03
2026-01-19T22:15:00.000Z,6.928e+04,1.455e+04,5.483e+03,1.956e+03,3.180e+05,3.231e+03
2026-01-19T22:20:00.000Z,7.141e+04,1.454e+04,5.487e+03,1.986e+03,3.233e+05,3.224e+03
2026-01-19T22:25:00.000Z,5.770e+04,1.216e+04,4.603e+03,1.652e+03,2.999e+05,3.039e+03
2026-01-19T22:30:00.000Z,3.879e+04,8.756e+03,3.621e+03,1.207e+03,2.436e+05,2.537e+03
2026-01-19T22:35:00.000Z,3.683e+04,8.339e+03,3.412e+03,1.126e+03,2.425e+05,2.554e+03
2026-01-19T22:40:00.000Z,4.361e+04,1.156e+04,4.357e+03,1.356e+03,2.370e+05,2.458e+03
2026-01-19T22:45:00.000Z,3.752e+04,8.297e+03,2.938e+03,9.551e+02,1.958e+05,2.219e+03
2026-01-19T22:50:00.000Z,4.717e+04,1.250e+04,4.688e+03,1.423e+03,2.452e+05,2.533e+03
2026-01-19T22:55:00.000Z,4.586e+04,1.306e+04,4.954e+03,1.495e+03,2.514e+05,2.609e+03
2026-01-19T23:00:00.000Z,4.798e+04,1.363e+04,4.978e+03,1.487e+03,2.463e+05,2.536e+03
2026-01-19T23:05:00.000Z,5.138e+04,1.413e+04,5.039e+03,1.503e+03,2.502e+05,2.552e+03
2026-01-19T23:10:00.000Z,4.616e+04,1.189e+04,4.471e+03,1.388e+03,2.486e+05,2.548e+03
2026-01-19T23:15:00.000Z,4.676e+04,1.203e+04,4.621e+03,1.418e+03,2.489e+05,2.500e+03
2026-01-19T23:20:00.000Z,4.275e+04,1.059e+04,4.093e+03,1.318e+03,2.550e+05,2.567e+03
2026-01-19T23:25:00.000Z,4.493e+04,1.141e+04,4.283e+03,1.333e+03,2.497e+05,2.558e+03
2026-01-19T23:30:00.000Z,4.673e+04,1.218e+04,4.406e+03,1.346e+03,2.448e+05,2.476e+03
2026-01-19T23:35:00.000Z,3.681e+04,8.054e+03,3.006e+03,9.991e+02,2.274e+05,2.528e+03
2026-01-19T23:40:00.000Z,2.972e+04,5.506e+03,2.200e+03,7.715e+02,1.981e+05,2.493e+03
2026-01-19T23:45:00.000Z,3.946e+04,8.899e+03,3.421e+03,1.116e+03,2.372e+05,2.558e+03
2026-01-19T23:50:00.000Z,4.064e+04,9.340e+03,3.596e+03,1.161e+03,2.521e+05,2.586e+03
2026-01-19T23:55:00.000Z,3.235e+04,6.278e+03,2.452e+03,8.507e+02,2.243e+05,2.515e+03
