Spacecraft,MonthUTC,DataStartUTC,DataEndUTC,SourceCDF,EpochRecords,MagneticRecords,PlasmaRecords,LECPChannels,LECPValidValues,CRSChannels,CRSValidValues,OriginalInstrumentValuesOnly,GeneratedOrInterpolatedValues,FigureFile,Status,Notes
1,2012-08-01,2012-08-25,2012-09-01,Z:\SPART-WORK\Data\Voyager\voyager1\coho\1hr\l2\merged_mag_plasma\2012\08\voyager1_coho1hr_merged_mag_plasma_20120801_v01.cdf,168,70,0,3,204,15,1800,1,0,C:\Users\Administrator\Documents\FWD_matlab\Voyager_fu\Voyager_Interstellar_Monthly\UniformLowPrecision_Monthly_Raw\V1_COHO1h_raw_2012-08.png,ok,
1,2012-09-01,2012-09-01,2012-10-01,Z:\SPART-WORK\Data\Voyager\voyager1\coho\1hr\l2\merged_mag_plasma\2012\09\voyager1_coho1hr_merged_mag_plasma_20120901_v01.cdf,720,281,0,3,851,15,8010,1,0,C:\Users\Administrator\Documents\FWD_matlab\Voyager_fu\Voyager_Interstellar_Monthly\UniformLowPrecision_Monthly_Raw\V1_COHO1h_raw_2012-09.png,ok,
1,2012-10-01,2012-10-01,2012-11-01,Z:\SPART-WORK\Data\Voyager\voyager1\coho\1hr\l2\merged_mag_plasma\2012\10\voyager1_coho1hr_merged_mag_plasma_20121001_v01.cdf,744,218,0,3,636,15,5670,1,0,C:\Users\Administrator\Documents\FWD_matlab\Voyager_fu\Voyager_Interstellar_Monthly\UniformLowPrecision_Monthly_Raw\V1_COHO1h_raw_2012-10.png,ok,
1,2012-11-01,2012-11-01,2012-12-01,Z:\SPART-WORK\Data\Voyager\voyager1\coho\1hr\l2\merged_mag_plasma\2012\11\voyager1_coho1hr_merged_mag_plasma_20121101_v01.cdf,720,151,0,3,496,15,5220,1,0,C:\Users\Administrator\Documents\FWD_matlab\Voyager_fu\Voyager_Interstellar_Monthly\UniformLowPrecision_Monthly_Raw\V1_COHO1h_raw_2012-11.png,ok,
1,2012-12-01,2012-12-01,2013-01-01,Z:\SPART-WORK\Data\Voyager\voyager1\coho\1hr\l2\merged_mag_plasma\2012\12\voyager1_coho1hr_merged_mag_plasma_20121201_v01.cdf,744,219,0,3,674,15,5490,1,0,C:\Users\Administrator\Documents\FWD_matlab\Voyager_fu\Voyager_Interstellar_Monthly\UniformLowPrecision_Monthly_Raw\V1_COHO1h_raw_2012-12.png,ok,
1,2013-01-01,2013-01-01,2013-02-01,Z:\SPART-WORK\Data\Voyager\voyager1\coho\1hr\l2\merged_mag_plasma\2013\01\voyager1_coho1hr_merged_mag_plasma_20130101_v01.cdf,744,255,0,3,763,15,7830,1,0,C:\Users\Administrator\Documents\FWD_matlab\Voyager_fu\Voyager_Interstellar_Monthly\UniformLowPrecision_Monthly_Raw\V1_COHO1h_raw_2013-01.png,ok,
1,2013-02-01,2013-02-01,2013-03-01,Z:\SPART-WORK\Data\Voyager\voyager1\coho\1hr\l2\merged_mag_plasma\2013\02\voyager1_coho1hr_merged_mag_plasma_20130201_v01.cdf,672,276,0,3,806,15,6930,1,0,C:\Users\Administrator\Documents\FWD_matlab\Voyager_fu\Voyager_Interstellar_Monthly\UniformLowPrecision_Monthly_Raw\V1_COHO1h_raw_2013-02.png,ok,
1,2013-03-01,2013-03-01,2013-04-01,Z:\SPART-WORK\Data\Voyager\voyager1\coho\1hr\l2\merged_mag_plasma\2013\03\voyager1_coho1hr_merged_mag_plasma_20130301_v01.cdf,744,353,0,3,1078,15,8370,1,0,C:\Users\Administrator\Documents\FWD_matlab\Voyager_fu\Voyager_Interstellar_Monthly\UniformLowPrecision_Monthly_Raw\V1_COHO1h_raw_2013-03.png,ok,
1,2013-04-01,2013-04-01,2013-05-01,Z:\SPART-WORK\Data\Voyager\voyager1\coho\1hr\l2\merged_mag_plasma\2013\04\voyager1_coho1hr_merged_mag_plasma_20130401_v01.cdf,720,431,0,3,1187,15,9180,1,0,C:\Users\Administrator\Documents\FWD_matlab\Voyager_fu\Voyager_Interstellar_Monthly\UniformLowPrecision_Monthly_Raw\V1_COHO1h_raw_2013-04.png,ok,
1,2013-05-01,2013-05-01,2013-06-01,Z:\SPART-WORK\Data\Voyager\voyager1\coho\1hr\l2\merged_mag_plasma\2013\05\voyager1_coho1hr_merged_mag_plasma_20130501_v01.cdf,744,499,0,3,1410,15,10800,1,0,C:\Users\Administrator\Documents\FWD_matlab\Voyager_fu\Voyager_Interstellar_Monthly\UniformLowPrecision_Monthly_Raw\V1_COHO1h_raw_2013-05.png,ok,
1,2013-06-01,2013-06-01,2013-07-01,Z:\SPART-WORK\Data\Voyager\voyager1\coho\1hr\l2\merged_mag_plasma\2013\06\voyager1_coho1hr_merged_mag_plasma_20130601_v01.cdf,720,437,0,3,1136,15,9090,1,0,C:\Users\Administrator\Documents\FWD_matlab\Voyager_fu\Voyager_Interstellar_Monthly\UniformLowPrecision_Monthly_Raw\V1_COHO1h_raw_2013-06.png,ok,
1,2013-07-01,2013-07-01,2013-08-01,Z:\SPART-WORK\Data\Voyager\voyager1\coho\1hr\l2\merged_mag_plasma\2013\07\voyager1_coho1hr_merged_mag_plasma_20130701_v01.cdf,744,401,0,3,867,15,8190,1,0,C:\Users\Administrator\Documents\FWD_matlab\Voyager_fu\Voyager_Interstellar_Monthly\UniformLowPrecision_Monthly_Raw\V1_COHO1h_raw_2013-07.png,ok,
1,2013-08-01,2013-08-01,2013-09-01,Z:\SPART-WORK\Data\Voyager\voyager1\coho\1hr\l2\merged_mag_plasma\2013\08\voyager1_coho1hr_merged_mag_plasma_20130801_v01.cdf,744,345,0,3,1021,15,8550,1,0,C:\Users\Administrator\Documents\FWD_matlab\Voyager_fu\Voyager_Interstellar_Monthly\UniformLowPrecision_Monthly_Raw\V1_COHO1h_raw_2013-08.png,ok,
1,2013-09-01,2013-09-01,2013-10-01,Z:\SPART-WORK\Data\Voyager\voyager1\coho\1hr\l2\merged_mag_plasma\2013\09\voyager1_coho1hr_merged_mag_plasma_20130901_v01.cdf,720,342,0,3,1023,15,8010,1,0,C:\Users\Administrator\Documents\FWD_matlab\Voyager_fu\Voyager_Interstellar_Monthly\UniformLowPrecision_Monthly_Raw\V1_COHO1h_raw_2013-09.png,ok,
1,2013-10-01,2013-10-01,2013-11-01,Z:\SPART-WORK\Data\Voyager\voyager1\coho\1hr\l2\merged_mag_plasma\2013\10\voyager1_coho1hr_merged_mag_plasma_20131001_v01.cdf,744,330,0,3,865,15,7650,1,0,C:\Users\Administrator\Documents\FWD_matlab\Voyager_fu\Voyager_Interstellar_Monthly\UniformLowPrecision_Monthly_Raw\V1_COHO1h_raw_2013-10.png,ok,
1,2013-11-01,2013-11-01,2013-12-01,Z:\SPART-WORK\Data\Voyager\voyager1\coho\1hr\l2\merged_mag_plasma\2013\11\voyager1_coho1hr_merged_mag_plasma_20131101_v01.cdf,720,230,0,3,642,15,7380,1,0,C:\Users\Administrator\Documents\FWD_matlab\Voyager_fu\Voyager_Interstellar_Monthly\UniformLowPrecision_Monthly_Raw\V1_COHO1h_raw_2013-11.png,ok,
1,2013-12-01,2013-12-01,2014-01-01,Z:\SPART-WORK\Data\Voyager\voyager1\coho\1hr\l2\merged_mag_plasma\2013\12\voyager1_coho1hr_merged_mag_plasma_20131201_v01.cdf,744,234,0,3,663,15,6300,1,0,C:\Users\Administrator\Documents\FWD_matlab\Voyager_fu\Voyager_Interstellar_Monthly\UniformLowPrecision_Monthly_Raw\V1_COHO1h_raw_2013-12.png,ok,
1,2014-01-01,2014-01-01,2014-02-01,Z:\SPART-WORK\Data\Voyager\voyager1\coho\1hr\l2\merged_mag_plasma\2014\01\voyager1_coho1hr_merged_mag_plasma_20140101_v01.cdf,744,217,0,3,642,15,6120,1,0,C:\Users\Administrator\Documents\FWD_matlab\Voyager_fu\Voyager_Interstellar_Monthly\UniformLowPrecision_Monthly_Raw\V1_COHO1h_raw_2014-01.png,ok,
1,2014-02-01,2014-02-01,2014-03-01,Z:\SPART-WORK\Data\Voyager\voyager1\coho\1hr\l2\merged_mag_plasma\2014\02\voyager1_coho1hr_merged_mag_plasma_20140201_v01.cdf,672,192,0,3,523,15,5670,1,0,C:\Users\Administrator\Documents\FWD_matlab\Voyager_fu\Voyager_Interstellar_Monthly\UniformLowPrecision_Monthly_Raw\V1_COHO1h_raw_2014-02.png,ok,
1,2014-03-01,2014-03-01,2014-04-01,Z:\SPART-WORK\Data\Voyager\voyager1\coho\1hr\l2\merged_mag_plasma\2014\03\voyager1_coho1hr_merged_mag_plasma_20140301_v01.cdf,744,245,0,3,621,15,6120,1,0,C:\Users\Administrator\Documents\FWD_matlab\Voyager_fu\Voyager_Interstellar_Monthly\UniformLowPrecision_Monthly_Raw\V1_COHO1h_raw_2014-03.png,ok,
1,2014-04-01,2014-04-01,2014-05-01,Z:\SPART-WORK\Data\Voyager\voyager1\coho\1hr\l2\merged_mag_plasma\2014\04\voyager1_coho1hr_merged_mag_plasma_20140401_v01.cdf,720,334,0,3,921,15,7020,1,0,C:\Users\Administrator\Documents\FWD_matlab\Voyager_fu\Voyager_Interstellar_Monthly\UniformLowPrecision_Monthly_Raw\V1_COHO1h_raw_2014-04.png,ok,
1,2014-05-01,2014-05-01,2014-06-01,Z:\SPART-WORK\Data\Voyager\voyager1\coho\1hr\l2\merged_mag_plasma\2014\05\voyager1_coho1hr_merged_mag_plasma_20140501_v01.cdf,744,325,0,3,1035,15,7920,1,0,C:\Users\Administrator\Documents\FWD_matlab\Voyager_fu\Voyager_Interstellar_Monthly\UniformLowPrecision_Monthly_Raw\V1_COHO1h_raw_2014-05.png,ok,
1,2014-06-01,2014-06-01,2014-07-01,Z:\SPART-WORK\Data\Voyager\voyager1\coho\1hr\l2\merged_mag_plasma\2014\06\voyager1_coho1hr_merged_mag_plasma_20140601_v01.cdf,720,320,0,3,943,15,7200,1,0,C:\Users\Administrator\Documents\FWD_matlab\Voyager_fu\Voyager_Interstellar_Monthly\UniformLowPrecision_Monthly_Raw\V1_COHO1h_raw_2014-06.png,ok,
1,2014-07-01,2014-07-01,2014-08-01,Z:\SPART-WORK\Data\Voyager\voyager1\coho\1hr\l2\merged_mag_plasma\2014\07\voyager1_coho1hr_merged_mag_plasma_20140701_v01.cdf,744,327,0,3,928,15,7830,1,0,C:\Users\Administrator\Documents\FWD_matlab\Voyager_fu\Voyager_Interstellar_Monthly\UniformLowPrecision_Monthly_Raw\V1_COHO1h_raw_2014-07.png,ok,
1,2014-08-01,2014-08-01,2014-09-01,Z:\SPART-WORK\Data\Voyager\voyager1\coho\1hr\l2\merged_mag_plasma\2014\08\voyager1_coho1hr_merged_mag_plasma_20140801_v01.cdf,744,326,0,3,971,15,8730,1,0,C:\Users\Administrator\Documents\FWD_matlab\Voyager_fu\Voyager_Interstellar_Monthly\UniformLowPrecision_Monthly_Raw\V1_COHO1h_raw_2014-08.png,ok,
1,2014-09-01,2014-09-01,2014-10-01,Z:\SPART-WORK\Data\Voyager\voyager1\coho\1hr\l2\merged_mag_plasma\2014\09\voyager1_coho1hr_merged_mag_plasma_20140901_v01.cdf,720,226,0,3,727,15,6120,1,0,C:\Users\Administrator\Documents\FWD_matlab\Voyager_fu\Voyager_Interstellar_Monthly\UniformLowPrecision_Monthly_Raw\V1_COHO1h_raw_2014-09.png,ok,
1,2014-10-01,2014-10-01,2014-11-01,Z:\SPART-WORK\Data\Voyager\voyager1\coho\1hr\l2\merged_mag_plasma\2014\10\voyager1_coho1hr_merged_mag_plasma_20141001_v01.cdf,744,191,0,3,554,15,4770,1,0,C:\Users\Administrator\Documents\FWD_matlab\Voyager_fu\Voyager_Interstellar_Monthly\UniformLowPrecision_Monthly_Raw\V1_COHO1h_raw_2014-10.png,ok,
1,2014-11-01,2014-11-01,2014-12-01,Z:\SPART-WORK\Data\Voyager\voyager1\coho\1hr\l2\merged_mag_plasma\2014\11\voyager1_coho1hr_merged_mag_plasma_20141101_v01.cdf,720,160,0,3,468,15,5220,1,0,C:\Users\Administrator\Documents\FWD_matlab\Voyager_fu\Voyager_Interstellar_Monthly\UniformLowPrecision_Monthly_Raw\V1_COHO1h_raw_2014-11.png,ok,
1,2014-12-01,2014-12-01,2015-01-01,Z:\SPART-WORK\Data\Voyager\voyager1\coho\1hr\l2\merged_mag_plasma\2014\12\voyager1_coho1hr_merged_mag_plasma_20141201_v01.cdf,744,177,0,3,545,15,5130,1,0,C:\Users\Administrator\Documents\FWD_matlab\Voyager_fu\Voyager_Interstellar_Monthly\UniformLowPrecision_Monthly_Raw\V1_COHO1h_raw_2014-12.png,ok,
1,2015-01-01,2015-01-01,2015-02-01,Z:\SPART-WORK\Data\Voyager\voyager1\coho\1hr\l2\merged_mag_plasma\2015\01\voyager1_coho1hr_merged_mag_plasma_20150101_v01.cdf,744,264,0,3,759,15,7650,1,0,C:\Users\Administrator\Documents\FWD_matlab\Voyager_fu\Voyager_Interstellar_Monthly\UniformLowPrecision_Monthly_Raw\V1_COHO1h_raw_2015-01.png,ok,
1,2015-02-01,2015-02-01,2015-03-01,Z:\SPART-WORK\Data\Voyager\voyager1\coho\1hr\l2\merged_mag_plasma\2015\02\voyager1_coho1hr_merged_mag_plasma_20150201_v01.cdf,672,284,0,3,875,15,7380,1,0,C:\Users\Administrator\Documents\FWD_matlab\Voyager_fu\Voyager_Interstellar_Monthly\UniformLowPrecision_Monthly_Raw\V1_COHO1h_raw_2015-02.png,ok,
1,2015-03-01,2015-03-01,2015-04-01,Z:\SPART-WORK\Data\Voyager\voyager1\coho\1hr\l2\merged_mag_plasma\2015\03\voyager1_coho1hr_merged_mag_plasma_20150301_v01.cdf,744,351,0,3,1042,15,7740,1,0,C:\Users\Administrator\Documents\FWD_matlab\Voyager_fu\Voyager_Interstellar_Monthly\UniformLowPrecision_Monthly_Raw\V1_COHO1h_raw_2015-03.png,ok,
1,2015-04-01,2015-04-01,2015-05-01,Z:\SPART-WORK\Data\Voyager\voyager1\coho\1hr\l2\merged_mag_plasma\2015\04\voyager1_coho1hr_merged_mag_plasma_20150401_v01.cdf,720,334,0,3,968,15,7740,1,0,C:\Users\Administrator\Documents\FWD_matlab\Voyager_fu\Voyager_Interstellar_Monthly\UniformLowPrecision_Monthly_Raw\V1_COHO1h_raw_2015-04.png,ok,
1,2015-05-01,2015-05-01,2015-06-01,Z:\SPART-WORK\Data\Voyager\voyager1\coho\1hr\l2\merged_mag_plasma\2015\05\voyager1_coho1hr_merged_mag_plasma_20150501_v01.cdf,744,305,0,3,920,15,7650,1,0,C:\Users\Administrator\Documents\FWD_matlab\Voyager_fu\Voyager_Interstellar_Monthly\UniformLowPrecision_Monthly_Raw\V1_COHO1h_raw_2015-05.png,ok,
1,2015-06-01,2015-06-01,2015-07-01,Z:\SPART-WORK\Data\Voyager\voyager1\coho\1hr\l2\merged_mag_plasma\2015\06\voyager1_coho1hr_merged_mag_plasma_20150601_v01.cdf,720,293,0,3,860,15,6840,1,0,C:\Users\Administrator\Documents\FWD_matlab\Voyager_fu\Voyager_Interstellar_Monthly\UniformLowPrecision_Monthly_Raw\V1_COHO1h_raw_2015-06.png,ok,
1,2015-07-01,2015-07-01,2015-08-01,Z:\SPART-WORK\Data\Voyager\voyager1\coho\1hr\l2\merged_mag_plasma\2015\07\voyager1_coho1hr_merged_mag_plasma_20150701_v01.cdf,744,314,0,3,967,15,8280,1,0,C:\Users\Administrator\Documents\FWD_matlab\Voyager_fu\Voyager_Interstellar_Monthly\UniformLowPrecision_Monthly_Raw\V1_COHO1h_raw_2015-07.png,ok,
1,2015-08-01,2015-08-01,2015-09-01,Z:\SPART-WORK\Data\Voyager\voyager1\coho\1hr\l2\merged_mag_plasma\2015\08\voyager1_coho1hr_merged_mag_plasma_20150801_v01.cdf,744,214,0,3,664,15,5310,1,0,C:\Users\Administrator\Documents\FWD_matlab\Voyager_fu\Voyager_Interstellar_Monthly\UniformLowPrecision_Monthly_Raw\V1_COHO1h_raw_2015-08.png,ok,
1,2015-09-01,2015-09-01,2015-10-01,Z:\SPART-WORK\Data\Voyager\voyager1\coho\1hr\l2\merged_mag_plasma\2015\09\voyager1_coho1hr_merged_mag_plasma_20150901_v01.cdf,720,186,0,3,589,15,5310,1,0,C:\Users\Administrator\Documents\FWD_matlab\Voyager_fu\Voyager_Interstellar_Monthly\UniformLowPrecision_Monthly_Raw\V1_COHO1h_raw_2015-09.png,ok,
1,2015-10-01,2015-10-01,2015-11-01,Z:\SPART-WORK\Data\Voyager\voyager1\coho\1hr\l2\merged_mag_plasma\2015\10\voyager1_coho1hr_merged_mag_plasma_20151001_v01.cdf,744,208,0,3,636,15,5580,1,0,C:\Users\Administrator\Documents\FWD_matlab\Voyager_fu\Voyager_Interstellar_Monthly\UniformLowPrecision_Monthly_Raw\V1_COHO1h_raw_2015-10.png,ok,
1,2015-11-01,2015-11-01,2015-12-01,Z:\SPART-WORK\Data\Voyager\voyager1\coho\1hr\l2\merged_mag_plasma\2015\11\voyager1_coho1hr_merged_mag_plasma_20151101_v01.cdf,720,193,0,3,561,15,6480,1,0,C:\Users\Administrator\Documents\FWD_matlab\Voyager_fu\Voyager_Interstellar_Monthly\UniformLowPrecision_Monthly_Raw\V1_COHO1h_raw_2015-11.png,ok,
1,2015-12-01,2015-12-01,2016-01-01,Z:\SPART-WORK\Data\Voyager\voyager1\coho\1hr\l2\merged_mag_plasma\2015\12\voyager1_coho1hr_merged_mag_plasma_20151201_v01.cdf,744,203,0,3,557,15,5760,1,0,C:\Users\Administrator\Documents\FWD_matlab\Voyager_fu\Voyager_Interstellar_Monthly\UniformLowPrecision_Monthly_Raw\V1_COHO1h_raw_2015-12.png,ok,
1,2016-01-01,2016-01-01,2016-02-01,Z:\SPART-WORK\Data\Voyager\voyager1\coho\1hr\l2\merged_mag_plasma\2016\01\voyager1_coho1hr_merged_mag_plasma_20160101_v01.cdf,744,224,0,3,651,15,7020,1,0,C:\Users\Administrator\Documents\FWD_matlab\Voyager_fu\Voyager_Interstellar_Monthly\UniformLowPrecision_Monthly_Raw\V1_COHO1h_raw_2016-01.png,ok,
1,2016-02-01,2016-02-01,2016-03-01,Z:\SPART-WORK\Data\Voyager\voyager1\coho\1hr\l2\merged_mag_plasma\2016\02\voyager1_coho1hr_merged_mag_plasma_20160201_v01.cdf,696,212,0,3,578,15,5490,1,0,C:\Users\Administrator\Documents\FWD_matlab\Voyager_fu\Voyager_Interstellar_Monthly\UniformLowPrecision_Monthly_Raw\V1_COHO1h_raw_2016-02.png,ok,
1,2016-03-01,2016-03-01,2016-04-01,Z:\SPART-WORK\Data\Voyager\voyager1\coho\1hr\l2\merged_mag_plasma\2016\03\voyager1_coho1hr_merged_mag_plasma_20160301_v01.cdf,744,243,0,3,645,15,6750,1,0,C:\Users\Administrator\Documents\FWD_matlab\Voyager_fu\Voyager_Interstellar_Monthly\UniformLowPrecision_Monthly_Raw\V1_COHO1h_raw_2016-03.png,ok,
1,2016-04-01,2016-04-01,2016-05-01,Z:\SPART-WORK\Data\Voyager\voyager1\coho\1hr\l2\merged_mag_plasma\2016\04\voyager1_coho1hr_merged_mag_plasma_20160401_v01.cdf,720,209,0,3,573,15,6840,1,0,C:\Users\Administrator\Documents\FWD_matlab\Voyager_fu\Voyager_Interstellar_Monthly\UniformLowPrecision_Monthly_Raw\V1_COHO1h_raw_2016-04.png,ok,
1,2016-05-01,2016-05-01,2016-06-01,Z:\SPART-WORK\Data\Voyager\voyager1\coho\1hr\l2\merged_mag_plasma\2016\05\voyager1_coho1hr_merged_mag_plasma_20160501_v01.cdf,744,224,0,3,647,15,6300,1,0,C:\Users\Administrator\Documents\FWD_matlab\Voyager_fu\Voyager_Interstellar_Monthly\UniformLowPrecision_Monthly_Raw\V1_COHO1h_raw_2016-05.png,ok,
1,2016-06-01,2016-06-01,2016-07-01,Z:\SPART-WORK\Data\Voyager\voyager1\coho\1hr\l2\merged_mag_plasma\2016\06\voyager1_coho1hr_merged_mag_plasma_20160601_v01.cdf,720,203,0,3,567,15,5130,1,0,C:\Users\Administrator\Documents\FWD_matlab\Voyager_fu\Voyager_Interstellar_Monthly\UniformLowPrecision_Monthly_Raw\V1_COHO1h_raw_2016-06.png,ok,
1,2016-07-01,2016-07-01,2016-08-01,Z:\SPART-WORK\Data\Voyager\voyager1\coho\1hr\l2\merged_mag_plasma\2016\07\voyager1_coho1hr_merged_mag_plasma_20160701_v01.cdf,744,236,0,3,727,15,6570,1,0,C:\Users\Administrator\Documents\FWD_matlab\Voyager_fu\Voyager_Interstellar_Monthly\UniformLowPrecision_Monthly_Raw\V1_COHO1h_raw_2016-07.png,ok,
1,2016-08-01,2016-08-01,2016-09-01,Z:\SPART-WORK\Data\Voyager\voyager1\coho\1hr\l2\merged_mag_plasma\2016\08\voyager1_coho1hr_merged_mag_plasma_20160801_v01.cdf,744,208,0,3,646,15,6030,1,0,C:\Users\Administrator\Documents\FWD_matlab\Voyager_fu\Voyager_Interstellar_Monthly\UniformLowPrecision_Monthly_Raw\V1_COHO1h_raw_2016-08.png,ok,
1,2016-09-01,2016-09-01,2016-10-01,Z:\SPART-WORK\Data\Voyager\voyager1\coho\1hr\l2\merged_mag_plasma\2016\09\voyager1_coho1hr_merged_mag_plasma_20160901_v01.cdf,720,230,0,3,700,15,5940,1,0,C:\Users\Administrator\Documents\FWD_matlab\Voyager_fu\Voyager_Interstellar_Monthly\UniformLowPrecision_Monthly_Raw\V1_COHO1h_raw_2016-09.png,ok,
1,2016-10-01,2016-10-01,2016-11-01,Z:\SPART-WORK\Data\Voyager\voyager1\coho\1hr\l2\merged_mag_plasma\2016\10\voyager1_coho1hr_merged_mag_plasma_20161001_v01.cdf,744,233,0,3,675,15,6300,1,0,C:\Users\Administrator\Documents\FWD_matlab\Voyager_fu\Voyager_Interstellar_Monthly\UniformLowPrecision_Monthly_Raw\V1_COHO1h_raw_2016-10.png,ok,
1,2016-11-01,2016-11-01,2016-12-01,Z:\SPART-WORK\Data\Voyager\voyager1\coho\1hr\l2\merged_mag_plasma\2016\11\voyager1_coho1hr_merged_mag_plasma_20161101_v01.cdf,720,209,0,3,640,15,5850,1,0,C:\Users\Administrator\Documents\FWD_matlab\Voyager_fu\Voyager_Interstellar_Monthly\UniformLowPrecision_Monthly_Raw\V1_COHO1h_raw_2016-11.png,ok,
1,2016-12-01,2016-12-01,2017-01-01,Z:\SPART-WORK\Data\Voyager\voyager1\coho\1hr\l2\merged_mag_plasma\2016\12\voyager1_coho1hr_merged_mag_plasma_20161201_v01.cdf,744,263,0,3,780,15,7830,1,0,C:\Users\Administrator\Documents\FWD_matlab\Voyager_fu\Voyager_Interstellar_Monthly\UniformLowPrecision_Monthly_Raw\V1_COHO1h_raw_2016-12.png,ok,
1,2017-01-01,2017-01-01,2017-02-01,Z:\SPART-WORK\Data\Voyager\voyager1\coho\1hr\l2\merged_mag_plasma\2017\01\voyager1_coho1hr_merged_mag_plasma_20170101_v01.cdf,744,309,0,3,908,15,8100,1,0,C:\Users\Administrator\Documents\FWD_matlab\Voyager_fu\Voyager_Interstellar_Monthly\UniformLowPrecision_Monthly_Raw\V1_COHO1h_raw_2017-01.png,ok,
1,2017-02-01,2017-02-01,2017-03-01,Z:\SPART-WORK\Data\Voyager\voyager1\coho\1hr\l2\merged_mag_plasma\2017\02\voyager1_coho1hr_merged_mag_plasma_20170201_v01.cdf,672,267,0,3,787,15,7110,1,0,C:\Users\Administrator\Documents\FWD_matlab\Voyager_fu\Voyager_Interstellar_Monthly\UniformLowPrecision_Monthly_Raw\V1_COHO1h_raw_2017-02.png,ok,
1,2017-03-01,2017-03-01,2017-04-01,Z:\SPART-WORK\Data\Voyager\voyager1\coho\1hr\l2\merged_mag_plasma\2017\03\voyager1_coho1hr_merged_mag_plasma_20170301_v01.cdf,744,383,0,3,1126,15,8460,1,0,C:\Users\Administrator\Documents\FWD_matlab\Voyager_fu\Voyager_Interstellar_Monthly\UniformLowPrecision_Monthly_Raw\V1_COHO1h_raw_2017-03.png,ok,
1,2017-04-01,2017-04-01,2017-05-01,Z:\SPART-WORK\Data\Voyager\voyager1\coho\1hr\l2\merged_mag_plasma\2017\04\voyager1_coho1hr_merged_mag_plasma_20170401_v01.cdf,720,451,0,3,1306,15,9630,1,0,C:\Users\Administrator\Documents\FWD_matlab\Voyager_fu\Voyager_Interstellar_Monthly\UniformLowPrecision_Monthly_Raw\V1_COHO1h_raw_2017-04.png,ok,
1,2017-05-01,2017-05-01,2017-06-01,Z:\SPART-WORK\Data\Voyager\voyager1\coho\1hr\l2\merged_mag_plasma\2017\05\voyager1_coho1hr_merged_mag_plasma_20170501_v01.cdf,744,431,0,3,1260,15,9090,1,0,C:\Users\Administrator\Documents\FWD_matlab\Voyager_fu\Voyager_Interstellar_Monthly\UniformLowPrecision_Monthly_Raw\V1_COHO1h_raw_2017-05.png,ok,
1,2017-06-01,2017-06-01,2017-07-01,Z:\SPART-WORK\Data\Voyager\voyager1\coho\1hr\l2\merged_mag_plasma\2017\06\voyager1_coho1hr_merged_mag_plasma_20170601_v01.cdf,720,402,0,3,1202,15,8100,1,0,C:\Users\Administrator\Documents\FWD_matlab\Voyager_fu\Voyager_Interstellar_Monthly\UniformLowPrecision_Monthly_Raw\V1_COHO1h_raw_2017-06.png,ok,
1,2017-07-01,2017-07-01,2017-08-01,Z:\SPART-WORK\Data\Voyager\voyager1\coho\1hr\l2\merged_mag_plasma\2017\07\voyager1_coho1hr_merged_mag_plasma_20170701_v01.cdf,744,403,0,3,1186,15,8550,1,0,C:\Users\Administrator\Documents\FWD_matlab\Voyager_fu\Voyager_Interstellar_Monthly\UniformLowPrecision_Monthly_Raw\V1_COHO1h_raw_2017-07.png,ok,
1,2017-08-01,2017-08-01,2017-09-01,Z:\SPART-WORK\Data\Voyager\voyager1\coho\1hr\l2\merged_mag_plasma\2017\08\voyager1_coho1hr_merged_mag_plasma_20170801_v01.cdf,744,396,0,3,1166,15,8280,1,0,C:\Users\Administrator\Documents\FWD_matlab\Voyager_fu\Voyager_Interstellar_Monthly\UniformLowPrecision_Monthly_Raw\V1_COHO1h_raw_2017-08.png,ok,
1,2017-09-01,2017-09-01,2017-10-01,Z:\SPART-WORK\Data\Voyager\voyager1\coho\1hr\l2\merged_mag_plasma\2017\09\voyager1_coho1hr_merged_mag_plasma_20170901_v01.cdf,720,311,0,3,906,15,7200,1,0,C:\Users\Administrator\Documents\FWD_matlab\Voyager_fu\Voyager_Interstellar_Monthly\UniformLowPrecision_Monthly_Raw\V1_COHO1h_raw_2017-09.png,ok,
1,2017-10-01,2017-10-01,2017-11-01,Z:\SPART-WORK\Data\Voyager\voyager1\coho\1hr\l2\merged_mag_plasma\2017\10\voyager1_coho1hr_merged_mag_plasma_20171001_v01.cdf,744,203,0,3,591,15,6210,1,0,C:\Users\Administrator\Documents\FWD_matlab\Voyager_fu\Voyager_Interstellar_Monthly\UniformLowPrecision_Monthly_Raw\V1_COHO1h_raw_2017-10.png,ok,
1,2017-11-01,2017-11-01,2017-12-01,Z:\SPART-WORK\Data\Voyager\voyager1\coho\1hr\l2\merged_mag_plasma\2017\11\voyager1_coho1hr_merged_mag_plasma_20171101_v01.cdf,720,197,0,3,576,15,5670,1,0,C:\Users\Administrator\Documents\FWD_matlab\Voyager_fu\Voyager_Interstellar_Monthly\UniformLowPrecision_Monthly_Raw\V1_COHO1h_raw_2017-11.png,ok,
1,2017-12-01,2017-12-01,2018-01-01,Z:\SPART-WORK\Data\Voyager\voyager1\coho\1hr\l2\merged_mag_plasma\2017\12\voyager1_coho1hr_merged_mag_plasma_20171201_v01.cdf,738,198,0,3,606,15,5940,1,0,C:\Users\Administrator\Documents\FWD_matlab\Voyager_fu\Voyager_Interstellar_Monthly\UniformLowPrecision_Monthly_Raw\V1_COHO1h_raw_2017-12.png,ok,
1,2018-01-01,2018-01-01,2018-02-01,Z:\SPART-WORK\Data\Voyager\voyager1\coho\1hr\l2\merged_mag_plasma\2018\01\voyager1_coho1hr_merged_mag_plasma_20180101_v01.cdf,744,249,0,3,706,15,6480,1,0,C:\Users\Administrator\Documents\FWD_matlab\Voyager_fu\Voyager_Interstellar_Monthly\UniformLowPrecision_Monthly_Raw\V1_COHO1h_raw_2018-01.png,ok,
1,2018-02-01,2018-02-01,2018-03-01,Z:\SPART-WORK\Data\Voyager\voyager1\coho\1hr\l2\merged_mag_plasma\2018\02\voyager1_coho1hr_merged_mag_plasma_20180201_v01.cdf,672,213,0,3,624,15,4950,1,0,C:\Users\Administrator\Documents\FWD_matlab\Voyager_fu\Voyager_Interstellar_Monthly\UniformLowPrecision_Monthly_Raw\V1_COHO1h_raw_2018-02.png,ok,
1,2018-03-01,2018-03-01,2018-04-01,Z:\SPART-WORK\Data\Voyager\voyager1\coho\1hr\l2\merged_mag_plasma\2018\03\voyager1_coho1hr_merged_mag_plasma_20180301_v01.cdf,744,201,0,3,547,15,4590,1,0,C:\Users\Administrator\Documents\FWD_matlab\Voyager_fu\Voyager_Interstellar_Monthly\UniformLowPrecision_Monthly_Raw\V1_COHO1h_raw_2018-03.png,ok,
1,2018-04-01,2018-04-01,2018-05-01,Z:\SPART-WORK\Data\Voyager\voyager1\coho\1hr\l2\merged_mag_plasma\2018\04\voyager1_coho1hr_merged_mag_plasma_20180401_v01.cdf,720,209,0,3,601,15,5940,1,0,C:\Users\Administrator\Documents\FWD_matlab\Voyager_fu\Voyager_Interstellar_Monthly\UniformLowPrecision_Monthly_Raw\V1_COHO1h_raw_2018-04.png,ok,
1,2018-05-01,2018-05-01,2018-06-01,Z:\SPART-WORK\Data\Voyager\voyager1\coho\1hr\l2\merged_mag_plasma\2018\05\voyager1_coho1hr_merged_mag_plasma_20180501_v01.cdf,744,171,0,3,482,15,5130,1,0,C:\Users\Administrator\Documents\FWD_matlab\Voyager_fu\Voyager_Interstellar_Monthly\UniformLowPrecision_Monthly_Raw\V1_COHO1h_raw_2018-05.png,ok,
1,2018-06-01,2018-06-01,2018-07-01,Z:\SPART-WORK\Data\Voyager\voyager1\coho\1hr\l2\merged_mag_plasma\2018\06\voyager1_coho1hr_merged_mag_plasma_20180601_v01.cdf,720,154,0,3,448,15,4050,1,0,C:\Users\Administrator\Documents\FWD_matlab\Voyager_fu\Voyager_Interstellar_Monthly\UniformLowPrecision_Monthly_Raw\V1_COHO1h_raw_2018-06.png,ok,
1,2018-07-01,2018-07-01,2018-08-01,Z:\SPART-WORK\Data\Voyager\voyager1\coho\1hr\l2\merged_mag_plasma\2018\07\voyager1_coho1hr_merged_mag_plasma_20180701_v01.cdf,744,175,0,3,479,15,5220,1,0,C:\Users\Administrator\Documents\FWD_matlab\Voyager_fu\Voyager_Interstellar_Monthly\UniformLowPrecision_Monthly_Raw\V1_COHO1h_raw_2018-07.png,ok,
1,2018-08-01,2018-08-01,2018-09-01,Z:\SPART-WORK\Data\Voyager\voyager1\coho\1hr\l2\merged_mag_plasma\2018\08\voyager1_coho1hr_merged_mag_plasma_20180801_v01.cdf,744,179,0,3,504,15,5130,1,0,C:\Users\Administrator\Documents\FWD_matlab\Voyager_fu\Voyager_Interstellar_Monthly\UniformLowPrecision_Monthly_Raw\V1_COHO1h_raw_2018-08.png,ok,
1,2018-09-01,2018-09-01,2018-10-01,Z:\SPART-WORK\Data\Voyager\voyager1\coho\1hr\l2\merged_mag_plasma\2018\09\voyager1_coho1hr_merged_mag_plasma_20180901_v01.cdf,720,166,0,3,486,15,4140,1,0,C:\Users\Administrator\Documents\FWD_matlab\Voyager_fu\Voyager_Interstellar_Monthly\UniformLowPrecision_Monthly_Raw\V1_COHO1h_raw_2018-09.png,ok,
1,2018-10-01,2018-10-01,2018-11-01,Z:\SPART-WORK\Data\Voyager\voyager1\coho\1hr\l2\merged_mag_plasma\2018\10\voyager1_coho1hr_merged_mag_plasma_20181001_v01.cdf,744,177,0,3,515,15,5130,1,0,C:\Users\Administrator\Documents\FWD_matlab\Voyager_fu\Voyager_Interstellar_Monthly\UniformLowPrecision_Monthly_Raw\V1_COHO1h_raw_2018-10.png,ok,
1,2018-11-01,2018-11-01,2018-12-01,Z:\SPART-WORK\Data\Voyager\voyager1\coho\1hr\l2\merged_mag_plasma\2018\11\voyager1_coho1hr_merged_mag_plasma_20181101_v01.cdf,720,168,0,3,355,15,4680,1,0,C:\Users\Administrator\Documents\FWD_matlab\Voyager_fu\Voyager_Interstellar_Monthly\UniformLowPrecision_Monthly_Raw\V1_COHO1h_raw_2018-11.png,ok,
1,2018-12-01,2018-12-01,2019-01-01,Z:\SPART-WORK\Data\Voyager\voyager1\coho\1hr\l2\merged_mag_plasma\2018\12\voyager1_coho1hr_merged_mag_plasma_20181201_v01.cdf,744,238,0,3,587,15,7020,1,0,C:\Users\Administrator\Documents\FWD_matlab\Voyager_fu\Voyager_Interstellar_Monthly\UniformLowPrecision_Monthly_Raw\V1_COHO1h_raw_2018-12.png,ok,
1,2019-01-01,2019-01-01,2019-02-01,Z:\SPART-WORK\Data\Voyager\voyager1\coho\1hr\l2\merged_mag_plasma\2019\01\voyager1_coho1hr_merged_mag_plasma_20190101_v01.cdf,744,267,0,3,703,15,7560,1,0,C:\Users\Administrator\Documents\FWD_matlab\Voyager_fu\Voyager_Interstellar_Monthly\UniformLowPrecision_Monthly_Raw\V1_COHO1h_raw_2019-01.png,ok,
1,2019-02-01,2019-02-01,2019-03-01,Z:\SPART-WORK\Data\Voyager\voyager1\coho\1hr\l2\merged_mag_plasma\2019\02\voyager1_coho1hr_merged_mag_plasma_20190201_v01.cdf,672,243,0,3,702,15,5850,1,0,C:\Users\Administrator\Documents\FWD_matlab\Voyager_fu\Voyager_Interstellar_Monthly\UniformLowPrecision_Monthly_Raw\V1_COHO1h_raw_2019-02.png,ok,
1,2019-03-01,2019-03-01,2019-04-01,Z:\SPART-WORK\Data\Voyager\voyager1\coho\1hr\l2\merged_mag_plasma\2019\03\voyager1_coho1hr_merged_mag_plasma_20190301_v01.cdf,744,318,0,3,915,15,8100,1,0,C:\Users\Administrator\Documents\FWD_matlab\Voyager_fu\Voyager_Interstellar_Monthly\UniformLowPrecision_Monthly_Raw\V1_COHO1h_raw_2019-03.png,ok,
1,2019-04-01,2019-04-01,2019-05-01,Z:\SPART-WORK\Data\Voyager\voyager1\coho\1hr\l2\merged_mag_plasma\2019\04\voyager1_coho1hr_merged_mag_plasma_20190401_v01.cdf,720,234,0,3,671,15,90,1,0,C:\Users\Administrator\Documents\FWD_matlab\Voyager_fu\Voyager_Interstellar_Monthly\UniformLowPrecision_Monthly_Raw\V1_COHO1h_raw_2019-04.png,ok,
1,2019-05-01,2019-05-01,2019-06-01,Z:\SPART-WORK\Data\Voyager\voyager1\coho\1hr\l2\merged_mag_plasma\2019\05\voyager1_coho1hr_merged_mag_plasma_20190501_v01.cdf,744,288,0,3,832,15,0,1,0,C:\Users\Administrator\Documents\FWD_matlab\Voyager_fu\Voyager_Interstellar_Monthly\UniformLowPrecision_Monthly_Raw\V1_COHO1h_raw_2019-05.png,ok,
1,2019-06-01,2019-06-01,2019-07-01,Z:\SPART-WORK\Data\Voyager\voyager1\coho\1hr\l2\merged_mag_plasma\2019\06\voyager1_coho1hr_merged_mag_plasma_20190601_v01.cdf,720,166,0,3,449,15,0,1,0,C:\Users\Administrator\Documents\FWD_matlab\Voyager_fu\Voyager_Interstellar_Monthly\UniformLowPrecision_Monthly_Raw\V1_COHO1h_raw_2019-06.png,ok,
1,2019-07-01,2019-07-01,2019-08-01,Z:\SPART-WORK\Data\Voyager\voyager1\coho\1hr\l2\merged_mag_plasma\2019\07\voyager1_coho1hr_merged_mag_plasma_20190701_v01.cdf,744,167,0,3,478,15,0,1,0,C:\Users\Administrator\Documents\FWD_matlab\Voyager_fu\Voyager_Interstellar_Monthly\UniformLowPrecision_Monthly_Raw\V1_COHO1h_raw_2019-07.png,ok,
1,2019-08-01,2019-08-01,2019-09-01,Z:\SPART-WORK\Data\Voyager\voyager1\coho\1hr\l2\merged_mag_plasma\2019\08\voyager1_coho1hr_merged_mag_plasma_20190801_v01.cdf,744,159,0,3,448,15,0,1,0,C:\Users\Administrator\Documents\FWD_matlab\Voyager_fu\Voyager_Interstellar_Monthly\UniformLowPrecision_Monthly_Raw\V1_COHO1h_raw_2019-08.png,ok,
1,2019-09-01,2019-09-01,2019-10-01,Z:\SPART-WORK\Data\Voyager\voyager1\coho\1hr\l2\merged_mag_plasma\2019\09\voyager1_coho1hr_merged_mag_plasma_20190901_v01.cdf,720,192,0,3,558,15,0,1,0,C:\Users\Administrator\Documents\FWD_matlab\Voyager_fu\Voyager_Interstellar_Monthly\UniformLowPrecision_Monthly_Raw\V1_COHO1h_raw_2019-09.png,ok,
1,2019-10-01,2019-10-01,2019-11-01,Z:\SPART-WORK\Data\Voyager\voyager1\coho\1hr\l2\merged_mag_plasma\2019\10\voyager1_coho1hr_merged_mag_plasma_20191001_v01.cdf,744,178,0,3,507,15,0,1,0,C:\Users\Administrator\Documents\FWD_matlab\Voyager_fu\Voyager_Interstellar_Monthly\UniformLowPrecision_Monthly_Raw\V1_COHO1h_raw_2019-10.png,ok,
1,2019-11-01,2019-11-01,2019-12-01,Z:\SPART-WORK\Data\Voyager\voyager1\coho\1hr\l2\merged_mag_plasma\2019\11\voyager1_coho1hr_merged_mag_plasma_20191101_v01.cdf,720,154,0,3,435,15,0,1,0,C:\Users\Administrator\Documents\FWD_matlab\Voyager_fu\Voyager_Interstellar_Monthly\UniformLowPrecision_Monthly_Raw\V1_COHO1h_raw_2019-11.png,ok,
1,2019-12-01,2019-12-01,2020-01-01,Z:\SPART-WORK\Data\Voyager\voyager1\coho\1hr\l2\merged_mag_plasma\2019\12\voyager1_coho1hr_merged_mag_plasma_20191201_v01.cdf,742,167,0,3,469,15,0,1,0,C:\Users\Administrator\Documents\FWD_matlab\Voyager_fu\Voyager_Interstellar_Monthly\UniformLowPrecision_Monthly_Raw\V1_COHO1h_raw_2019-12.png,ok,
1,2020-01-01,2020-01-01,2020-02-01,Z:\SPART-WORK\Data\Voyager\voyager1\coho\1hr\l2\merged_mag_plasma\2020\01\voyager1_coho1hr_merged_mag_plasma_20200101_v01.cdf,744,176,0,3,492,15,5040,1,0,C:\Users\Administrator\Documents\FWD_matlab\Voyager_fu\Voyager_Interstellar_Monthly\UniformLowPrecision_Monthly_Raw\V1_COHO1h_raw_2020-01.png,ok,
1,2020-02-01,2020-02-01,2020-03-01,Z:\SPART-WORK\Data\Voyager\voyager1\coho\1hr\l2\merged_mag_plasma\2020\02\voyager1_coho1hr_merged_mag_plasma_20200201_v01.cdf,696,228,0,3,649,15,6390,1,0,C:\Users\Administrator\Documents\FWD_matlab\Voyager_fu\Voyager_Interstellar_Monthly\UniformLowPrecision_Monthly_Raw\V1_COHO1h_raw_2020-02.png,ok,
1,2020-03-01,2020-03-01,2020-04-01,Z:\SPART-WORK\Data\Voyager\voyager1\coho\1hr\l2\merged_mag_plasma\2020\03\voyager1_coho1hr_merged_mag_plasma_20200301_v01.cdf,744,271,0,3,762,15,8010,1,0,C:\Users\Administrator\Documents\FWD_matlab\Voyager_fu\Voyager_Interstellar_Monthly\UniformLowPrecision_Monthly_Raw\V1_COHO1h_raw_2020-03.png,ok,
1,2020-04-01,2020-04-01,2020-05-01,Z:\SPART-WORK\Data\Voyager\voyager1\coho\1hr\l2\merged_mag_plasma\2020\04\voyager1_coho1hr_merged_mag_plasma_20200401_v01.cdf,720,259,0,3,737,15,6750,1,0,C:\Users\Administrator\Documents\FWD_matlab\Voyager_fu\Voyager_Interstellar_Monthly\UniformLowPrecision_Monthly_Raw\V1_COHO1h_raw_2020-04.png,ok,
1,2020-05-01,2020-05-01,2020-06-01,Z:\SPART-WORK\Data\Voyager\voyager1\coho\1hr\l2\merged_mag_plasma\2020\05\voyager1_coho1hr_merged_mag_plasma_20200501_v01.cdf,744,262,0,3,764,15,5670,1,0,C:\Users\Administrator\Documents\FWD_matlab\Voyager_fu\Voyager_Interstellar_Monthly\UniformLowPrecision_Monthly_Raw\V1_COHO1h_raw_2020-05.png,ok,
1,2020-06-01,2020-06-01,2020-07-01,Z:\SPART-WORK\Data\Voyager\voyager1\coho\1hr\l2\merged_mag_plasma\2020\06\voyager1_coho1hr_merged_mag_plasma_20200601_v01.cdf,720,272,0,3,806,15,6930,1,0,C:\Users\Administrator\Documents\FWD_matlab\Voyager_fu\Voyager_Interstellar_Monthly\UniformLowPrecision_Monthly_Raw\V1_COHO1h_raw_2020-06.png,ok,
1,2020-07-01,2020-07-01,2020-08-01,Z:\SPART-WORK\Data\Voyager\voyager1\coho\1hr\l2\merged_mag_plasma\2020\07\voyager1_coho1hr_merged_mag_plasma_20200701_v01.cdf,744,279,0,3,819,15,6660,1,0,C:\Users\Administrator\Documents\FWD_matlab\Voyager_fu\Voyager_Interstellar_Monthly\UniformLowPrecision_Monthly_Raw\V1_COHO1h_raw_2020-07.png,ok,
1,2020-08-01,2020-08-01,2020-09-01,Z:\SPART-WORK\Data\Voyager\voyager1\coho\1hr\l2\merged_mag_plasma\2020\08\voyager1_coho1hr_merged_mag_plasma_20200801_v01.cdf,744,242,0,3,693,15,5850,1,0,C:\Users\Administrator\Documents\FWD_matlab\Voyager_fu\Voyager_Interstellar_Monthly\UniformLowPrecision_Monthly_Raw\V1_COHO1h_raw_2020-08.png,ok,
1,2020-09-01,2020-09-01,2020-10-01,Z:\SPART-WORK\Data\Voyager\voyager1\coho\1hr\l2\merged_mag_plasma\2020\09\voyager1_coho1hr_merged_mag_plasma_20200901_v01.cdf,720,204,0,3,587,15,6390,1,0,C:\Users\Administrator\Documents\FWD_matlab\Voyager_fu\Voyager_Interstellar_Monthly\UniformLowPrecision_Monthly_Raw\V1_COHO1h_raw_2020-09.png,ok,
1,2020-10-01,2020-10-01,2020-11-01,Z:\SPART-WORK\Data\Voyager\voyager1\coho\1hr\l2\merged_mag_plasma\2020\10\voyager1_coho1hr_merged_mag_plasma_20201001_v01.cdf,744,209,0,3,617,15,5760,1,0,C:\Users\Administrator\Documents\FWD_matlab\Voyager_fu\Voyager_Interstellar_Monthly\UniformLowPrecision_Monthly_Raw\V1_COHO1h_raw_2020-10.png,ok,
1,2020-11-01,2020-11-01,2020-12-01,Z:\SPART-WORK\Data\Voyager\voyager1\coho\1hr\l2\merged_mag_plasma\2020\11\voyager1_coho1hr_merged_mag_plasma_20201101_v01.cdf,720,204,0,3,591,15,6300,1,0,C:\Users\Administrator\Documents\FWD_matlab\Voyager_fu\Voyager_Interstellar_Monthly\UniformLowPrecision_Monthly_Raw\V1_COHO1h_raw_2020-11.png,ok,
1,2020-12-01,2020-12-01,2021-01-01,Z:\SPART-WORK\Data\Voyager\voyager1\coho\1hr\l2\merged_mag_plasma\2020\12\voyager1_coho1hr_merged_mag_plasma_20201201_v01.cdf,744,229,0,3,688,15,7380,1,0,C:\Users\Administrator\Documents\FWD_matlab\Voyager_fu\Voyager_Interstellar_Monthly\UniformLowPrecision_Monthly_Raw\V1_COHO1h_raw_2020-12.png,ok,
1,2021-01-01,2021-01-01,2021-02-01,Z:\SPART-WORK\Data\Voyager\voyager1\coho\1hr\l2\merged_mag_plasma\2021\01\voyager1_coho1hr_merged_mag_plasma_20210101_v01.cdf,744,49,0,3,535,15,4950,1,0,C:\Users\Administrator\Documents\FWD_matlab\Voyager_fu\Voyager_Interstellar_Monthly\UniformLowPrecision_Monthly_Raw\V1_COHO1h_raw_2021-01.png,ok,
1,2021-02-01,2021-02-01,2021-03-01,Z:\SPART-WORK\Data\Voyager\voyager1\coho\1hr\l2\merged_mag_plasma\2021\02\voyager1_coho1hr_merged_mag_plasma_20210201_v01.cdf,672,242,0,3,687,15,6750,1,0,C:\Users\Administrator\Documents\FWD_matlab\Voyager_fu\Voyager_Interstellar_Monthly\UniformLowPrecision_Monthly_Raw\V1_COHO1h_raw_2021-02.png,ok,
1,2021-03-01,2021-03-01,2021-04-01,Z:\SPART-WORK\Data\Voyager\voyager1\coho\1hr\l2\merged_mag_plasma\2021\03\voyager1_coho1hr_merged_mag_plasma_20210301_v01.cdf,744,237,0,3,686,15,6930,1,0,C:\Users\Administrator\Documents\FWD_matlab\Voyager_fu\Voyager_Interstellar_Monthly\UniformLowPrecision_Monthly_Raw\V1_COHO1h_raw_2021-03.png,ok,
1,2021-04-01,2021-04-01,2021-05-01,Z:\SPART-WORK\Data\Voyager\voyager1\coho\1hr\l2\merged_mag_plasma\2021\04\voyager1_coho1hr_merged_mag_plasma_20210401_v01.cdf,720,218,0,3,638,15,6030,1,0,C:\Users\Administrator\Documents\FWD_matlab\Voyager_fu\Voyager_Interstellar_Monthly\UniformLowPrecision_Monthly_Raw\V1_COHO1h_raw_2021-04.png,ok,
1,2021-05-01,2021-05-01,2021-06-01,Z:\SPART-WORK\Data\Voyager\voyager1\coho\1hr\l2\merged_mag_plasma\2021\05\voyager1_coho1hr_merged_mag_plasma_20210501_v01.cdf,744,300,0,3,733,15,7290,1,0,C:\Users\Administrator\Documents\FWD_matlab\Voyager_fu\Voyager_Interstellar_Monthly\UniformLowPrecision_Monthly_Raw\V1_COHO1h_raw_2021-05.png,ok,
1,2021-06-01,2021-06-01,2021-07-01,Z:\SPART-WORK\Data\Voyager\voyager1\coho\1hr\l2\merged_mag_plasma\2021\06\voyager1_coho1hr_merged_mag_plasma_20210601_v01.cdf,720,252,0,3,484,15,6300,1,0,C:\Users\Administrator\Documents\FWD_matlab\Voyager_fu\Voyager_Interstellar_Monthly\UniformLowPrecision_Monthly_Raw\V1_COHO1h_raw_2021-06.png,ok,
1,2021-07-01,2021-07-01,2021-08-01,Z:\SPART-WORK\Data\Voyager\voyager1\coho\1hr\l2\merged_mag_plasma\2021\07\voyager1_coho1hr_merged_mag_plasma_20210701_v01.cdf,744,256,0,3,503,15,6210,1,0,C:\Users\Administrator\Documents\FWD_matlab\Voyager_fu\Voyager_Interstellar_Monthly\UniformLowPrecision_Monthly_Raw\V1_COHO1h_raw_2021-07.png,ok,
1,2021-08-01,2021-08-01,2021-09-01,Z:\SPART-WORK\Data\Voyager\voyager1\coho\1hr\l2\merged_mag_plasma\2021\08\voyager1_coho1hr_merged_mag_plasma_20210801_v01.cdf,744,223,0,3,433,15,5850,1,0,C:\Users\Administrator\Documents\FWD_matlab\Voyager_fu\Voyager_Interstellar_Monthly\UniformLowPrecision_Monthly_Raw\V1_COHO1h_raw_2021-08.png,ok,
1,2021-09-01,2021-09-01,2021-10-01,Z:\SPART-WORK\Data\Voyager\voyager1\coho\1hr\l2\merged_mag_plasma\2021\09\voyager1_coho1hr_merged_mag_plasma_20210901_v01.cdf,720,227,0,3,438,15,6210,1,0,C:\Users\Administrator\Documents\FWD_matlab\Voyager_fu\Voyager_Interstellar_Monthly\UniformLowPrecision_Monthly_Raw\V1_COHO1h_raw_2021-09.png,ok,
1,2021-10-01,2021-10-01,2021-11-01,Z:\SPART-WORK\Data\Voyager\voyager1\coho\1hr\l2\merged_mag_plasma\2021\10\voyager1_coho1hr_merged_mag_plasma_20211001_v01.cdf,744,212,0,3,359,15,5670,1,0,C:\Users\Administrator\Documents\FWD_matlab\Voyager_fu\Voyager_Interstellar_Monthly\UniformLowPrecision_Monthly_Raw\V1_COHO1h_raw_2021-10.png,ok,
1,2021-11-01,2021-11-01,2021-12-01,Z:\SPART-WORK\Data\Voyager\voyager1\coho\1hr\l2\merged_mag_plasma\2021\11\voyager1_coho1hr_merged_mag_plasma_20211101_v01.cdf,720,198,0,3,268,15,5490,1,0,C:\Users\Administrator\Documents\FWD_matlab\Voyager_fu\Voyager_Interstellar_Monthly\UniformLowPrecision_Monthly_Raw\V1_COHO1h_raw_2021-11.png,ok,
1,2021-12-01,2021-12-01,2022-01-01,Z:\SPART-WORK\Data\Voyager\voyager1\coho\1hr\l2\merged_mag_plasma\2021\12\voyager1_coho1hr_merged_mag_plasma_20211201_v01.cdf,744,122,0,3,351,15,6300,1,0,C:\Users\Administrator\Documents\FWD_matlab\Voyager_fu\Voyager_Interstellar_Monthly\UniformLowPrecision_Monthly_Raw\V1_COHO1h_raw_2021-12.png,ok,
1,2022-01-01,2022-01-01,2022-02-01,Z:\SPART-WORK\Data\Voyager\voyager1\coho\1hr\l2\merged_mag_plasma\2022\01\voyager1_coho1hr_merged_mag_plasma_20220101_v01.cdf,744,196,0,3,298,15,4320,1,0,C:\Users\Administrator\Documents\FWD_matlab\Voyager_fu\Voyager_Interstellar_Monthly\UniformLowPrecision_Monthly_Raw\V1_COHO1h_raw_2022-01.png,ok,
1,2022-02-01,2022-02-01,2022-03-01,Z:\SPART-WORK\Data\Voyager\voyager1\coho\1hr\l2\merged_mag_plasma\2022\02\voyager1_coho1hr_merged_mag_plasma_20220201_v01.cdf,672,273,0,3,516,15,7380,1,0,C:\Users\Administrator\Documents\FWD_matlab\Voyager_fu\Voyager_Interstellar_Monthly\UniformLowPrecision_Monthly_Raw\V1_COHO1h_raw_2022-02.png,ok,
1,2022-03-01,2022-03-01,2022-04-01,Z:\SPART-WORK\Data\Voyager\voyager1\coho\1hr\l2\merged_mag_plasma\2022\03\voyager1_coho1hr_merged_mag_plasma_20220301_v01.cdf,744,285,0,3,542,15,7470,1,0,C:\Users\Administrator\Documents\FWD_matlab\Voyager_fu\Voyager_Interstellar_Monthly\UniformLowPrecision_Monthly_Raw\V1_COHO1h_raw_2022-03.png,ok,
1,2022-04-01,2022-04-01,2022-05-01,Z:\SPART-WORK\Data\Voyager\voyager1\coho\1hr\l2\merged_mag_plasma\2022\04\voyager1_coho1hr_merged_mag_plasma_20220401_v01.cdf,720,291,0,3,562,15,0,1,0,C:\Users\Administrator\Documents\FWD_matlab\Voyager_fu\Voyager_Interstellar_Monthly\UniformLowPrecision_Monthly_Raw\V1_COHO1h_raw_2022-04.png,ok,
1,2022-05-01,2022-05-01,2022-06-01,Z:\SPART-WORK\Data\Voyager\voyager1\coho\1hr\l2\merged_mag_plasma\2022\05\voyager1_coho1hr_merged_mag_plasma_20220501_v01.cdf,744,262,0,3,510,15,0,1,0,C:\Users\Administrator\Documents\FWD_matlab\Voyager_fu\Voyager_Interstellar_Monthly\UniformLowPrecision_Monthly_Raw\V1_COHO1h_raw_2022-05.png,ok,
1,2022-06-01,2022-06-01,2022-07-01,Z:\SPART-WORK\Data\Voyager\voyager1\coho\1hr\l2\merged_mag_plasma\2022\06\voyager1_coho1hr_merged_mag_plasma_20220601_v01.cdf,720,423,0,3,828,15,0,1,0,C:\Users\Administrator\Documents\FWD_matlab\Voyager_fu\Voyager_Interstellar_Monthly\UniformLowPrecision_Monthly_Raw\V1_COHO1h_raw_2022-06.png,ok,
1,2022-07-01,2022-07-01,2022-08-01,Z:\SPART-WORK\Data\Voyager\voyager1\coho\1hr\l2\merged_mag_plasma\2022\07\voyager1_coho1hr_merged_mag_plasma_20220701_v01.cdf,744,387,0,3,750,15,0,1,0,C:\Users\Administrator\Documents\FWD_matlab\Voyager_fu\Voyager_Interstellar_Monthly\UniformLowPrecision_Monthly_Raw\V1_COHO1h_raw_2022-07.png,ok,
1,2022-08-01,2022-08-01,2022-09-01,Z:\SPART-WORK\Data\Voyager\voyager1\coho\1hr\l2\merged_mag_plasma\2022\08\voyager1_coho1hr_merged_mag_plasma_20220801_v01.cdf,744,248,0,3,488,15,0,1,0,C:\Users\Administrator\Documents\FWD_matlab\Voyager_fu\Voyager_Interstellar_Monthly\UniformLowPrecision_Monthly_Raw\V1_COHO1h_raw_2022-08.png,ok,
1,2022-09-01,2022-09-01,2022-10-01,Z:\SPART-WORK\Data\Voyager\voyager1\coho\1hr\l2\merged_mag_plasma\2022\09\voyager1_coho1hr_merged_mag_plasma_20220901_v01.cdf,720,359,0,3,697,15,0,1,0,C:\Users\Administrator\Documents\FWD_matlab\Voyager_fu\Voyager_Interstellar_Monthly\UniformLowPrecision_Monthly_Raw\V1_COHO1h_raw_2022-09.png,ok,
1,2022-10-01,2022-10-01,2022-11-01,Z:\SPART-WORK\Data\Voyager\voyager1\coho\1hr\l2\merged_mag_plasma\2022\10\voyager1_coho1hr_merged_mag_plasma_20221001_v01.cdf,744,402,0,3,758,15,0,1,0,C:\Users\Administrator\Documents\FWD_matlab\Voyager_fu\Voyager_Interstellar_Monthly\UniformLowPrecision_Monthly_Raw\V1_COHO1h_raw_2022-10.png,ok,
1,2022-11-01,2022-11-01,2022-12-01,Z:\SPART-WORK\Data\Voyager\voyager1\coho\1hr\l2\merged_mag_plasma\2022\11\voyager1_coho1hr_merged_mag_plasma_20221101_v01.cdf,720,308,0,3,594,15,0,1,0,C:\Users\Administrator\Documents\FWD_matlab\Voyager_fu\Voyager_Interstellar_Monthly\UniformLowPrecision_Monthly_Raw\V1_COHO1h_raw_2022-11.png,ok,
1,2022-12-01,2022-12-01,2023-01-01,Z:\SPART-WORK\Data\Voyager\voyager1\coho\1hr\l2\merged_mag_plasma\2022\12\voyager1_coho1hr_merged_mag_plasma_20221201_v01.cdf,737,335,0,3,648,15,0,1,0,C:\Users\Administrator\Documents\FWD_matlab\Voyager_fu\Voyager_Interstellar_Monthly\UniformLowPrecision_Monthly_Raw\V1_COHO1h_raw_2022-12.png,ok,
1,2023-01-01,2023-01-01,2023-02-01,Z:\SPART-WORK\Data\Voyager\voyager1\coho\1hr\l2\merged_mag_plasma\2023\01\voyager1_coho1hr_merged_mag_plasma_20230101_v01.cdf,744,417,0,3,694,15,0,1,0,C:\Users\Administrator\Documents\FWD_matlab\Voyager_fu\Voyager_Interstellar_Monthly\UniformLowPrecision_Monthly_Raw\V1_COHO1h_raw_2023-01.png,ok,
1,2023-02-01,2023-02-01,2023-03-01,Z:\SPART-WORK\Data\Voyager\voyager1\coho\1hr\l2\merged_mag_plasma\2023\02\voyager1_coho1hr_merged_mag_plasma_20230201_v01.cdf,672,316,0,3,619,15,0,1,0,C:\Users\Administrator\Documents\FWD_matlab\Voyager_fu\Voyager_Interstellar_Monthly\UniformLowPrecision_Monthly_Raw\V1_COHO1h_raw_2023-02.png,ok,
1,2023-03-01,2023-03-01,2023-04-01,Z:\SPART-WORK\Data\Voyager\voyager1\coho\1hr\l2\merged_mag_plasma\2023\03\voyager1_coho1hr_merged_mag_plasma_20230301_v01.cdf,744,267,0,3,512,15,0,1,0,C:\Users\Administrator\Documents\FWD_matlab\Voyager_fu\Voyager_Interstellar_Monthly\UniformLowPrecision_Monthly_Raw\V1_COHO1h_raw_2023-03.png,ok,
1,2023-04-01,2023-04-01,2023-05-01,Z:\SPART-WORK\Data\Voyager\voyager1\coho\1hr\l2\merged_mag_plasma\2023\04\voyager1_coho1hr_merged_mag_plasma_20230401_v01.cdf,720,277,0,3,538,15,0,1,0,C:\Users\Administrator\Documents\FWD_matlab\Voyager_fu\Voyager_Interstellar_Monthly\UniformLowPrecision_Monthly_Raw\V1_COHO1h_raw_2023-04.png,ok,
1,2023-05-01,2023-05-01,2023-06-01,Z:\SPART-WORK\Data\Voyager\voyager1\coho\1hr\l2\merged_mag_plasma\2023\05\voyager1_coho1hr_merged_mag_plasma_20230501_v01.cdf,744,320,0,3,613,15,0,1,0,C:\Users\Administrator\Documents\FWD_matlab\Voyager_fu\Voyager_Interstellar_Monthly\UniformLowPrecision_Monthly_Raw\V1_COHO1h_raw_2023-05.png,ok,
1,2023-06-01,2023-06-01,2023-07-01,Z:\SPART-WORK\Data\Voyager\voyager1\coho\1hr\l2\merged_mag_plasma\2023\06\voyager1_coho1hr_merged_mag_plasma_20230601_v01.cdf,720,249,0,3,470,15,0,1,0,C:\Users\Administrator\Documents\FWD_matlab\Voyager_fu\Voyager_Interstellar_Monthly\UniformLowPrecision_Monthly_Raw\V1_COHO1h_raw_2023-06.png,ok,
1,2023-07-01,2023-07-01,2023-08-01,Z:\SPART-WORK\Data\Voyager\voyager1\coho\1hr\l2\merged_mag_plasma\2023\07\voyager1_coho1hr_merged_mag_plasma_20230701_v01.cdf,744,238,0,3,456,15,0,1,0,C:\Users\Administrator\Documents\FWD_matlab\Voyager_fu\Voyager_Interstellar_Monthly\UniformLowPrecision_Monthly_Raw\V1_COHO1h_raw_2023-07.png,ok,
1,2023-08-01,2023-08-01,2023-09-01,Z:\SPART-WORK\Data\Voyager\voyager1\coho\1hr\l2\merged_mag_plasma\2023\08\voyager1_coho1hr_merged_mag_plasma_20230801_v01.cdf,744,328,0,3,636,15,0,1,0,C:\Users\Administrator\Documents\FWD_matlab\Voyager_fu\Voyager_Interstellar_Monthly\UniformLowPrecision_Monthly_Raw\V1_COHO1h_raw_2023-08.png,ok,
1,2023-09-01,2023-09-01,2023-10-01,Z:\SPART-WORK\Data\Voyager\voyager1\coho\1hr\l2\merged_mag_plasma\2023\09\voyager1_coho1hr_merged_mag_plasma_20230901_v01.cdf,637,246,0,3,101,15,0,1,0,C:\Users\Administrator\Documents\FWD_matlab\Voyager_fu\Voyager_Interstellar_Monthly\UniformLowPrecision_Monthly_Raw\V1_COHO1h_raw_2023-09.png,ok,
1,2024-01-01,2024-01-01,2024-02-01,Z:\SPART-WORK\Data\Voyager\voyager1\coho\1hr\l2\merged_mag_plasma\2024\01\voyager1_coho1hr_merged_mag_plasma_20240101_v01.cdf,744,0,0,3,0,15,0,1,0,C:\Users\Administrator\Documents\FWD_matlab\Voyager_fu\Voyager_Interstellar_Monthly\UniformLowPrecision_Monthly_Raw\V1_COHO1h_raw_2024-01.png,ok,
1,2024-02-01,2024-02-01,2024-03-01,Z:\SPART-WORK\Data\Voyager\voyager1\coho\1hr\l2\merged_mag_plasma\2024\02\voyager1_coho1hr_merged_mag_plasma_20240201_v01.cdf,696,0,0,3,0,15,0,1,0,C:\Users\Administrator\Documents\FWD_matlab\Voyager_fu\Voyager_Interstellar_Monthly\UniformLowPrecision_Monthly_Raw\V1_COHO1h_raw_2024-02.png,ok,
1,2024-03-01,2024-03-01,2024-04-01,Z:\SPART-WORK\Data\Voyager\voyager1\coho\1hr\l2\merged_mag_plasma\2024\03\voyager1_coho1hr_merged_mag_plasma_20240301_v01.cdf,744,0,0,3,0,15,0,1,0,C:\Users\Administrator\Documents\FWD_matlab\Voyager_fu\Voyager_Interstellar_Monthly\UniformLowPrecision_Monthly_Raw\V1_COHO1h_raw_2024-03.png,ok,
1,2024-04-01,2024-04-01,2024-05-01,Z:\SPART-WORK\Data\Voyager\voyager1\coho\1hr\l2\merged_mag_plasma\2024\04\voyager1_coho1hr_merged_mag_plasma_20240401_v01.cdf,720,0,0,3,0,15,0,1,0,C:\Users\Administrator\Documents\FWD_matlab\Voyager_fu\Voyager_Interstellar_Monthly\UniformLowPrecision_Monthly_Raw\V1_COHO1h_raw_2024-04.png,ok,
1,2024-05-01,2024-05-01,2024-06-01,Z:\SPART-WORK\Data\Voyager\voyager1\coho\1hr\l2\merged_mag_plasma\2024\05\voyager1_coho1hr_merged_mag_plasma_20240501_v01.cdf,744,22,0,3,0,15,0,1,0,C:\Users\Administrator\Documents\FWD_matlab\Voyager_fu\Voyager_Interstellar_Monthly\UniformLowPrecision_Monthly_Raw\V1_COHO1h_raw_2024-05.png,ok,
1,2024-06-01,2024-06-01,2024-07-01,Z:\SPART-WORK\Data\Voyager\voyager1\coho\1hr\l2\merged_mag_plasma\2024\06\voyager1_coho1hr_merged_mag_plasma_20240601_v01.cdf,720,280,0,3,0,15,0,1,0,C:\Users\Administrator\Documents\FWD_matlab\Voyager_fu\Voyager_Interstellar_Monthly\UniformLowPrecision_Monthly_Raw\V1_COHO1h_raw_2024-06.png,ok,
1,2024-07-01,2024-07-01,2024-08-01,Z:\SPART-WORK\Data\Voyager\voyager1\coho\1hr\l2\merged_mag_plasma\2024\07\voyager1_coho1hr_merged_mag_plasma_20240701_v01.cdf,744,310,0,3,0,15,0,1,0,C:\Users\Administrator\Documents\FWD_matlab\Voyager_fu\Voyager_Interstellar_Monthly\UniformLowPrecision_Monthly_Raw\V1_COHO1h_raw_2024-07.png,ok,
1,2024-08-01,2024-08-01,2024-09-01,Z:\SPART-WORK\Data\Voyager\voyager1\coho\1hr\l2\merged_mag_plasma\2024\08\voyager1_coho1hr_merged_mag_plasma_20240801_v01.cdf,744,249,0,3,0,15,0,1,0,C:\Users\Administrator\Documents\FWD_matlab\Voyager_fu\Voyager_Interstellar_Monthly\UniformLowPrecision_Monthly_Raw\V1_COHO1h_raw_2024-08.png,ok,
1,2024-09-01,2024-09-01,2024-10-01,Z:\SPART-WORK\Data\Voyager\voyager1\coho\1hr\l2\merged_mag_plasma\2024\09\voyager1_coho1hr_merged_mag_plasma_20240901_v01.cdf,720,27,0,3,0,15,0,1,0,C:\Users\Administrator\Documents\FWD_matlab\Voyager_fu\Voyager_Interstellar_Monthly\UniformLowPrecision_Monthly_Raw\V1_COHO1h_raw_2024-09.png,ok,
1,2024-10-01,2024-10-01,2024-11-01,Z:\SPART-WORK\Data\Voyager\voyager1\coho\1hr\l2\merged_mag_plasma\2024\10\voyager1_coho1hr_merged_mag_plasma_20241001_v01.cdf,744,206,0,3,0,15,0,1,0,C:\Users\Administrator\Documents\FWD_matlab\Voyager_fu\Voyager_Interstellar_Monthly\UniformLowPrecision_Monthly_Raw\V1_COHO1h_raw_2024-10.png,ok,
1,2024-11-01,2024-11-01,2024-12-01,Z:\SPART-WORK\Data\Voyager\voyager1\coho\1hr\l2\merged_mag_plasma\2024\11\voyager1_coho1hr_merged_mag_plasma_20241101_v01.cdf,720,234,0,3,0,15,0,1,0,C:\Users\Administrator\Documents\FWD_matlab\Voyager_fu\Voyager_Interstellar_Monthly\UniformLowPrecision_Monthly_Raw\V1_COHO1h_raw_2024-11.png,ok,
1,2024-12-01,2024-12-01,2025-01-01,Z:\SPART-WORK\Data\Voyager\voyager1\coho\1hr\l2\merged_mag_plasma\2024\12\voyager1_coho1hr_merged_mag_plasma_20241201_v01.cdf,721,378,0,3,0,15,0,1,0,C:\Users\Administrator\Documents\FWD_matlab\Voyager_fu\Voyager_Interstellar_Monthly\UniformLowPrecision_Monthly_Raw\V1_COHO1h_raw_2024-12.png,ok,
1,2025-01-01,2025-01-01,2025-02-01,Z:\SPART-WORK\Data\Voyager\voyager1\coho\1hr\l2\merged_mag_plasma\2025\01\voyager1_coho1hr_merged_mag_plasma_20250101_v01.cdf,744,426,0,3,0,15,0,1,0,C:\Users\Administrator\Documents\FWD_matlab\Voyager_fu\Voyager_Interstellar_Monthly\UniformLowPrecision_Monthly_Raw\V1_COHO1h_raw_2025-01.png,ok,
1,2025-02-01,2025-02-01,2025-03-01,Z:\SPART-WORK\Data\Voyager\voyager1\coho\1hr\l2\merged_mag_plasma\2025\02\voyager1_coho1hr_merged_mag_plasma_20250201_v01.cdf,672,317,0,3,0,15,0,1,0,C:\Users\Administrator\Documents\FWD_matlab\Voyager_fu\Voyager_Interstellar_Monthly\UniformLowPrecision_Monthly_Raw\V1_COHO1h_raw_2025-02.png,ok,
1,2025-03-01,2025-03-01,2025-04-01,Z:\SPART-WORK\Data\Voyager\voyager1\coho\1hr\l2\merged_mag_plasma\2025\03\voyager1_coho1hr_merged_mag_plasma_20250301_v01.cdf,744,214,0,3,0,15,0,1,0,C:\Users\Administrator\Documents\FWD_matlab\Voyager_fu\Voyager_Interstellar_Monthly\UniformLowPrecision_Monthly_Raw\V1_COHO1h_raw_2025-03.png,ok,
1,2025-04-01,2025-04-01,2025-05-01,Z:\SPART-WORK\Data\Voyager\voyager1\coho\1hr\l2\merged_mag_plasma\2025\04\voyager1_coho1hr_merged_mag_plasma_20250401_v01.cdf,720,304,0,3,0,15,0,1,0,C:\Users\Administrator\Documents\FWD_matlab\Voyager_fu\Voyager_Interstellar_Monthly\UniformLowPrecision_Monthly_Raw\V1_COHO1h_raw_2025-04.png,ok,
1,2025-05-01,2025-05-01,2025-06-01,Z:\SPART-WORK\Data\Voyager\voyager1\coho\1hr\l2\merged_mag_plasma\2025\05\voyager1_coho1hr_merged_mag_plasma_20250501_v01.cdf,744,317,0,3,0,15,0,1,0,C:\Users\Administrator\Documents\FWD_matlab\Voyager_fu\Voyager_Interstellar_Monthly\UniformLowPrecision_Monthly_Raw\V1_COHO1h_raw_2025-05.png,ok,
1,2025-06-01,2025-06-01,2025-07-01,Z:\SPART-WORK\Data\Voyager\voyager1\coho\1hr\l2\merged_mag_plasma\2025\06\voyager1_coho1hr_merged_mag_plasma_20250601_v01.cdf,697,292,0,3,0,15,0,1,0,C:\Users\Administrator\Documents\FWD_matlab\Voyager_fu\Voyager_Interstellar_Monthly\UniformLowPrecision_Monthly_Raw\V1_COHO1h_raw_2025-06.png,ok,
2,2018-11-01,2018-11-05,2018-12-01,Z:\SPART-WORK\Data\Voyager\voyager2\coho\1hr\l2\merged_mag_plasma\2018\11\voyager2_coho1hr_merged_mag_plasma_20181101_v01.cdf,624,259,0,3,441,18,7236,1,0,C:\Users\Administrator\Documents\FWD_matlab\Voyager_fu\Voyager_Interstellar_Monthly\UniformLowPrecision_Monthly_Raw\V2_COHO1h_raw_2018-11.png,ok,
2,2018-12-01,2018-12-01,2019-01-01,Z:\SPART-WORK\Data\Voyager\voyager2\coho\1hr\l2\merged_mag_plasma\2018\12\voyager2_coho1hr_merged_mag_plasma_20181201_v01.cdf,744,409,0,3,582,18,10260,1,0,C:\Users\Administrator\Documents\FWD_matlab\Voyager_fu\Voyager_Interstellar_Monthly\UniformLowPrecision_Monthly_Raw\V2_COHO1h_raw_2018-12.png,ok,
2,2019-01-01,2019-01-01,2019-02-01,Z:\SPART-WORK\Data\Voyager\voyager2\coho\1hr\l2\merged_mag_plasma\2019\01\voyager2_coho1hr_merged_mag_plasma_20190101_v01.cdf,744,411,0,3,669,18,9612,1,0,C:\Users\Administrator\Documents\FWD_matlab\Voyager_fu\Voyager_Interstellar_Monthly\UniformLowPrecision_Monthly_Raw\V2_COHO1h_raw_2019-01.png,ok,
2,2019-02-01,2019-02-01,2019-03-01,Z:\SPART-WORK\Data\Voyager\voyager2\coho\1hr\l2\merged_mag_plasma\2019\02\voyager2_coho1hr_merged_mag_plasma_20190201_v01.cdf,672,296,0,3,462,18,9396,1,0,C:\Users\Administrator\Documents\FWD_matlab\Voyager_fu\Voyager_Interstellar_Monthly\UniformLowPrecision_Monthly_Raw\V2_COHO1h_raw_2019-02.png,ok,
2,2019-03-01,2019-03-01,2019-04-01,Z:\SPART-WORK\Data\Voyager\voyager2\coho\1hr\l2\merged_mag_plasma\2019\03\voyager2_coho1hr_merged_mag_plasma_20190301_v01.cdf,744,204,0,3,597,18,6804,1,0,C:\Users\Administrator\Documents\FWD_matlab\Voyager_fu\Voyager_Interstellar_Monthly\UniformLowPrecision_Monthly_Raw\V2_COHO1h_raw_2019-03.png,ok,
2,2019-04-01,2019-04-01,2019-05-01,Z:\SPART-WORK\Data\Voyager\voyager2\coho\1hr\l2\merged_mag_plasma\2019\04\voyager2_coho1hr_merged_mag_plasma_20190401_v01.cdf,720,189,0,3,542,18,5616,1,0,C:\Users\Administrator\Documents\FWD_matlab\Voyager_fu\Voyager_Interstellar_Monthly\UniformLowPrecision_Monthly_Raw\V2_COHO1h_raw_2019-04.png,ok,
2,2019-05-01,2019-05-01,2019-06-01,Z:\SPART-WORK\Data\Voyager\voyager2\coho\1hr\l2\merged_mag_plasma\2019\05\voyager2_coho1hr_merged_mag_plasma_20190501_v01.cdf,744,214,0,3,617,18,7452,1,0,C:\Users\Administrator\Documents\FWD_matlab\Voyager_fu\Voyager_Interstellar_Monthly\UniformLowPrecision_Monthly_Raw\V2_COHO1h_raw_2019-05.png,ok,
2,2019-06-01,2019-06-01,2019-07-01,Z:\SPART-WORK\Data\Voyager\voyager2\coho\1hr\l2\merged_mag_plasma\2019\06\voyager2_coho1hr_merged_mag_plasma_20190601_v01.cdf,720,211,0,3,616,18,3240,1,0,C:\Users\Administrator\Documents\FWD_matlab\Voyager_fu\Voyager_Interstellar_Monthly\UniformLowPrecision_Monthly_Raw\V2_COHO1h_raw_2019-06.png,ok,
2,2019-07-01,2019-07-01,2019-08-01,Z:\SPART-WORK\Data\Voyager\voyager2\coho\1hr\l2\merged_mag_plasma\2019\07\voyager2_coho1hr_merged_mag_plasma_20190701_v01.cdf,744,202,0,3,586,18,6372,1,0,C:\Users\Administrator\Documents\FWD_matlab\Voyager_fu\Voyager_Interstellar_Monthly\UniformLowPrecision_Monthly_Raw\V2_COHO1h_raw_2019-07.png,ok,
2,2019-08-01,2019-08-01,2019-09-01,Z:\SPART-WORK\Data\Voyager\voyager2\coho\1hr\l2\merged_mag_plasma\2019\08\voyager2_coho1hr_merged_mag_plasma_20190801_v01.cdf,744,191,0,3,550,18,5724,1,0,C:\Users\Administrator\Documents\FWD_matlab\Voyager_fu\Voyager_Interstellar_Monthly\UniformLowPrecision_Monthly_Raw\V2_COHO1h_raw_2019-08.png,ok,
2,2019-09-01,2019-09-01,2019-10-01,Z:\SPART-WORK\Data\Voyager\voyager2\coho\1hr\l2\merged_mag_plasma\2019\09\voyager2_coho1hr_merged_mag_plasma_20190901_v01.cdf,720,193,0,3,553,18,7128,1,0,C:\Users\Administrator\Documents\FWD_matlab\Voyager_fu\Voyager_Interstellar_Monthly\UniformLowPrecision_Monthly_Raw\V2_COHO1h_raw_2019-09.png,ok,
2,2019-10-01,2019-10-01,2019-11-01,Z:\SPART-WORK\Data\Voyager\voyager2\coho\1hr\l2\merged_mag_plasma\2019\10\voyager2_coho1hr_merged_mag_plasma_20191001_v01.cdf,744,162,0,3,470,18,5724,1,0,C:\Users\Administrator\Documents\FWD_matlab\Voyager_fu\Voyager_Interstellar_Monthly\UniformLowPrecision_Monthly_Raw\V2_COHO1h_raw_2019-10.png,ok,
2,2019-11-01,2019-11-01,2019-12-01,Z:\SPART-WORK\Data\Voyager\voyager2\coho\1hr\l2\merged_mag_plasma\2019\11\voyager2_coho1hr_merged_mag_plasma_20191101_v01.cdf,720,154,0,3,463,18,4968,1,0,C:\Users\Administrator\Documents\FWD_matlab\Voyager_fu\Voyager_Interstellar_Monthly\UniformLowPrecision_Monthly_Raw\V2_COHO1h_raw_2019-11.png,ok,
2,2019-12-01,2019-12-01,2020-01-01,Z:\SPART-WORK\Data\Voyager\voyager2\coho\1hr\l2\merged_mag_plasma\2019\12\voyager2_coho1hr_merged_mag_plasma_20191201_v01.cdf,744,165,0,3,479,18,6156,1,0,C:\Users\Administrator\Documents\FWD_matlab\Voyager_fu\Voyager_Interstellar_Monthly\UniformLowPrecision_Monthly_Raw\V2_COHO1h_raw_2019-12.png,ok,
2,2020-01-01,2020-01-01,2020-02-01,Z:\SPART-WORK\Data\Voyager\voyager2\coho\1hr\l2\merged_mag_plasma\2020\01\voyager2_coho1hr_merged_mag_plasma_20200101_v01.cdf,744,149,0,3,394,18,5616,1,0,C:\Users\Administrator\Documents\FWD_matlab\Voyager_fu\Voyager_Interstellar_Monthly\UniformLowPrecision_Monthly_Raw\V2_COHO1h_raw_2020-01.png,ok,
2,2020-02-01,2020-02-01,2020-03-01,Z:\SPART-WORK\Data\Voyager\voyager2\coho\1hr\l2\merged_mag_plasma\2020\02\voyager2_coho1hr_merged_mag_plasma_20200201_v01.cdf,696,406,0,3,1127,18,10692,1,0,C:\Users\Administrator\Documents\FWD_matlab\Voyager_fu\Voyager_Interstellar_Monthly\UniformLowPrecision_Monthly_Raw\V2_COHO1h_raw_2020-02.png,ok,
2,2020-03-01,2020-03-01,2020-04-01,Z:\SPART-WORK\Data\Voyager\voyager2\coho\1hr\l2\merged_mag_plasma\2020\03\voyager2_coho1hr_merged_mag_plasma_20200301_v01.cdf,744,248,0,3,717,18,8100,1,0,C:\Users\Administrator\Documents\FWD_matlab\Voyager_fu\Voyager_Interstellar_Monthly\UniformLowPrecision_Monthly_Raw\V2_COHO1h_raw_2020-03.png,ok,
2,2020-04-01,2020-04-01,2020-05-01,Z:\SPART-WORK\Data\Voyager\voyager2\coho\1hr\l2\merged_mag_plasma\2020\04\voyager2_coho1hr_merged_mag_plasma_20200401_v01.cdf,720,178,0,3,508,18,5724,1,0,C:\Users\Administrator\Documents\FWD_matlab\Voyager_fu\Voyager_Interstellar_Monthly\UniformLowPrecision_Monthly_Raw\V2_COHO1h_raw_2020-04.png,ok,
2,2020-05-01,2020-05-01,2020-06-01,Z:\SPART-WORK\Data\Voyager\voyager2\coho\1hr\l2\merged_mag_plasma\2020\05\voyager2_coho1hr_merged_mag_plasma_20200501_v01.cdf,744,215,0,3,625,18,6588,1,0,C:\Users\Administrator\Documents\FWD_matlab\Voyager_fu\Voyager_Interstellar_Monthly\UniformLowPrecision_Monthly_Raw\V2_COHO1h_raw_2020-05.png,ok,
2,2020-06-01,2020-06-01,2020-07-01,Z:\SPART-WORK\Data\Voyager\voyager2\coho\1hr\l2\merged_mag_plasma\2020\06\voyager2_coho1hr_merged_mag_plasma_20200601_v01.cdf,720,199,0,3,585,18,7344,1,0,C:\Users\Administrator\Documents\FWD_matlab\Voyager_fu\Voyager_Interstellar_Monthly\UniformLowPrecision_Monthly_Raw\V2_COHO1h_raw_2020-06.png,ok,
2,2020-07-01,2020-07-01,2020-08-01,Z:\SPART-WORK\Data\Voyager\voyager2\coho\1hr\l2\merged_mag_plasma\2020\07\voyager2_coho1hr_merged_mag_plasma_20200701_v01.cdf,744,210,0,3,609,18,6156,1,0,C:\Users\Administrator\Documents\FWD_matlab\Voyager_fu\Voyager_Interstellar_Monthly\UniformLowPrecision_Monthly_Raw\V2_COHO1h_raw_2020-07.png,ok,
2,2020-08-01,2020-08-01,2020-09-01,Z:\SPART-WORK\Data\Voyager\voyager2\coho\1hr\l2\merged_mag_plasma\2020\08\voyager2_coho1hr_merged_mag_plasma_20200801_v01.cdf,744,185,0,3,534,18,5940,1,0,C:\Users\Administrator\Documents\FWD_matlab\Voyager_fu\Voyager_Interstellar_Monthly\UniformLowPrecision_Monthly_Raw\V2_COHO1h_raw_2020-08.png,ok,
2,2020-09-01,2020-09-01,2020-10-01,Z:\SPART-WORK\Data\Voyager\voyager2\coho\1hr\l2\merged_mag_plasma\2020\09\voyager2_coho1hr_merged_mag_plasma_20200901_v01.cdf,720,207,0,3,601,18,6264,1,0,C:\Users\Administrator\Documents\FWD_matlab\Voyager_fu\Voyager_Interstellar_Monthly\UniformLowPrecision_Monthly_Raw\V2_COHO1h_raw_2020-09.png,ok,
2,2020-10-01,2020-10-01,2020-11-01,Z:\SPART-WORK\Data\Voyager\voyager2\coho\1hr\l2\merged_mag_plasma\2020\10\voyager2_coho1hr_merged_mag_plasma_20201001_v01.cdf,744,192,0,3,551,18,6048,1,0,C:\Users\Administrator\Documents\FWD_matlab\Voyager_fu\Voyager_Interstellar_Monthly\UniformLowPrecision_Monthly_Raw\V2_COHO1h_raw_2020-10.png,ok,
2,2020-11-01,2020-11-01,2020-12-01,Z:\SPART-WORK\Data\Voyager\voyager2\coho\1hr\l2\merged_mag_plasma\2020\11\voyager2_coho1hr_merged_mag_plasma_20201101_v01.cdf,720,160,0,3,457,18,4644,1,0,C:\Users\Administrator\Documents\FWD_matlab\Voyager_fu\Voyager_Interstellar_Monthly\UniformLowPrecision_Monthly_Raw\V2_COHO1h_raw_2020-11.png,ok,
2,2020-12-01,2020-12-01,2021-01-01,Z:\SPART-WORK\Data\Voyager\voyager2\coho\1hr\l2\merged_mag_plasma\2020\12\voyager2_coho1hr_merged_mag_plasma_20201201_v01.cdf,732,145,0,3,427,18,4752,1,0,C:\Users\Administrator\Documents\FWD_matlab\Voyager_fu\Voyager_Interstellar_Monthly\UniformLowPrecision_Monthly_Raw\V2_COHO1h_raw_2020-12.png,ok,
