2026-01-19T17:00:00.000000000Z,15.319018,87511.922607,109390.674835,34332.008045,87511.922607,114146.548095,10750.445350,0
2026-01-19T17:00:30.000000000Z,15.318896,87482.610071,109360.608887,34380.846257,87482.610071,114131.154908,10764.053363,0
2026-01-19T17:01:00.000000000Z,15.318772,87453.286908,109330.509252,34429.663670,87453.286908,114115.748417,10777.660084,0
2026-01-19T17:01:30.000000000Z,15.318648,87423.953116,109300.375987,34478.460098,87423.953116,114100.328616,10791.265512,0
2026-01-19T17:02:00.000000000Z,15.318524,87394.608729,109270.209174,34527.235339,87394.608729,114084.895518,10804.869626,0
2026-01-19T17:02:30.000000000Z,15.318399,87365.253716,109240.008851,34575.989216,87365.253716,114069.449101,10818.472438,0
2026-01-19T17:03:00.000000000Z,15.318273,87335.888016,109209.775047,34624.721561,87335.888016,114053.989332,10832.073970,0
2026-01-19T17:03:30.000000000Z,15.318147,87306.511675,109179.507848,34673.432169,87306.511675,114038.516228,10845.674199,0
2026-01-19T17:04:00.000000000Z,15.318020,87277.124689,109149.207312,34722.120854,87277.124689,114023.029782,10859.273122,0
2026-01-19T17:04:30.000000000Z,15.317892,87247.727142,109118.873550,34770.787399,87247.727142,114007.530032,10872.870698,0
2026-01-19T17:05:00.000000000Z,15.317764,87218.318858,109088.506520,34819.431677,87218.318858,113992.016884,10886.467002,0
2026-01-19T17:05:30.000000000Z,15.317636,87188.899920,109058.106334,34868.053471,87188.899920,113976.490376,10900.061993,0
2026-01-19T17:06:00.000000000Z,15.317506,87159.470325,109027.673051,34916.652595,87159.470325,113960.950502,10913.655668,0
2026-01-19T17:06:30.000000000Z,15.317376,87130.030118,108997.206760,34965.228847,87130.030118,113945.397278,10927.248005,0
2026-01-19T17:07:00.000000000Z,15.317246,87100.579241,108966.707490,35013.782060,87100.579241,113929.830671,10940.839024,0
2026-01-19T17:07:30.000000000Z,15.317115,87071.117659,108936.175283,35062.312057,87071.117659,113914.250658,10954.428739,0
2026-01-19T17:08:00.000000000Z,15.316983,87041.645408,108905.610224,35110.818641,87041.645408,113898.657254,10968.017128,0
2026-01-19T17:08:30.000000000Z,15.316851,87012.162486,108875.012376,35159.301625,87012.162486,113883.050451,10981.604190,0
2026-01-19T17:09:00.000000000Z,15.316718,86982.668976,108844.381851,35207.760796,86982.668976,113867.430287,10995.189882,0
2026-01-19T17:09:30.000000000Z,15.316584,86953.164701,108813.718593,35256.196077,86953.164701,113851.796669,11008.774280,0
2026-01-19T17:10:00.000000000Z,15.316450,86923.649746,108783.022749,35304.607152,86923.649746,113836.149633,11022.357344,0
2026-01-19T17:10:30.000000000Z,15.316316,86894.124106,108752.294366,35352.993888,86894.124106,113820.489173,11035.939070,0
2026-01-19T17:11:00.000000000Z,15.316180,86864.587821,108721.533530,35401.356087,86864.587821,113804.815303,11049.519439,0
2026-01-19T17:11:30.000000000Z,15.316044,86835.040853,108690.740287,35449.693575,86835.040853,113789.128000,11063.098461,0
2026-01-19T17:12:00.000000000Z,15.315908,86805.483144,108659.914667,35498.006186,86805.483144,113773.427231,11076.676160,0
2026-01-19T17:12:30.000000000Z,15.315771,86775.914741,108629.056763,35546.293720,86775.914741,113757.713012,11090.252511,0
2026-01-19T17:13:00.000000000Z,15.315633,86746.335637,108598.166640,35594.555994,86746.335637,113741.985338,11103.827513,0
2026-01-19T17:13:30.000000000Z,15.315494,86716.745921,108567.244412,35642.792796,86716.745921,113726.244244,11117.401123,0
2026-01-19T17:14:00.000000000Z,15.315355,86687.145412,108536.290045,35691.003999,86687.145412,113710.489639,11130.973417,0
2026-01-19T17:14:30.000000000Z,15.315216,86657.534194,108505.303653,35739.189392,86657.534194,113694.721559,11144.544355,0
2026-01-19T17:15:00.000000000Z,15.315076,86627.912266,108474.285302,35787.348792,86627.912266,113678.939997,11158.113932,0
2026-01-19T17:15:30.000000000Z,15.314935,86598.279711,108443.235111,35835.481987,86598.279711,113663.144991,11171.682108,0
2026-01-19T17:16:00.000000000Z,15.314793,86568.636352,108412.153041,35883.588852,86568.636352,113647.336448,11185.248958,0
2026-01-19T17:16:30.000000000Z,15.314651,86538.982272,108381.039212,35931.669175,86538.982272,113631.514403,11198.814441,0
2026-01-19T17:17:00.000000000Z,15.314508,86509.317469,108349.893690,35979.722776,86509.317469,113615.678851,11212.378555,0
2026-01-19T17:17:30.000000000Z,15.314365,86479.641940,108318.716542,36027.749471,86479.641940,113599.829785,11225.941296,0
2026-01-19T17:18:00.000000000Z,15.314221,86449.955769,108287.507887,36075.749052,86449.955769,113583.967243,11239.502623,0
2026-01-19T17:18:30.000000000Z,15.314076,86420.258706,108256.267626,36123.721417,86420.258706,113568.091074,11253.062651,0
2026-01-19T17:19:00.000000000Z,15.313931,86390.550911,108224.995944,36171.666330,86390.550911,113552.201373,11266.621297,0
2026-01-19T17:19:30.000000000Z,15.313785,86360.832384,108193.692915,36219.583610,86360.832384,113536.298139,11280.178556,0
2026-01-19T17:20:00.000000000Z,15.313639,86331.103200,108162.358660,36267.473051,86331.103200,113520.381412,11293.734391,0
2026-01-19T17:20:30.000000000Z,15.313492,86301.363240,108130.993162,36315.334509,86301.363240,113504.451109,11307.288853,0
2026-01-19T17:21:00.000000000Z,15.313344,86271.612517,108099.596498,36363.167850,86271.612517,113488.507247,11320.841931,0
2026-01-19T17:21:30.000000000Z,15.313196,86241.851031,108068.168760,36410.972790,86241.851031,113472.549808,11334.393622,0
2026-01-19T17:22:00.000000000Z,15.313047,86212.078810,108036.710031,36458.749191,86212.078810,113456.578813,11347.943909,0
2026-01-19T17:22:30.000000000Z,15.312897,86182.295933,108005.220426,36506.496847,86182.295933,113440.594294,11361.492753,0
2026-01-19T17:23:00.000000000Z,15.312747,86152.502150,107973.699847,36554.215658,86152.502150,113424.596098,11375.040268,3
2026-01-19T17:23:30.000000000Z,15.312596,86122.697559,107942.148432,36601.905410,86122.697559,113408.584276,11388.586402,3
2026-01-19T17:24:00.000000000Z,15.312445,86092.882262,107910.566341,36649.565893,86092.882262,113392.558903,11402.131101,3
2026-01-19T17:24:30.000000000Z,15.312293,86063.056208,107878.953593,36697.196938,86063.056208,113376.519923,11415.674385,3
2026-01-19T17:25:00.000000000Z,15.312140,86033.219453,107847.310318,36744.798355,86033.219453,113360.467383,11429.216228,3
2026-01-19T17:25:30.000000000Z,15.311987,86003.371825,107815.636460,36792.370011,86003.371825,113344.401165,11442.756700,3
2026-01-19T17:26:00.000000000Z,15.311833,85973.513440,107783.932178,36839.911696,85973.513440,113328.321338,11456.295748,3
2026-01-19T17:26:30.000000000Z,15.311678,85943.644300,107752.197550,36887.423229,85943.644300,113312.227901,11469.833365,3
2026-01-19T17:27:00.000000000Z,15.311523,85913.764480,107720.432691,36934.904407,85913.764480,113296.120884,11483.369514,3
2026-01-19T17:27:30.000000000Z,15.311367,85883.873825,107688.637590,36982.355101,85883.873825,113280.000209,11496.904260,0
2026-01-19T17:28:00.000000000Z,15.311210,85853.972350,107656.812311,37029.775130,85853.972350,113263.865860,11510.437597,0
2026-01-19T17:28:30.000000000Z,15.311053,85824.060100,107624.956971,37077.164296,85824.060100,113247.717868,11523.969494,0
2026-01-19T17:29:00.000000000Z,15.310895,85794.137024,107593.071588,37124.522438,85794.137024,113231.556177,11537.499975,0
2026-01-19T17:29:30.000000000Z,15.310737,85764.203235,107561.156351,37171.849348,85764.203235,113215.380885,11551.028982,0
2026-01-19T17:30:00.000000000Z,15.310578,85734.258521,107529.211162,37219.144909,85734.258521,113199.191831,11564.556610,0
2026-01-19T17:30:30.000000000Z,15.310418,85704.303018,107497.236206,37266.408903,85704.303018,113182.989108,11578.082788,0
2026-01-19T17:31:00.000000000Z,15.310258,85674.336710,107465.231545,37313.641158,85674.336710,113166.772696,11591.607523,0
2026-01-19T17:31:30.000000000Z,15.310097,85644.359677,107433.197303,37360.841475,85644.359677,113150.542633,11605.130777,0
2026-01-19T17:32:00.000000000Z,15.309935,85614.371786,107401.133469,37408.009773,85614.371786,113134.298854,11618.652607,0
2026-01-19T17:32:30.000000000Z,15.309773,85584.373082,107369.040174,37455.145755,85584.373082,113118.041369,11632.172983,0
2026-01-19T17:33:00.000000000Z,15.309610,85554.363456,107336.917391,37502.249316,85554.363456,113101.770092,11645.691945,0
2026-01-19T17:33:30.000000000Z,15.309447,85524.343153,107304.765385,37549.320237,85524.343153,113085.485191,11659.209400,0
2026-01-19T17:34:00.000000000Z,15.309282,85494.311997,107272.584103,37596.358373,85494.311997,113069.186539,11672.725407,0
2026-01-19T17:34:30.000000000Z,15.309118,85464.269992,107240.373636,37643.363558,85464.269992,113052.874147,11686.239967,0
2026-01-19T17:35:00.000000000Z,15.308952,85434.217106,107208.134028,37690.335614,85434.217106,113036.547976,11699.753080,0
2026-01-19T17:35:30.000000000Z,15.308786,85404.153327,107175.865352,37737.274365,85404.153327,113020.208014,11713.264744,0
2026-01-19T17:36:00.000000000Z,15.308619,85374.078817,107143.567795,37784.179602,85374.078817,113003.854353,11726.774897,0
2026-01-19T17:36:30.000000000Z,15.308452,85343.993379,107111.241320,37831.051206,85343.993379,112987.486888,11740.283613,0
2026-01-19T17:37:00.000000000Z,15.308284,85313.897045,107078.886013,37877.888985,85313.897045,112971.105615,11753.790872,0
2026-01-19T17:37:30.000000000Z,15.308115,85283.789918,107046.502032,37924.692762,85283.789918,112954.710606,11767.296646,0
2026-01-19T17:38:00.000000000Z,15.307946,85253.672050,107014.089489,37971.462326,85253.672050,112938.301876,11780.800890,0
2026-01-19T17:38:30.000000000Z,15.307776,85223.543238,106981.648333,38018.197570,85223.543238,112921.879310,11794.303694,0
2026-01-19T17:39:00.000000000Z,15.307605,85193.403583,106949.178710,38064.898292,85193.403583,112905.442958,11807.805010,0
2026-01-19T17:39:30.000000000Z,15.307434,85163.253080,106916.680695,38111.564323,85163.253080,112888.992811,11821.304840,0
2026-01-19T17:40:00.000000000Z,15.307262,85133.091677,106884.154331,38158.195496,85133.091677,112872.528828,11834.803193,0
2026-01-19T17:40:30.000000000Z,15.307090,85102.919467,106851.599758,38204.791605,85102.919467,112856.051052,11848.300021,0
2026-01-19T17:41:00.000000000Z,15.306916,85072.736286,106819.016955,38251.352536,85072.736286,112839.559393,11861.795399,0
2026-01-19T17:41:30.000000000Z,15.306743,85042.542381,106786.406161,38297.878086,85042.542381,112823.053990,11875.289255,0
2026-01-19T17:42:00.000000000Z,15.306568,85012.337927,106753.767589,38344.368075,85012.337927,112806.534965,11888.781546,0
2026-01-19T17:42:30.000000000Z,15.306393,84982.122341,106721.100925,38390.822340,84982.122341,112790.001928,11902.272372,0
2026-01-19T17:43:00.000000000Z,15.306217,84951.895903,106688.406394,38437.240725,84951.895903,112773.455017,11915.761708,0
2026-01-19T17:43:30.000000000Z,15.306041,84921.658774,106655.684252,38483.623099,84921.658774,112756.894408,11929.249495,0
2026-01-19T17:44:00.000000000Z,15.305864,84891.410374,106622.934270,38529.969198,84891.410374,112740.319761,11942.735817,0
2026-01-19T17:44:30.000000000Z,15.305686,84861.151363,106590.156772,38576.278908,84861.151363,112723.731324,11956.220616,0
2026-01-19T17:45:00.000000000Z,15.305508,84830.881141,106557.351619,38622.552024,84830.881141,112707.128867,11969.703908,0
2026-01-19T17:45:30.000000000Z,15.305329,84800.600240,106524.519105,38668.788433,84800.600240,112690.512600,11983.185692,0
2026-01-19T17:46:00.000000000Z,15.305149,84770.308487,106491.659334,38714.987926,84770.308487,112673.882531,11996.665922,0
2026-01-19T17:46:30.000000000Z,15.304969,84740.006323,106458.772553,38761.150341,84740.006323,112657.238813,12010.144560,0
2026-01-19T17:47:00.000000000Z,15.304788,84709.692812,106425.858029,38807.275564,84709.692812,112640.580661,12023.621855,0
2026-01-19T17:47:30.000000000Z,15.304606,84679.368554,106392.916649,38853.363346,84679.368554,112623.908827,12037.097529,0
2026-01-19T17:48:00.000000000Z,15.304424,84649.033515,106359.948361,38899.413558,84649.033515,112607.223185,12050.571650,0
2026-01-19T17:48:30.000000000Z,15.304241,84618.686846,106326.952943,38945.426005,84618.686846,112590.523424,12064.044264,0
2026-01-19T17:49:00.000000000Z,15.304057,84588.329652,106293.930755,38991.400556,84588.329652,112573.809814,12077.515334,0
2026-01-19T17:49:30.000000000Z,15.303873,84557.961255,106260.881803,39037.336983,84557.961255,112557.082257,12090.984819,0
2026-01-19T17:50:00.000000000Z,15.303688,84527.582110,106227.805917,39083.235247,84527.582110,112540.340533,12104.452899,0
2026-01-19T17:50:30.000000000Z,15.303503,84497.191952,106194.703590,39129.095066,84497.191952,112523.585001,12117.919362,0
2026-01-19T17:51:00.000000000Z,15.303317,84466.791062,106161.574759,39174.916322,84466.791062,112506.815525,12131.384287,0
2026-01-19T17:51:30.000000000Z,15.303130,84436.379033,106128.419110,39220.698873,84436.379033,112490.031714,12144.847791,0
2026-01-19T17:52:00.000000000Z,15.302943,84405.956112,106095.237279,39266.442496,84405.956112,112473.234084,12158.309682,0
2026-01-19T17:52:30.000000000Z,15.302755,84375.522159,106062.029237,39312.147041,84375.522159,112456.422520,12171.769999,0
2026-01-19T17:53:00.000000000Z,15.302566,84345.077062,106028.795131,39357.812316,84345.077062,112439.597068,12185.228697,0
2026-01-19T17:53:30.000000000Z,15.302376,84314.621093,105995.534914,39403.438198,84314.621093,112422.757604,12198.685848,0
2026-01-19T17:54:00.000000000Z,15.302186,84284.154336,105962.248926,39449.024462,84284.154336,112405.904350,12212.141328,0
2026-01-19T17:54:30.000000000Z,15.301996,84253.676349,105928.936447,39494.571145,84253.676349,112389.036574,12225.595473,0
2026-01-19T17:55:00.000000000Z,15.301804,84223.187594,105895.598461,39540.077844,84223.187594,112372.155070,12239.047933,0
2026-01-19T17:55:30.000000000Z,15.301612,84192.687699,105862.234544,39585.544506,84192.687699,112355.259367,12252.498887,0
2026-01-19T17:56:00.000000000Z,15.301420,84162.176980,105828.845170,39630.970910,84162.176980,112338.349822,12265.948180,0
2026-01-19T17:56:30.000000000Z,15.301227,84131.655098,105795.429941,39676.356966,84131.655098,112321.425972,12279.395999,0
2026-01-19T17:57:00.000000000Z,15.301033,84101.122377,105761.989511,39721.702447,84101.122377,112304.488346,12292.842139,0
2026-01-19T17:57:30.000000000Z,15.300838,84070.578658,105728.523651,39767.007224,84070.578658,112287.536638,12306.286709,0
2026-01-19T17:58:00.000000000Z,15.300643,84040.023962,105695.032488,39812.271128,84040.023962,112270.570879,12319.729688,0
2026-01-19T17:58:30.000000000Z,15.300447,84009.458485,105661.516276,39857.493959,84009.458485,112253.591211,12333.170996,0
2026-01-19T17:59:00.000000000Z,15.300251,83978.881607,105627.974480,39902.675669,83978.881607,112236.597052,12346.610896,0
2026-01-19T17:59:30.000000000Z,15.300053,83948.293848,105594.407785,39947.816006,83948.293848,112219.588950,12360.049148,0
2026-01-19T18:00:00.000000000Z,15.299856,83917.694991,105560.815993,39992.914843,83917.694991,112202.566631,12373.485854,0
2026-01-19T18:00:30.000000000Z,15.299657,83887.085386,105527.199607,40037.971951,83887.085386,112185.530471,12386.920840,0
2026-01-19T18:01:00.000000000Z,15.299458,83856.464584,105493.558276,40082.987259,83856.464584,112168.480058,12400.354301,0
2026-01-19T18:01:30.000000000Z,15.299258,83825.832894,105459.892373,40127.960555,83825.832894,112151.415649,12413.786113,0
2026-01-19T18:02:00.000000000Z,15.299058,83795.190094,105426.201762,40172.891706,83795.190094,112134.337023,12427.216357,0
2026-01-19T18:02:30.000000000Z,15.298857,83764.536351,105392.486708,40217.780531,83764.536351,112117.244340,12440.644963,0
2026-01-19T18:03:00.000000000Z,15.298655,83733.871782,105358.747392,40262.626842,83733.871782,112100.137671,12454.071877,0
2026-01-19T18:03:30.000000000Z,15.298453,83703.195893,105324.983392,40307.430578,83703.195893,112083.016541,12467.497324,0
2026-01-19T18:04:00.000000000Z,15.298250,83672.509011,105291.195218,40352.191512,83672.509011,112065.881330,12480.921125,0
2026-01-19T18:04:30.000000000Z,15.298046,83641.811032,105257.382779,40396.909507,83641.811032,112048.731861,12494.343345,0
2026-01-19T18:05:00.000000000Z,15.297842,83611.102192,105223.546497,40441.584355,83611.102192,112031.568435,12507.763850,0
2026-01-19T18:05:30.000000000Z,15.297637,83580.382310,105189.686236,40486.215936,83580.382310,112014.390836,12521.182732,0
2026-01-19T18:06:00.000000000Z,15.297432,83549.651351,105155.802048,40530.804152,83549.651351,111997.199038,12534.600001,0
2026-01-19T18:06:30.000000000Z,15.297225,83518.909351,105121.894087,40575.348736,83518.909351,111979.993056,12548.015638,0
2026-01-19T18:07:00.000000000Z,15.297019,83488.156309,105087.962424,40619.849581,83488.156309,111962.772884,12561.429640,0
2026-01-19T18:07:30.000000000Z,15.296811,83457.392309,105054.007210,40664.306503,83457.392309,111945.538561,12574.841965,0
2026-01-19T18:08:00.000000000Z,15.296603,83426.617170,105020.028422,40708.719398,83426.617170,111928.289985,12588.252688,0
2026-01-19T18:08:30.000000000Z,15.296394,83395.830977,104986.026208,40753.088084,83395.830977,111911.027196,12601.661767,0
2026-01-19T18:09:00.000000000Z,15.296185,83365.033727,104952.000662,40797.412405,83365.033727,111893.750187,12615.069199,0
2026-01-19T18:09:30.000000000Z,15.295975,83334.225458,104917.951900,40841.692194,83334.225458,111876.458973,12628.474965,0
2026-01-19T18:10:00.000000000Z,15.295764,83303.406135,104883.879995,40885.927306,83303.406135,111859.153528,12641.879075,0
2026-01-19T18:10:30.000000000Z,15.295553,83272.575694,104849.785004,40930.117602,83272.575694,111841.833815,12655.281551,0
2026-01-19T18:11:00.000000000Z,15.295341,83241.734183,104815.667050,40974.262912,83241.734183,111824.499853,12668.682369,0
2026-01-19T18:11:30.000000000Z,15.295128,83210.881599,104781.526228,41018.363083,83210.881599,111807.151635,12682.081526,0
2026-01-19T18:12:00.000000000Z,15.294915,83180.018028,104747.362686,41062.417936,83180.018028,111789.789202,12695.478980,0
2026-01-19T18:12:30.000000000Z,15.294701,83149.143287,104713.176404,41106.427367,83149.143287,111772.412449,12708.874807,0
2026-01-19T18:13:00.000000000Z,15.294487,83118.257461,104678.967534,41150.391198,83118.257461,111755.021418,12722.268965,0
2026-01-19T18:13:30.000000000Z,15.294271,83087.360548,104644.736169,41194.309276,83087.360548,111737.616102,12735.661450,0
2026-01-19T18:14:00.000000000Z,15.294056,83056.452594,104610.482434,41238.181434,83056.452594,111720.196518,12749.052239,0
2026-01-19T18:14:30.000000000Z,15.293839,83025.533552,104576.206305,41282.007581,83025.533552,111702.762562,12762.441419,0
2026-01-19T18:15:00.000000000Z,15.293622,82994.603372,104541.907937,41325.787529,82994.603372,111685.314276,12775.828936,0
2026-01-19T18:15:30.000000000Z,15.293405,82963.662135,104507.587257,41369.521224,82963.662135,111667.851516,12789.214925,0
2026-01-19T18:16:00.000000000Z,15.293186,82932.709768,104473.244694,41413.208328,82932.709768,111650.374548,12802.599118,0
2026-01-19T18:16:30.000000000Z,15.292967,82901.746426,104438.880123,41456.848822,82901.746426,111632.883188,12815.981694,0
2026-01-19T18:17:00.000000000Z,15.292748,82870.771859,104404.493752,41500.442510,82870.771859,111615.377530,12829.362531,0
2026-01-19T18:17:30.000000000Z,15.292527,82839.786162,104370.085724,41543.989149,82839.786162,111597.857578,12842.741622,0
2026-01-19T18:18:00.000000000Z,15.292307,82808.789372,104335.655998,41587.488706,82808.789372,111580.323230,12856.119063,0
2026-01-19T18:18:30.000000000Z,15.292085,82777.781552,104301.204657,41630.941045,82777.781552,111562.774468,12869.494869,0
2026-01-19T18:19:00.000000000Z,15.291863,82746.762719,104266.732216,41674.345855,82746.762719,111545.211648,12882.868772,0
2026-01-19T18:19:30.000000000Z,15.291640,82715.732497,104232.238185,41717.703119,82715.732497,111527.634232,12896.241049,0
2026-01-19T18:20:00.000000000Z,15.291417,82684.691265,104197.722730,41761.012796,82684.691265,111510.042308,12909.611783,0
2026-01-19T18:20:30.000000000Z,15.291193,82653.638824,104163.186240,41804.274518,82653.638824,111492.436092,12922.980685,0
2026-01-19T18:21:00.000000000Z,15.290968,82622.575385,104128.628575,41847.488298,82622.575385,111474.815394,12936.347967,0
2026-01-19T18:21:30.000000000Z,15.290743,82591.500766,104094.050094,41890.653867,82591.500766,111457.180424,12949.713443,0
2026-01-19T18:22:00.000000000Z,15.290517,82560.414914,104059.450749,41933.771087,82560.414914,111439.531040,12963.077157,0
2026-01-19T18:22:30.000000000Z,15.290290,82529.317973,104024.830591,41976.839891,82529.317973,111421.867210,12976.439196,0
2026-01-19T18:23:00.000000000Z,15.290063,82498.210028,103990.189698,42019.860141,82498.210028,111404.188911,12989.799569,0
2026-01-19T18:23:30.000000000Z,15.289836,82467.090918,103955.528677,42062.831472,82467.090918,111386.496568,13003.157930,0
2026-01-19T18:24:00.000000000Z,15.289607,82435.960393,103920.846931,42105.753911,82435.960393,111368.789552,13016.514628,0
2026-01-19T18:24:30.000000000Z,15.289378,82404.818813,103886.144904,42148.627304,82404.818813,111351.068185,13029.869559,0
2026-01-19T18:25:00.000000000Z,15.289149,82373.666007,103851.422533,42191.451510,82373.666007,111333.332306,13043.222768,0
2026-01-19T18:25:30.000000000Z,15.288918,82342.502120,103816.680028,42234.226357,82342.502120,111315.582010,13056.574197,0
2026-01-19T18:26:00.000000000Z,15.288687,82311.326944,103781.917348,42276.951749,82311.326944,111297.817167,13069.923927,0
2026-01-19T18:26:30.000000000Z,15.288456,82280.140570,103747.134659,42319.627516,82280.140570,111280.037828,13083.271915,0
2026-01-19T18:27:00.000000000Z,15.288224,82248.943066,103712.332123,42362.253512,82248.943066,111262.244047,13096.618138,0
2026-01-19T18:27:30.000000000Z,15.287991,82217.734471,103677.509868,42404.829579,82217.734471,111244.435841,13109.962572,0
2026-01-19T18:28:00.000000000Z,15.287758,82186.514581,103642.667814,42447.355594,82186.514581,111226.613033,13123.305283,0
2026-01-19T18:28:30.000000000Z,15.287524,82155.283467,103607.806125,42489.831462,82155.283467,111208.775701,13136.646248,0
2026-01-19T18:29:00.000000000Z,15.287289,82124.041229,103572.925026,42532.256938,82124.041229,111190.923918,13149.985430,0
2026-01-19T18:29:30.000000000Z,15.287054,82092.787748,103538.024484,42574.631926,82092.787748,111173.057568,13163.322860,0
2026-01-19T18:30:00.000000000Z,15.286818,82061.523190,103503.104735,42616.956258,82061.523190,111155.176766,13176.658472,0
2026-01-19T18:30:30.000000000Z,15.286582,82030.247210,103468.165604,42659.229843,82030.247210,111137.281256,13189.992387,0
2026-01-19T18:31:00.000000000Z,15.286345,81998.960069,103433.207418,42701.452511,81998.960069,111119.371241,13203.324515,0
2026-01-19T18:31:30.000000000Z,15.286107,81967.661693,103398.230207,42743.624123,81967.661693,111101.446647,13216.654872,0
2026-01-19T18:32:00.000000000Z,15.285869,81936.352242,103363.234225,42785.744522,81936.352242,111083.507610,13229.983400,0
2026-01-19T18:32:30.000000000Z,15.285630,81905.031452,103328.219313,42827.813582,81905.031452,111065.553877,13243.310182,0
2026-01-19T18:33:00.000000000Z,15.285391,81873.699435,103293.185720,42869.831173,81873.699435,111047.585587,13256.635182,0
2026-01-19T18:33:30.000000000Z,15.285151,81842.356211,103258.133546,42911.797142,81842.356211,111029.602727,13269.958388,0
2026-01-19T18:34:00.000000000Z,15.284910,81811.001784,103223.062904,42953.711346,81811.001784,111011.605302,13283.279790,0
2026-01-19T18:34:30.000000000Z,15.284669,81779.636190,103187.973892,42995.573629,81779.636190,110993.593296,13296.599369,0
2026-01-19T18:35:00.000000000Z,15.284427,81748.259319,103152.866579,43037.383891,81748.259319,110975.566683,13309.917170,0
2026-01-19T18:35:30.000000000Z,15.284184,81716.871162,103117.741023,43079.141974,81716.871162,110957.525407,13323.233184,0
2026-01-19T18:36:00.000000000Z,15.283941,81685.471741,103082.597353,43120.847738,81685.471741,110939.469488,13336.547398,0
2026-01-19T18:36:30.000000000Z,15.283698,81654.061164,103047.435763,43162.501031,81654.061164,110921.399002,13349.859772,0
2026-01-19T18:37:00.000000000Z,15.283453,81622.639267,103012.256211,43204.101732,81622.639267,110903.313811,13363.170357,0
2026-01-19T18:37:30.000000000Z,15.283209,81591.206143,102977.058919,43245.649707,81591.206143,110885.214021,13376.479122,0
2026-01-19T18:38:00.000000000Z,15.282963,81559.761714,102941.843884,43287.144812,81559.761714,110867.099524,13389.786086,0
2026-01-19T18:38:30.000000000Z,15.282717,81528.306098,102906.611346,43328.586906,81528.306098,110848.970442,13403.091205,0
2026-01-19T18:39:00.000000000Z,15.282471,81496.839238,102871.361303,43369.975833,81496.839238,110830.826665,13416.394486,0
2026-01-19T18:39:30.000000000Z,15.282223,81465.361032,102836.093812,43411.311548,81465.361032,110812.668169,13429.695977,0
2026-01-19T18:40:00.000000000Z,15.281976,81433.871565,102800.809080,43452.593795,81433.871565,110794.495006,13442.995630,0
2026-01-19T18:40:30.000000000Z,15.281727,81402.370845,102765.507195,43493.822488,81402.370845,110776.307171,13456.293443,0
2026-01-19T18:41:00.000000000Z,15.281478,81370.858869,102730.188237,43534.997483,81370.858869,110758.104634,13469.589411,0
2026-01-19T18:41:30.000000000Z,15.281229,81339.335610,102694.852299,43576.118651,81339.335610,110739.887379,13482.883541,0
2026-01-19T18:42:00.000000000Z,15.280978,81307.801043,102659.499501,43617.185868,81307.801043,110721.655418,13496.175836,0
2026-01-19T18:42:30.000000000Z,15.280728,81276.255171,102624.129911,43658.198992,81276.255171,110703.408709,13509.466294,0
2026-01-19T18:43:00.000000000Z,15.280476,81244.697997,102588.743638,43699.157891,81244.697997,110685.147247,13522.754913,0
2026-01-19T18:43:30.000000000Z,15.280224,81213.129630,102553.340886,43740.062400,81213.129630,110666.871116,13536.041633,0
2026-01-19T18:44:00.000000000Z,15.279972,81181.549851,102517.921584,43780.912441,81181.549851,110648.580154,13549.326550,0
2026-01-19T18:44:30.000000000Z,15.279719,81149.958794,102482.485980,43821.707844,81149.958794,110630.274483,13562.609589,0
2026-01-19T18:45:00.000000000Z,15.279465,81118.356426,102447.034103,43862.448490,81118.356426,110611.954027,13575.890777,0
2026-01-19T18:45:30.000000000Z,15.279211,81086.742821,102411.566138,43903.134214,81086.742821,110593.618847,13589.170060,0
2026-01-19T18:46:00.000000000Z,15.278956,81055.117809,102376.082061,43943.764936,81055.117809,110575.268828,13602.447520,0
2026-01-19T18:46:30.000000000Z,15.278701,81023.481506,102340.582058,43984.340501,81023.481506,110556.904034,13615.723109,0
2026-01-19T18:47:00.000000000Z,15.278445,80991.833858,102305.066208,44024.860772,80991.833858,110538.524431,13628.996825,0
2026-01-19T18:47:30.000000000Z,15.278189,80960.174891,102269.534613,44065.325627,80960.174891,110520.130012,13642.268674,0
2026-01-19T18:48:00.000000000Z,15.277931,80928.504684,102233.987464,44105.734903,80928.504684,110501.720845,13655.538598,0
2026-01-19T18:48:30.000000000Z,15.277674,80896.823052,102198.424724,44146.088519,80896.823052,110483.296798,13668.806681,0
2026-01-19T18:49:00.000000000Z,15.277416,80865.130081,102162.846575,44186.386318,80865.130081,110464.857932,13682.072873,0
2026-01-19T18:49:30.000000000Z,15.277157,80833.425777,102127.253102,44226.628177,80833.425777,110446.404222,13695.337183,0
2026-01-19T18:50:00.000000000Z,15.276898,80801.710165,102091.644463,44266.813945,80801.710165,110427.935703,13708.599572,0
2026-01-19T18:50:30.000000000Z,15.276638,80769.983201,102056.020708,44306.943515,80769.983201,110409.452325,13721.860072,0
2026-01-19T18:51:00.000000000Z,15.276377,80738.244870,102020.381906,44347.016814,80738.244870,110390.954063,13735.118698,0
2026-01-19T18:51:30.000000000Z,15.276116,80706.495162,101984.728227,44387.033604,80706.495162,110372.440931,13748.375417,0
2026-01-19T18:52:00.000000000Z,15.275855,80674.734108,101949.059759,44426.993809,80674.734108,110353.912926,13761.630234,0
2026-01-19T18:52:30.000000000Z,15.275593,80642.961778,101913.376665,44466.897275,80642.961778,110335.370085,13774.883105,0
2026-01-19T18:53:00.000000000Z,15.275330,80611.177989,101877.678930,44506.743919,80611.177989,110316.812301,13788.134102,0
2026-01-19T18:53:30.000000000Z,15.275067,80579.382831,101841.966720,44546.533593,80579.382831,110298.239617,13801.383185,0
2026-01-19T18:54:00.000000000Z,15.274803,80547.576300,101806.240140,44586.266170,80547.576300,110279.652024,13814.630352,0
2026-01-19T18:54:30.000000000Z,15.274539,80515.758436,101770.499323,44625.941513,80515.758436,110261.049539,13827.875581,0
2026-01-19T18:55:00.000000000Z,15.274274,80483.929201,101734.744353,44665.559505,80483.929201,110242.432133,13841.118882,0
2026-01-19T18:55:30.000000000Z,15.274008,80452.088531,101698.975297,44705.120032,80452.088531,110223.799766,13854.360278,0
2026-01-19T18:56:00.000000000Z,15.273743,80420.237008,101663.192657,44744.622993,80420.237008,110205.152817,13867.599673,0
2026-01-19T18:56:30.000000000Z,15.273476,80388.373956,101627.396083,44784.068219,80388.373956,110186.490827,13880.837153,0
2026-01-19T18:57:00.000000000Z,15.273209,80356.499640,101591.585860,44823.455575,80356.499640,110167.813958,13894.072652,0
2026-01-19T18:57:30.000000000Z,15.272941,80324.614296,101555.762266,44862.785005,80324.614296,110149.122386,13907.306186,0
2026-01-19T18:58:00.000000000Z,15.272673,80292.716847,101519.924667,44902.056293,80292.716847,110130.415367,13920.537873,0
2026-01-19T18:58:30.000000000Z,15.272405,80260.808572,101484.074051,44941.269391,80260.808572,110111.693761,13933.767532,0
2026-01-19T18:59:00.000000000Z,15.272136,80228.888584,101448.209914,44980.424111,80228.888584,110092.956954,13946.995270,0
2026-01-19T18:59:30.000000000Z,15.271866,80196.956446,101412.332060,45019.520321,80196.956446,110074.204648,13960.221164,0
2026-01-19T19:00:00.000000000Z,15.271596,80165.013707,101376.441680,45058.557997,80165.013707,110055.437901,13973.444994,0
2026-01-19T19:00:30.000000000Z,15.271325,80133.059905,101340.538546,45097.536984,80133.059905,110036.656374,13986.666822,0
2026-01-19T19:01:00.000000000Z,15.271054,80101.094090,101304.622116,45136.457101,80101.094090,110017.859424,13999.886772,0
2026-01-19T19:01:30.000000000Z,15.270782,80069.117461,101268.693338,45175.318266,80069.117461,109999.047856,14013.104639,0
2026-01-19T19:02:00.000000000Z,15.270510,80037.129832,101232.752171,45214.120449,80037.129832,109980.221554,14026.320503,0
2026-01-19T19:02:30.000000000Z,15.270237,80005.130052,101196.797970,45252.863342,80005.130052,109961.379726,14039.534489,0
2026-01-19T19:03:00.000000000Z,15.269963,79973.119124,101160.831504,45291.546935,79973.119124,109942.523035,14052.746466,0
2026-01-19T19:03:30.000000000Z,15.269690,79941.096019,101124.852168,45330.171034,79941.096019,109923.650767,14065.956562,0
2026-01-19T19:04:00.000000000Z,15.269415,79909.061298,101088.860490,45368.735550,79909.061298,109904.763328,14079.164685,0
2026-01-19T19:04:30.000000000Z,15.269140,79877.015622,101052.857008,45407.240435,79877.015622,109885.861144,14092.370774,0
2026-01-19T19:05:00.000000000Z,15.268865,79844.958393,101016.841437,45445.685511,79844.958393,109866.943812,14105.574883,0
2026-01-19T19:05:30.000000000Z,15.268589,79812.889397,100980.813731,45484.070647,79812.889397,109848.011176,14118.777041,0
2026-01-19T19:06:00.000000000Z,15.268313,79780.809822,100944.774876,45522.395737,79780.809822,109829.064069,14131.977003,0
2026-01-19T19:06:30.000000000Z,15.268036,79748.718277,100908.723898,45560.660713,79748.718277,109810.101466,14145.175128,0
2026-01-19T19:07:00.000000000Z,15.267758,79716.615543,100872.661583,45598.865385,79716.615543,109791.123984,14158.371144,0
2026-01-19T19:07:30.000000000Z,15.267480,79684.500973,100836.587505,45637.009655,79684.500973,109772.131113,14171.565223,0
2026-01-19T19:08:00.000000000Z,15.267202,79652.374636,100800.501795,45675.093401,79652.374636,109753.122863,14184.757352,0
2026-01-19T19:08:30.000000000Z,15.266923,79620.237052,100764.404938,45713.116588,79620.237052,109734.099612,14197.947494,0
2026-01-19T19:09:00.000000000Z,15.266644,79588.087174,100728.296304,45751.079003,79588.087174,109715.060618,14211.135770,0
2026-01-19T19:09:30.000000000Z,15.266364,79555.926823,100692.177458,45788.980535,79555.926823,109696.007267,14224.321754,0
2026-01-19T19:10:00.000000000Z,15.266083,79523.754845,100656.047507,45826.821122,79523.754845,109676.938610,14237.505787,0
2026-01-19T19:10:30.000000000Z,15.265803,79491.571663,100619.906951,45864.600583,79491.571663,109657.854994,14250.687690,0
2026-01-19T19:11:00.000000000Z,15.265521,79459.376305,100583.755095,45902.318883,79459.376305,109638.755667,14263.867769,0
2026-01-19T19:11:30.000000000Z,15.265239,79427.169896,100547.593037,45939.975818,79427.169896,109619.641540,14277.045647,0
2026-01-19T19:12:00.000000000Z,15.264957,79394.951752,100511.420255,45977.571326,79394.951752,109600.512018,14290.221555,0
2026-01-19T19:12:30.000000000Z,15.264674,79362.722428,100475.237279,46015.105313,79362.722428,109581.367502,14303.395383,0
2026-01-19T19:13:00.000000000Z,15.264391,79330.481065,100439.043562,46052.577651,79330.481065,109562.207355,14316.567309,0
2026-01-19T19:13:30.000000000Z,15.264107,79298.227932,100402.839437,46089.988260,79298.227932,109543.031796,14329.737252,0
2026-01-19T19:14:00.000000000Z,15.263823,79265.963920,100366.625828,46127.336884,79265.963920,109523.841544,14342.904916,0
2026-01-19T19:14:30.000000000Z,15.263538,79233.688140,100330.402015,46164.623534,79233.688140,109504.635842,14356.070619,0
2026-01-19T19:15:00.000000000Z,15.263253,79201.400697,100294.168176,46201.848069,79201.400697,109485.414739,14369.234309,0
2026-01-19T19:15:30.000000000Z,15.262968,79169.101515,100257.924443,46239.010381,79169.101515,109466.178249,14382.395979,0
2026-01-19T19:16:00.000000000Z,15.262682,79136.791073,100221.671253,46276.110380,79136.791073,109446.926686,14395.555549,0
2026-01-19T19:16:30.000000000Z,15.262395,79104.468719,100185.408249,46313.147895,79104.468719,109427.659579,14408.713097,0
2026-01-19T19:17:00.000000000Z,15.262108,79072.135085,100149.135990,46350.122866,79072.135085,109408.377364,14421.868533,0
2026-01-19T19:17:30.000000000Z,15.261821,79039.790055,100112.854529,46387.035167,79039.790055,109389.079973,14435.021857,0
2026-01-19T19:18:00.000000000Z,15.261533,79007.433445,100076.563803,46423.884722,79007.433445,109369.767248,14448.173149,0
2026-01-19T19:18:30.000000000Z,15.261244,78975.065052,100040.263813,46460.671352,78975.065052,109350.439055,14461.322370,0
2026-01-19T19:19:00.000000000Z,15.260956,78942.685333,100003.955001,46497.395000,78942.685333,109331.095720,14474.469469,0
2026-01-19T19:19:30.000000000Z,15.260666,78910.293983,99967.637217,46534.055521,78910.293983,109311.736976,14487.614483,0
2026-01-19T19:20:00.000000000Z,15.260377,78877.891794,99931.311087,46570.652944,78877.891794,109292.363349,14500.757389,0
2026-01-19T19:20:30.000000000Z,15.260086,78845.478670,99894.976611,46607.187161,78845.478670,109272.974727,14513.898213,0
2026-01-19T19:21:00.000000000Z,15.259796,78813.054424,99858.633883,46643.657974,78813.054424,109253.571062,14527.036871,0
2026-01-19T19:21:30.000000000Z,15.259505,78780.617388,99822.281923,46680.065104,78780.617388,109234.151255,14540.173522,0
2026-01-19T19:22:00.000000000Z,15.259213,78748.169172,99785.921886,46716.408620,78748.169172,109214.716347,14553.308019,0
2026-01-19T19:22:30.000000000Z,15.258921,78715.709346,99749.553532,46752.688435,78715.709346,109195.266003,14566.440479,0
2026-01-19T19:23:00.000000000Z,15.258629,78683.237218,99713.176667,46788.904257,78683.237218,109175.799871,14579.570816,0
2026-01-19T19:23:30.000000000Z,15.258336,78650.754497,99676.792239,46825.056254,78650.754497,109156.318824,14592.699034,0
2026-01-19T19:24:00.000000000Z,15.258043,78618.259500,99640.399546,46861.144043,78618.259500,109136.821997,14605.825110,0
2026-01-19T19:24:30.000000000Z,15.257750,78585.754501,99603.999884,46897.167920,78585.754501,109117.310639,14618.949023,0
2026-01-19T19:25:00.000000000Z,15.257455,78553.238192,99567.592793,46933.127530,78553.238192,109097.784115,14632.070787,0
2026-01-19T19:25:30.000000000Z,15.257161,78520.711016,99531.178496,46969.022854,78520.711016,109078.242554,14645.190403,0
2026-01-19T19:26:00.000000000Z,15.256866,78488.170560,99494.755782,47004.853471,78488.170560,109058.684595,14658.307967,0
2026-01-19T19:26:30.000000000Z,15.256571,78455.619367,99458.326122,47040.619586,78455.619367,109039.111619,14671.423355,0
2026-01-19T19:27:00.000000000Z,15.256275,78423.056259,99421.889091,47076.320982,78423.056259,109019.523077,14684.536620,0
2026-01-19T19:27:30.000000000Z,15.255979,78390.480851,99385.444520,47111.957477,78390.480851,108999.918669,14697.647767,0
2026-01-19T19:28:00.000000000Z,15.255683,78357.893862,99348.992912,47147.529098,78357.893862,108980.298803,14710.756798,0
2026-01-19T19:28:30.000000000Z,15.255386,78325.295396,99312.534348,47183.035674,78325.295396,108960.663422,14723.863651,0
2026-01-19T19:29:00.000000000Z,15.255088,78292.685875,99276.069238,47218.477211,78292.685875,108941.012836,14736.968336,0
2026-01-19T19:29:30.000000000Z,15.254791,78260.064312,99239.597352,47253.853447,78260.064312,108921.346667,14750.070799,0
2026-01-19T19:30:00.000000000Z,15.254492,78227.431067,99203.118643,47289.164454,78227.431067,108901.664808,14763.171250,0
2026-01-19T19:30:30.000000000Z,15.254194,78194.786532,99166.634012,47324.409942,78194.786532,108881.967948,14776.269265,0
2026-01-19T19:31:00.000000000Z,15.253895,78162.129897,99130.142334,47359.589996,78162.129897,108862.254960,14789.365393,0
2026-01-19T19:31:30.000000000Z,15.253596,78129.461335,99093.644348,47394.704384,78129.461335,108842.526396,14802.459314,0
2026-01-19T19:32:00.000000000Z,15.253296,78096.781376,99057.140332,47429.753078,78096.781376,108822.782427,14815.551041,0
2026-01-19T19:32:30.000000000Z,15.252996,78064.088653,99020.629994,47464.735760,78064.088653,108803.022598,14828.640485,0
2026-01-19T19:33:00.000000000Z,15.252696,78031.385538,98984.114248,47499.652636,78031.385538,108783.247760,14841.727689,0
2026-01-19T19:33:30.000000000Z,15.252395,77998.669350,98947.591605,47534.503485,77998.669350,108763.456345,14854.813022,0
2026-01-19T19:34:00.000000000Z,15.252094,77965.942426,98911.064027,47569.288216,77965.942426,108743.650110,14867.895918,0
2026-01-19T19:34:30.000000000Z,15.251792,77933.203144,98874.530246,47604.006756,77933.203144,108723.827745,14880.976824,0
2026-01-19T19:35:00.000000000Z,15.251490,77900.453226,98837.991927,47638.658927,77900.453226,108703.990694,14894.055180,0
2026-01-19T19:35:30.000000000Z,15.251188,77867.690499,98801.447187,47673.244686,77867.690499,108684.137073,14907.131646,0
2026-01-19T19:36:00.000000000Z,15.250886,77834.916327,98764.897295,47707.763995,77834.916327,108664.267999,14920.205880,0
2026-01-19T19:36:30.000000000Z,15.250583,77802.130339,98728.342138,47742.216635,77802.130339,108644.383202,14933.277911,0
2026-01-19T19:37:00.000000000Z,15.250279,77769.332748,98691.782274,47776.602521,77769.332748,108624.483112,14946.347568,0
2026-01-19T19:37:30.000000000Z,15.249976,77736.523915,98655.217643,47810.921605,77736.523915,108604.567572,14959.414945,0
2026-01-19T19:38:00.000000000Z,15.249672,77703.701446,98618.646749,47845.173799,77703.701446,108584.635050,14972.480541,0
2026-01-19T19:38:30.000000000Z,15.249367,77670.868691,98582.072062,47879.359049,77670.868691,108564.687795,14985.543665,0
2026-01-19T19:39:00.000000000Z,15.249062,77638.023446,98545.492260,47913.477170,77638.023446,108544.724410,14998.604669,0
2026-01-19T19:39:30.000000000Z,15.248757,77605.167172,98508.908346,47947.528143,77605.167172,108524.745760,15011.663344,0
2026-01-19T19:40:00.000000000Z,15.248452,77572.298755,98472.319710,47981.511806,77572.298755,108504.751130,15024.719846,0
2026-01-19T19:40:30.000000000Z,15.248146,77539.419017,98435.726956,48015.428118,77539.419017,108484.740999,15037.774068,0
2026-01-19T19:41:00.000000000Z,15.247840,77506.527204,98399.129797,48049.276954,77506.527204,108464.714974,15050.826102,0
2026-01-19T19:41:30.000000000Z,15.247534,77473.623653,98362.528564,48083.058230,77473.623653,108444.673256,15063.875882,0
2026-01-19T19:42:00.000000000Z,15.247227,77440.709184,98325.923938,48116.771852,77440.709184,108424.616383,15076.923224,0
2026-01-19T19:42:30.000000000Z,15.246920,77407.781884,98289.314752,48150.417719,77407.781884,108404.543129,15089.968518,0
2026-01-19T19:43:00.000000000Z,15.246612,77374.843713,98252.702315,48183.995781,77374.843713,108384.454639,15103.011424,0
2026-01-19T19:43:30.000000000Z,15.246305,77341.892979,98216.085653,48217.505896,77341.892979,108364.349861,15116.052229,0
2026-01-19T19:44:00.000000000Z,15.245997,77308.931880,98179.466180,48250.948123,77308.931880,108344.230072,15129.090666,0
2026-01-19T19:44:30.000000000Z,15.245688,77275.958563,98142.843156,48284.322168,77275.958563,108324.094392,15142.126803,0
2026-01-19T19:45:00.000000000Z,15.245380,77242.972950,98106.216229,48317.628037,77242.972950,108303.942406,15155.160873,0
2026-01-19T19:45:30.000000000Z,15.245071,77209.975325,98069.586069,48350.865558,77209.975325,108283.774614,15168.192620,0
2026-01-19T19:46:00.000000000Z,15.244761,77176.966299,98032.953010,48384.034708,77176.966299,108263.591239,15181.222033,0
2026-01-19T19:46:30.000000000Z,15.244452,77143.946294,97996.317684,48417.135366,77143.946294,108243.392762,15194.248914,0
2026-01-19T19:47:00.000000000Z,15.244142,77110.914090,97959.679062,48450.167525,77110.914090,108223.178123,15207.273657,0
2026-01-19T19:47:30.000000000Z,15.243832,77077.869826,97923.037329,48483.131038,77077.869826,108202.947357,15220.296257,0
2026-01-19T19:48:00.000000000Z,15.243521,77044.813304,97886.392508,48516.025787,77044.813304,108182.700371,15233.316672,0
2026-01-19T19:48:30.000000000Z,15.243211,77011.746000,97849.745765,48548.851785,77011.746000,108162.438191,15246.334660,0
2026-01-19T19:49:00.000000000Z,15.242900,76978.667112,97813.096664,48581.608892,76978.667112,108142.160274,15259.350341,0
2026-01-19T19:49:30.000000000Z,15.242588,76945.575791,97776.444901,48614.296887,76945.575791,108121.866178,15272.363714,0
2026-01-19T19:50:00.000000000Z,15.242277,76912.471984,97739.790440,48646.915770,76912.471984,108101.555786,15285.374905,0
2026-01-19T19:50:30.000000000Z,15.241965,76879.356587,97703.134031,48679.465461,76879.356587,108081.229697,15298.383713,0
2026-01-19T19:51:00.000000000Z,15.241653,76846.230569,97666.476532,48711.945873,76846.230569,108060.888616,15311.389898,0
2026-01-19T19:51:30.000000000Z,15.241340,76813.092488,97629.816867,48744.356969,76813.092488,108040.531423,15324.393878,0
2026-01-19T19:52:00.000000000Z,15.241028,76779.941608,97593.154452,48776.698670,76779.941608,108020.157456,15337.395875,0
2026-01-19T19:52:30.000000000Z,15.240715,76746.778835,97556.490228,48808.970851,76746.778835,107999.767483,15350.395584,0
2026-01-19T19:53:00.000000000Z,15.240402,76713.604022,97519.824533,48841.173283,76713.604022,107979.361669,15363.392793,0
2026-01-19T19:53:30.000000000Z,15.240088,76680.417782,97483.157223,48873.306208,76680.417782,107958.939868,15376.387887,0
2026-01-19T19:54:00.000000000Z,15.239774,76647.220095,97446.489367,48905.369138,76647.220095,107938.502853,15389.380177,0
2026-01-19T19:54:30.000000000Z,15.239460,76614.009333,97409.818929,48937.362334,76614.009333,107918.048694,15402.370666,0
2026-01-19T19:55:00.000000000Z,15.239146,76580.787535,97373.148037,48969.285550,76580.787535,107897.579243,15415.358556,0
2026-01-19T19:55:30.000000000Z,15.238832,76547.554759,97336.476760,49001.138713,76547.554759,107877.094459,15428.343862,0
2026-01-19T19:56:00.000000000Z,15.238517,76514.310094,97299.804555,49032.921763,76514.310094,107856.593722,15441.326814,0
2026-01-19T19:56:30.000000000Z,15.238202,76481.052302,97263.130516,49064.634605,76481.052302,107836.076058,15454.307717,0
2026-01-19T19:57:00.000000000Z,15.237887,76447.782855,97226.455807,49096.277198,76447.782855,107815.542474,15467.286271,0
2026-01-19T19:57:30.000000000Z,15.237572,76414.501653,97189.780620,49127.849391,76414.501653,107794.993017,15480.262379,0
2026-01-19T19:58:00.000000000Z,15.237256,76381.208683,97153.104850,49159.351191,76381.208683,107774.427504,15493.236192,0
2026-01-19T19:58:30.000000000Z,15.236940,76347.904205,97116.429283,49190.782391,76347.904205,107753.846536,15506.207329,0
2026-01-19T19:59:00.000000000Z,15.236624,76314.587069,97079.752425,49222.143076,76314.587069,107733.248626,15519.176535,0
2026-01-19T19:59:30.000000000Z,15.236308,76281.258527,97043.075741,49253.433070,76281.258527,107712.635028,15532.143241,0
2026-01-19T20:00:00.000000000Z,15.235991,76247.917909,97006.398874,49284.652243,76247.917909,107692.005277,15545.107547,0
2026-01-19T20:00:30.000000000Z,15.235675,76214.565655,96969.722244,49315.800581,76214.565655,107671.359679,15558.069411,0
2026-01-19T20:01:00.000000000Z,15.235358,76181.201175,96933.045492,49346.877982,76181.201175,107650.697779,15571.028957,0
2026-01-19T20:01:30.000000000Z,15.235041,76147.824924,96896.369152,49377.884352,76147.824924,107630.019963,15583.986032,0
2026-01-19T20:02:00.000000000Z,15.234723,76114.436916,96859.693066,49408.819686,76114.436916,107609.325998,15596.940785,0
2026-01-19T20:02:30.000000000Z,15.234406,76081.036799,96823.017344,49439.683818,76081.036799,107588.615848,15609.893129,0
2026-01-19T20:03:00.000000000Z,15.234088,76047.625716,96786.343009,49470.476708,76047.625716,107567.890383,15622.842805,0
2026-01-19T20:03:30.000000000Z,15.233770,76014.201545,96749.668258,49501.198319,76014.201545,107547.147799,15635.790459,0
2026-01-19T20:04:00.000000000Z,15.233452,75980.765827,96712.994637,49531.848450,75980.765827,107526.389409,15648.735508,0
2026-01-19T20:04:30.000000000Z,15.233134,75947.317642,96676.321507,49562.427104,75947.317642,107505.614526,15661.678266,0
2026-01-19T20:05:00.000000000Z,15.232815,75913.857681,96639.649219,49592.934314,75913.857681,107484.823403,15674.618753,0
2026-01-19T20:05:30.000000000Z,15.232497,75880.385828,96602.978177,49623.369832,75880.385828,107464.016260,15687.556708,0
2026-01-19T20:06:00.000000000Z,15.232178,75846.902779,96566.308827,49653.733701,75846.902779,107443.193446,15700.492129,0
2026-01-19T20:06:30.000000000Z,15.231859,75813.407692,96529.640570,49684.025821,75813.407692,107422.354277,15713.425218,0
2026-01-19T20:07:00.000000000Z,15.231540,75779.900198,96492.973672,49714.245844,75779.900198,107401.498805,15726.355662,0
2026-01-19T20:07:30.000000000Z,15.231221,75746.381609,96456.308802,49744.394120,75746.381609,107380.627692,15739.283676,0
2026-01-19T20:08:00.000000000Z,15.230901,75712.849113,96419.643899,49774.470310,75712.849113,107359.738792,15752.209711,0
2026-01-19T20:08:30.000000000Z,15.230581,75679.305519,96382.981493,49804.474437,75679.305519,107338.834420,15765.133069,0
2026-01-19T20:09:00.000000000Z,15.230262,75645.749860,96346.320603,49834.406492,75645.749860,107317.913561,15778.054158,0
2026-01-19T20:09:30.000000000Z,15.229942,75612.182482,96309.661867,49864.266337,75612.182482,107296.976692,15790.972707,0
2026-01-19T20:10:00.000000000Z,15.229622,75578.602839,96273.005059,49894.053759,75578.602839,107276.023434,15803.888759,0
2026-01-19T20:10:30.000000000Z,15.229302,75545.011713,96236.350668,49923.768860,75545.011713,107255.054201,15816.802317,0
2026-01-19T20:11:00.000000000Z,15.228981,75511.408792,96199.698780,49953.411500,75511.408792,107234.068943,15829.713317,0
2026-01-19T20:11:30.000000000Z,15.228661,75477.793627,96163.049307,49982.981436,75477.793627,107213.067414,15842.621658,0
2026-01-19T20:12:00.000000000Z,15.228340,75444.166765,96126.402216,50012.478962,75444.166765,107192.049590,15855.527727,0
2026-01-19T20:12:30.000000000Z,15.228019,75410.526967,96089.757182,50041.903624,75410.526967,107171.014933,15868.431300,0
2026-01-19T20:13:00.000000000Z,15.227699,75376.875096,96053.114547,50071.255663,75376.875096,107149.963756,15881.332591,0
2026-01-19T20:13:30.000000000Z,15.227378,75343.211301,96016.474197,50100.535038,75343.211301,107128.895855,15894.231697,0
2026-01-19T20:14:00.000000000Z,15.227056,75309.536725,95979.838535,50129.741348,75309.536725,107107.813282,15907.127549,0
2026-01-19T20:14:30.000000000Z,15.226735,75275.849535,95943.205397,50158.874583,75275.849535,107086.713903,15920.020942,0
2026-01-19T20:15:00.000000000Z,15.226414,75242.150318,95906.575450,50187.934828,75242.150318,107065.598290,15932.911836,0
2026-01-19T20:15:30.000000000Z,15.226093,75208.439202,95869.948551,50216.922026,75208.439202,107044.466205,15945.800319,0
2026-01-19T20:16:00.000000000Z,15.225771,75174.716579,95833.325339,50245.836209,75174.716579,107023.318175,15958.686308,0
2026-01-19T20:16:30.000000000Z,15.225449,75140.980547,95796.703944,50274.677113,75140.980547,107002.152262,15971.570265,0
2026-01-19T20:17:00.000000000Z,15.225128,75107.233328,95760.087297,50303.444584,75107.233328,106980.971097,15984.451173,0
2026-01-19T20:17:30.000000000Z,15.224806,75073.473666,95723.473545,50332.138692,75073.473666,106959.772867,15997.329806,0
2026-01-19T20:18:00.000000000Z,15.224484,75039.701717,95686.863074,50360.759522,75039.701717,106938.557882,16010.206210,0
2026-01-19T20:18:30.000000000Z,15.224162,75005.919138,95650.258269,50389.306707,75005.919138,106917.328182,16023.079348,0
2026-01-19T20:19:00.000000000Z,15.223840,74972.123912,95613.656950,50417.780285,74972.123912,106896.081638,16035.950066,0
2026-01-19T20:19:30.000000000Z,15.223518,74938.316521,95577.059692,50446.180294,74938.316521,106874.818720,16048.818306,0
2026-01-19T20:20:00.000000000Z,15.223196,74904.496879,95540.465944,50474.506644,74904.496879,106853.538793,16061.684256,0
2026-01-19T20:20:30.000000000Z,15.222874,74870.665719,95503.876838,50502.759309,74870.665719,106832.242829,16074.547612,0
2026-01-19T20:21:00.000000000Z,15.222551,74836.821323,95467.290816,50530.938002,74836.821323,106810.929184,16087.408677,0
2026-01-19T20:21:30.000000000Z,15.222229,74802.965302,95430.709666,50559.042857,74802.965302,106789.599493,16100.267146,0
2026-01-19T20:22:00.000000000Z,15.221907,74769.097184,95394.133007,50587.073670,74769.097184,106768.253247,16113.123010,0
2026-01-19T20:22:30.000000000Z,15.221584,74735.217208,95357.561400,50615.030472,74735.217208,106746.890902,16125.976203,0
2026-01-19T20:23:00.000000000Z,15.221262,74701.325317,95320.994812,50642.913134,74701.325317,106725.512297,16138.826707,0
2026-01-19T20:23:30.000000000Z,15.220939,74667.421255,95284.432882,50670.721759,74667.421255,106704.117040,16151.674828,0
2026-01-19T20:24:00.000000000Z,15.220616,74633.504919,95247.875789,50698.456146,74633.504919,106682.705149,16164.520408,0
2026-01-19T20:24:30.000000000Z,15.220294,74599.576455,95211.323598,50726.116221,74599.576455,106661.276573,16177.363446,0
2026-01-19T20:25:00.000000000Z,15.219971,74565.635609,95174.776209,50753.701964,74565.635609,106639.831125,16190.204046,0
2026-01-19T20:25:30.000000000Z,15.219648,74531.682968,95138.234429,50781.213183,74531.682968,106618.369418,16203.041847,0
2026-01-19T20:26:00.000000000Z,15.219326,74497.718101,95101.697623,50808.650087,74497.718101,106596.890838,16215.877348,0
2026-01-19T20:26:30.000000000Z,15.219003,74463.741220,95065.166608,50836.012344,74463.741220,106575.395957,16228.710052,0
2026-01-19T20:27:00.000000000Z,15.218680,74429.752550,95028.641545,50863.299935,74429.752550,106553.884834,16241.539975,0
2026-01-19T20:27:30.000000000Z,15.218357,74395.751584,94992.122053,50890.512855,74395.751584,106532.357026,16254.367327,0
2026-01-19T20:28:00.000000000Z,15.218035,74361.738271,94955.607837,50917.651126,74361.738271,106510.812174,16267.192316,0
2026-01-19T20:28:30.000000000Z,15.217712,74327.712851,94919.099890,50944.714457,74327.712851,106489.251033,16280.014423,0
2026-01-19T20:29:00.000000000Z,15.217389,74293.675253,94882.597640,50971.703050,74293.675253,106467.673043,16292.834117,0
2026-01-19T20:29:30.000000000Z,15.217066,74259.625047,94846.100923,50998.616703,74259.625047,106446.077899,16305.651348,0
2026-01-19T20:30:00.000000000Z,15.216744,74225.563210,94809.610891,51025.455468,74225.563210,106424.466617,16318.465865,0
2026-01-19T20:30:30.000000000Z,15.216421,74191.488990,94773.126957,51052.219162,74191.488990,106402.838499,16331.277780,0
2026-01-19T20:31:00.000000000Z,15.216098,74157.402720,94736.649398,51078.907877,74157.402720,106381.193750,16344.087171,0
2026-01-19T20:31:30.000000000Z,15.215775,74123.303938,94700.178005,51105.521316,74123.303938,106359.531988,16356.893915,0
2026-01-19T20:32:00.000000000Z,15.215453,74089.193032,94663.713317,51132.059552,74089.193032,106337.853664,16369.697951,0
2026-01-19T20:32:30.000000000Z,15.215130,74055.070343,94627.255434,51158.522542,74055.070343,106316.158765,16382.499354,0
2026-01-19T20:33:00.000000000Z,15.214807,74020.936045,94590.804990,51184.910182,74020.936045,106294.447771,16395.297865,0
2026-01-19T20:33:30.000000000Z,15.214485,73986.789047,94554.361096,51211.222406,73986.789047,106272.719737,16408.093804,0
2026-01-19T20:34:00.000000000Z,15.214162,73952.630070,94517.924145,51237.459300,73952.630070,106250.974977,16420.887205,0
2026-01-19T20:34:30.000000000Z,15.213840,73918.458428,94481.493952,51263.620644,73918.458428,106229.213158,16433.678005,0
2026-01-19T20:35:00.000000000Z,15.213517,73884.274577,94445.070906,51289.706500,73884.274577,106207.434582,16446.466214,0
2026-01-19T20:35:30.000000000Z,15.213195,73850.078744,94408.655250,51315.716802,73850.078744,106185.639369,16459.251768,0
2026-01-19T20:36:00.000000000Z,15.212872,73815.871223,94372.247207,51341.651508,73815.871223,106163.827631,16472.034639,0
2026-01-19T20:36:30.000000000Z,15.212550,73781.650903,94335.846535,51367.510269,73781.650903,106141.998937,16484.814658,0
2026-01-19T20:37:00.000000000Z,15.212228,73747.418827,94299.453700,51393.293328,73747.418827,106120.153722,16497.591980,0
2026-01-19T20:37:30.000000000Z,15.211906,73713.175047,94263.068571,51419.000711,73713.175047,106098.291787,16510.366753,0
2026-01-19T20:38:00.000000000Z,15.211583,73678.918285,94226.691061,51444.631979,73678.918285,106076.412817,16523.138675,0
2026-01-19T20:38:30.000000000Z,15.211261,73644.649579,94190.321518,51470.187476,73644.649579,106054.517169,16535.908030,0
2026-01-19T20:39:00.000000000Z,15.210940,73610.367715,94153.959301,51495.666836,73610.367715,106032.604034,16548.674773,0
2026-01-19T20:39:30.000000000Z,15.210618,73576.075046,94117.605920,51521.070510,73576.075046,106010.674898,16561.438896,0
2026-01-19T20:40:00.000000000Z,15.210296,73541.769078,94081.260000,51546.397813,73541.769078,105988.728151,16574.200299,0
2026-01-19T20:40:30.000000000Z,15.209974,73507.451823,94044.922915,51571.649187,73507.451823,105966.765152,16586.959011,0
2026-01-19T20:41:00.000000000Z,15.209653,73473.121445,94008.593858,51596.824005,73473.121445,105944.784842,16599.714795,0
2026-01-19T20:41:30.000000000Z,15.209331,73438.779227,93972.273533,51621.922670,73438.779227,105922.787938,16612.467868,0
2026-01-19T20:42:00.000000000Z,15.209010,73404.424510,93935.961548,51646.945015,73404.424510,105900.773927,16625.218286,0
2026-01-19T20:42:30.000000000Z,15.208689,73370.057424,93899.658117,51671.890998,73370.057424,105878.742913,16637.966011,0
2026-01-19T20:43:00.000000000Z,15.208367,73335.678217,93863.363559,51696.760577,73335.678217,105856.695097,16650.710974,0
2026-01-19T20:43:30.000000000Z,15.208046,73301.286595,93827.077722,51721.553723,73301.286595,105834.630246,16663.453247,0
2026-01-19T20:44:00.000000000Z,15.207726,73266.883955,93790.801570,51746.270637,73266.883955,105812.549241,16676.192825,0
2026-01-19T20:44:30.000000000Z,15.207405,73232.467689,93754.533643,51770.910612,73232.467689,105790.450389,16688.929588,0
2026-01-19T20:45:00.000000000Z,15.207084,73198.039383,93718.275020,51795.474028,73198.039383,105768.334748,16701.663602,0
2026-01-19T20:45:30.000000000Z,15.206764,73163.598552,93682.025496,51819.960743,73163.598552,105746.201995,16714.394876,0
2026-01-19T20:46:00.000000000Z,15.206443,73129.145745,93645.785585,51844.370705,73129.145745,105724.052509,16727.123263,0
2026-01-19T20:46:30.000000000Z,15.206123,73094.680418,93609.554903,51868.703927,73094.680418,105701.885850,16739.848981,0
2026-01-19T20:47:00.000000000Z,15.205803,73060.203048,93573.333917,51892.960363,73060.203048,105679.702357,16752.571899,0
2026-01-19T20:47:30.000000000Z,15.205483,73025.713319,93537.122506,51917.139924,73025.713319,105657.501802,16765.292051,0
2026-01-19T20:48:00.000000000Z,15.205163,72991.211432,93500.920929,51941.242594,72991.211432,105635.284338,16778.009406,0
2026-01-19T20:48:30.000000000Z,15.204844,72956.696875,93464.728866,51965.268318,72956.696875,105613.049562,16790.724095,0
2026-01-19T20:49:00.000000000Z,15.204524,72922.170529,93428.547124,51989.217050,72922.170529,105590.798132,16803.435872,0
2026-01-19T20:49:30.000000000Z,15.204205,72887.631612,93392.375189,52013.088705,72887.631612,105568.529452,16816.144904,0
2026-01-19T20:50:00.000000000Z,15.203886,72853.080223,93356.213239,52036.883276,72853.080223,105546.243603,16828.851197,0
2026-01-19T20:50:30.000000000Z,15.203567,72818.516784,93320.061741,52060.600658,72818.516784,105523.940905,16841.554563,0
2026-01-19T20:51:00.000000000Z,15.203248,72783.940675,93283.920227,52084.240880,72783.940675,105501.620843,16854.255262,0
2026-01-19T20:51:30.000000000Z,15.202930,72749.352659,93247.789437,52107.803869,72749.352659,105479.284004,16866.953042,0
2026-01-19T20:52:00.000000000Z,15.202611,72714.752183,93211.669014,52131.289585,72714.752183,105456.929955,16879.648058,0
2026-01-19T20:52:30.000000000Z,15.202293,72680.139446,93175.559242,52154.697984,72680.139446,105434.558865,16892.340242,0
2026-01-19T20:53:00.000000000Z,15.201975,72645.514017,93139.459854,52178.029005,72645.514017,105412.170377,16905.029700,0
2026-01-19T20:53:30.000000000Z,15.201658,72610.876657,93103.371553,52201.282625,72610.876657,105389.765061,16917.716236,0
2026-01-19T20:54:00.000000000Z,15.201340,72576.226861,93067.294046,52224.458761,72576.226861,105367.342529,16930.399942,0
2026-01-19T20:54:30.000000000Z,15.201023,72541.564588,93031.227390,52247.557421,72541.564588,105344.902760,16943.080849,0
2026-01-19T20:55:00.000000000Z,15.200706,72506.890132,92995.171940,52270.578520,72506.890132,105322.445964,16955.758877,0
2026-01-19T20:55:30.000000000Z,15.200389,72472.203121,92959.127470,52293.522029,72472.203121,105299.971841,16968.434118,0
2026-01-19T20:56:00.000000000Z,15.200072,72437.503816,92923.094277,52316.387910,72437.503816,105277.480573,16981.106502,0
2026-01-19T20:56:30.000000000Z,15.199756,72402.792188,92887.072442,52339.176125,72402.792188,105254.972141,16993.776033,0
2026-01-19T20:57:00.000000000Z,15.199440,72368.068048,92851.061916,52361.886631,72368.068048,105232.446400,17006.442753,0
2026-01-19T20:57:30.000000000Z,15.199124,72333.331443,92815.062831,52384.519367,72333.331443,105209.903371,17019.106627,0
2026-01-19T20:58:00.000000000Z,15.198808,72298.582570,92779.075453,52407.074285,72298.582570,105187.343203,17031.767585,0
2026-01-19T20:58:30.000000000Z,15.198493,72263.821202,92743.099637,52429.551365,72263.821202,105164.765670,17044.425723,0
2026-01-19T20:59:00.000000000Z,15.198177,72229.047213,92707.135449,52451.950520,72229.047213,105142.170722,17057.081003,0
2026-01-19T20:59:30.000000000Z,15.197862,72194.261136,92671.183395,52474.271802,72194.261136,105119.558769,17069.733365,0
2026-01-19T21:00:00.000000000Z,15.197548,72159.462584,92635.243296,52496.515097,72159.462584,105096.929521,17082.382827,0
2026-01-19T21:00:30.000000000Z,15.197233,72124.651639,92599.315223,52518.680390,72124.651639,105074.282958,17095.029416,0
2026-01-19T21:01:00.000000000Z,15.196919,72089.828164,92563.399203,52540.767655,72089.828164,105051.619010,17107.673163,0
2026-01-19T21:01:30.000000000Z,15.196605,72054.992535,92527.495633,52562.776886,72054.992535,105028.937970,17120.313987,0
2026-01-19T21:02:00.000000000Z,15.196292,72020.144531,92491.604269,52584.708045,72020.144531,105006.239511,17132.952001,0
2026-01-19T21:02:30.000000000Z,15.195979,71985.283955,92455.725336,52606.560974,71985.283955,104983.523706,17145.587043,0
2026-01-19T21:03:00.000000000Z,15.195666,71950.410817,92419.858755,52628.335695,71950.410817,104960.790410,17158.219223,0
2026-01-19T21:03:30.000000000Z,15.195353,71915.525073,92384.004714,52650.032146,71915.525073,104938.039692,17170.848480,0
2026-01-19T21:04:00.000000000Z,15.195041,71880.627073,92348.163449,52671.650366,71880.627073,104915.271708,17183.474831,0
2026-01-19T21:04:30.000000000Z,15.194728,71845.715993,92312.334634,52693.190148,71845.715993,104892.485996,17196.098256,0
2026-01-19T21:05:00.000000000Z,15.194417,71810.793001,92276.519063,52714.651622,71810.793001,104869.683264,17208.718663,0
2026-01-19T21:05:30.000000000Z,15.194105,71775.857345,92240.716146,52736.034737,71775.857345,104846.862861,17221.336271,0
2026-01-19T21:06:00.000000000Z,15.193794,71740.909678,92204.926671,52757.339505,71740.909678,104824.025453,17233.950850,0
2026-01-19T21:06:30.000000000Z,15.193483,71705.949710,92169.150318,52778.565862,71705.949710,104801.170626,17246.562564,0
2026-01-19T21:07:00.000000000Z,15.193173,71670.976821,92133.386983,52799.713623,71670.976821,104778.298141,17259.171311,0
2026-01-19T21:07:30.000000000Z,15.192863,71635.991590,92097.637029,52820.782837,71635.991590,104755.408274,17271.777070,0
2026-01-19T21:08:00.000000000Z,15.192553,71600.994283,92061.900816,52841.773602,71600.994283,104732.501317,17284.379864,0
2026-01-19T21:08:30.000000000Z,15.192243,71565.984291,92026.177974,52862.685628,71565.984291,104709.576738,17296.979611,0
2026-01-19T21:09:00.000000000Z,15.191934,71530.961341,91990.468319,52883.519030,71530.961341,104686.634326,17309.576541,0
2026-01-19T21:09:30.000000000Z,15.191625,71495.926599,91954.773042,52904.273773,71495.926599,104663.675103,17322.170263,0
2026-01-19T21:10:00.000000000Z,15.191317,71460.879079,91919.091198,52924.949880,71460.879079,104640.698110,17334.761187,0
2026-01-19T21:10:30.000000000Z,15.191009,71425.818884,91883.423091,52945.547191,71425.818884,104617.703497,17347.349115,0
2026-01-19T21:11:00.000000000Z,15.190701,71390.746445,91847.769074,52966.065780,71390.746445,104594.691538,17359.934048,0
2026-01-19T21:11:30.000000000Z,15.190394,71355.661221,91812.128881,52986.505524,71355.661221,104571.661860,17372.516022,0
2026-01-19T21:12:00.000000000Z,15.190087,71320.563858,91776.503066,53006.866453,71320.563858,104548.614914,17385.094927,0
2026-01-19T21:12:30.000000000Z,15.189780,71285.453599,91740.890911,53027.148468,71285.453599,104525.549912,17397.670977,0
2026-01-19T21:13:00.000000000Z,15.189474,71250.330245,91705.292621,53047.351426,71250.330245,104502.466914,17410.244025,0
2026-01-19T21:13:30.000000000Z,15.189168,71215.195339,91669.709549,53067.475693,71215.195339,104479.367235,17422.813990,0
2026-01-19T21:14:00.000000000Z,15.188862,71180.048191,91634.141306,53087.520990,71180.048191,104456.250335,17435.380804,0
2026-01-19T21:14:30.000000000Z,15.188557,71144.888190,91598.587559,53107.487267,71144.888190,104433.115803,17447.944592,0
2026-01-19T21:15:00.000000000Z,15.188253,71109.715160,91563.047796,53127.374424,71109.715160,104409.963043,17460.505494,0
2026-01-19T21:15:30.000000000Z,15.187949,71074.529393,91527.522553,53147.182522,71074.529393,104386.792502,17473.063433,0
2026-01-19T21:16:00.000000000Z,15.187645,71039.331085,91492.011969,53166.911514,71039.331085,104363.604213,17485.618370,0
2026-01-19T21:16:30.000000000Z,15.187341,71004.121159,91456.517023,53186.561526,71004.121159,104340.399055,17498.170129,0
2026-01-19T21:17:00.000000000Z,15.187038,70968.897149,91421.035550,53206.132088,70968.897149,104317.174763,17510.719065,0
2026-01-19T21:17:30.000000000Z,15.186736,70933.660814,91385.569337,53225.623574,70933.660814,104293.933053,17523.264997,0
2026-01-19T21:18:00.000000000Z,15.186434,70898.412946,91350.119396,53245.036007,70898.412946,104270.674805,17535.807616,0
2026-01-19T21:18:30.000000000Z,15.186132,70863.152507,91314.684575,53264.369229,70863.152507,104247.398806,17548.347235,0
2026-01-19T21:19:00.000000000Z,15.185831,70827.878693,91279.264508,53283.623024,70827.878693,104224.104558,17560.883830,0
2026-01-19T21:19:30.000000000Z,15.185530,70792.592557,91243.859839,53302.797579,70792.592557,104200.792650,17573.417401,0
2026-01-19T21:20:00.000000000Z,15.185229,70757.293191,91208.470318,53321.892653,70757.293191,104177.462686,17585.947862,0
2026-01-19T21:20:30.000000000Z,15.184929,70721.981218,91173.095829,53340.908368,70721.981218,104154.114521,17598.475417,0
2026-01-19T21:21:00.000000000Z,15.184630,70686.656778,91137.737126,53359.844736,70686.656778,104130.748785,17610.999861,0
2026-01-19T21:21:30.000000000Z,15.184331,70651.319504,91102.393965,53378.701652,70651.319504,104107.365136,17623.521233,0
2026-01-19T21:22:00.000000000Z,15.184032,70615.970197,91067.067203,53397.479257,70615.970197,104083.964346,17636.039409,0
2026-01-19T21:22:30.000000000Z,15.183734,70580.608461,91031.756448,53416.177444,70580.608461,104060.545932,17648.554475,0
2026-01-19T21:23:00.000000000Z,15.183437,70545.233739,90996.461248,53434.796044,70545.233739,104037.109333,17661.066485,0
2026-01-19T21:23:30.000000000Z,15.183139,70509.846500,90961.182244,53453.335193,70509.846500,104013.655121,17673.575385,0
2026-01-19T21:24:00.000000000Z,15.182843,70474.447094,90925.919818,53471.794828,70474.447094,103990.183550,17686.081028,0
2026-01-19T21:24:30.000000000Z,15.182547,70439.034425,90890.673133,53490.174796,70439.034425,103966.693706,17698.583617,0
2026-01-19T21:25:00.000000000Z,15.182251,70403.608837,90855.442041,53508.475135,70403.608837,103943.185388,17711.083285,0
2026-01-19T21:25:30.000000000Z,15.181956,70368.170439,90820.227276,53526.695818,70368.170439,103919.659194,17723.579794,0
2026-01-19T21:26:00.000000000Z,15.181661,70332.719738,90785.029334,53544.836947,70332.719738,103896.115546,17736.073110,0
2026-01-19T21:26:30.000000000Z,15.181367,70297.256407,90749.847874,53562.898446,70297.256407,103872.554021,17748.563328,0
2026-01-19T21:27:00.000000000Z,15.181073,70261.780671,90714.683277,53580.880284,70261.780671,103848.974888,17761.050329,0
2026-01-19T21:27:30.000000000Z,15.180780,70226.291777,90679.534814,53598.782237,70226.291777,103825.377308,17773.534207,0
2026-01-19T21:28:00.000000000Z,15.180488,70190.791181,90644.404028,53616.604672,70190.791181,103801.762777,17786.014803,0
2026-01-19T21:28:30.000000000Z,15.180196,70155.277728,90609.290003,53634.347310,70155.277728,103778.130266,17798.492204,0
2026-01-19T21:29:00.000000000Z,15.179904,70119.751050,90574.192265,53652.010059,70119.751050,103754.479216,17810.966580,0
2026-01-19T21:29:30.000000000Z,15.179613,70084.211639,90539.111436,53669.593013,70084.211639,103730.810168,17823.437820,0
2026-01-19T21:30:00.000000000Z,15.179323,70048.659602,90504.047685,53687.096181,70048.659602,103707.123207,17835.905915,0
2026-01-19T21:30:30.000000000Z,15.179033,70013.094871,90469.001086,53704.519463,70013.094871,103683.418290,17848.370789,0
2026-01-19T21:31:00.000000000Z,15.178743,69977.517745,90433.971959,53721.862964,69977.517745,103659.695679,17860.832467,0
2026-01-19T21:31:30.000000000Z,15.178454,69941.927570,90398.959764,53739.126541,69941.927570,103635.954739,17873.291053,0
2026-01-19T21:32:00.000000000Z,15.178166,69906.324943,90363.965158,53756.310168,69906.324943,103612.196002,17885.746327,0
2026-01-19T21:32:30.000000000Z,15.177879,69870.709261,90328.987612,53773.413854,69870.709261,103588.418899,17898.198529,0
2026-01-19T21:33:00.000000000Z,15.177591,69835.081002,90294.027780,53790.437686,69835.081002,103564.623997,17910.647549,0
2026-01-19T21:33:30.000000000Z,15.177305,69799.440055,90259.085442,53807.381454,69799.440055,103540.810939,17923.093309,0
2026-01-19T21:34:00.000000000Z,15.177019,69763.786851,90224.161268,53824.245329,69763.786851,103516.980338,17935.535770,0
2026-01-19T21:34:30.000000000Z,15.176734,69728.120397,90189.254238,53841.029140,69728.120397,103493.131105,17947.975177,0
2026-01-19T21:35:00.000000000Z,15.176449,69692.440941,90154.364941,53857.732824,69692.440941,103469.263691,17960.411301,0
2026-01-19T21:35:30.000000000Z,15.176165,69656.748811,90119.493533,53874.356466,69656.748811,103445.378198,17972.844204,0
2026-01-19T21:36:00.000000000Z,15.175881,69621.043746,90084.639775,53890.900051,69621.043746,103421.474322,17985.273996,0
2026-01-19T21:36:30.000000000Z,15.175598,69585.326430,90049.804633,53907.363592,69585.326430,103397.552895,17997.700383,0
2026-01-19T21:37:00.000000000Z,15.175316,69549.595866,90014.986962,53923.746982,69549.595866,103373.612736,18010.123713,0
2026-01-19T21:37:30.000000000Z,15.175034,69513.852527,89980.187503,53940.050284,69513.852527,103349.654484,18022.543818,0
2026-01-19T21:38:00.000000000Z,15.174753,69478.096535,89945.406427,53956.273363,69478.096535,103325.678176,18034.960548,0
2026-01-19T21:38:30.000000000Z,15.174472,69442.328194,89910.643919,53972.416436,69442.328194,103301.683988,18047.374077,0
2026-01-19T21:39:00.000000000Z,15.174192,69406.546205,89875.899008,53988.479162,69406.546205,103277.670818,18059.784469,0
2026-01-19T21:39:30.000000000Z,15.173913,69370.752088,89841.173571,54004.461793,69370.752088,103253.640438,18072.191303,0
2026-01-19T21:40:00.000000000Z,15.173634,69334.944675,89806.465904,54020.364138,69334.944675,103229.591107,18084.595091,0
2026-01-19T21:40:30.000000000Z,15.173356,69299.125038,89771.777378,54036.186395,69299.125038,103205.524106,18096.995540,0
2026-01-19T21:41:00.000000000Z,15.173079,69263.292423,89737.107431,54051.928298,69263.292423,103181.438743,18109.392637,0
2026-01-19T21:41:30.000000000Z,15.172802,69227.447255,89702.456322,54067.590078,69227.447255,103157.335268,18121.786541,0
2026-01-19T21:42:00.000000000Z,15.172526,69191.589070,89667.823915,54083.171508,69191.589070,103133.213399,18134.177125,0
2026-01-19T21:42:30.000000000Z,15.172251,69155.717700,89633.210063,54098.672500,69155.717700,103109.072895,18146.564391,0
2026-01-19T21:43:00.000000000Z,15.171976,69119.834207,89598.615845,54114.093453,69119.834207,103084.914833,18158.948359,0
2026-01-19T21:43:30.000000000Z,15.171702,69083.936924,89564.039722,54129.433826,69083.936924,103060.737509,18171.329111,0
2026-01-19T21:44:00.000000000Z,15.171429,69048.027701,89529.483739,54144.694089,69048.027701,103036.542929,18183.706383,0
2026-01-19T21:44:30.000000000Z,15.171156,69012.105510,89494.946757,54159.873955,69012.105510,103012.329853,18196.080349,0
2026-01-19T21:45:00.000000000Z,15.170884,68976.170490,89460.428815,54174.973535,68976.170490,102988.098286,18208.451132,0
2026-01-19T21:45:30.000000000Z,15.170613,68940.222147,89425.929821,54189.992491,68940.222147,102963.847948,18220.818482,0
2026-01-19T21:46:00.000000000Z,15.170342,68904.261175,89391.450380,54204.931236,68904.261175,102939.579481,18233.182598,0
2026-01-19T21:46:30.000000000Z,15.170073,68868.287340,89356.990322,54219.789570,68868.287340,102915.292581,18245.543384,0
2026-01-19T21:47:00.000000000Z,15.169803,68832.300510,89322.549581,54234.567463,68832.300510,102890.987105,18257.900871,0
2026-01-19T21:47:30.000000000Z,15.169535,68796.301899,89288.129727,54249.265207,68796.301899,102866.664550,18270.254790,0
2026-01-19T21:48:00.000000000Z,15.169267,68760.289525,89253.728569,54263.882227,68760.289525,102842.322594,18282.605429,0
2026-01-19T21:48:30.000000000Z,15.169000,68724.264260,89219.347039,54278.418908,68724.264260,102817.962175,18294.952841,0
2026-01-19T21:49:00.000000000Z,15.168734,68688.226238,89184.985602,54292.875159,68688.226238,102793.583621,18307.296800,0
2026-01-19T21:49:30.000000000Z,15.168468,68652.175260,89150.643731,54307.250917,68652.175260,102769.186349,18319.637469,0
2026-01-19T21:50:00.000000000Z,15.168203,68616.111065,89116.321600,54321.546072,68616.111065,102744.770409,18331.974712,0
2026-01-19T21:50:30.000000000Z,15.167939,68580.033773,89082.019161,54335.760739,68580.033773,102720.335727,18344.308680,0
2026-01-19T21:51:00.000000000Z,15.167676,68543.943908,89047.737006,54349.894986,68543.943908,102695.882814,18356.639233,0
2026-01-19T21:51:30.000000000Z,15.167413,68507.840749,89013.474703,54363.948607,68507.840749,102671.411114,18368.966399,0
2026-01-19T21:52:00.000000000Z,15.167151,68471.725002,88979.232831,54377.921800,68471.725002,102646.921174,18381.290162,0
2026-01-19T21:52:30.000000000Z,15.166890,68435.595738,88945.010765,54391.814238,68435.595738,102622.412220,18393.610472,0
2026-01-19T21:53:00.000000000Z,15.166630,68399.454311,88910.809698,54405.626396,68399.454311,102597.885468,18405.927364,0
2026-01-19T21:53:30.000000000Z,15.166370,68363.299482,88876.628461,54419.357962,68363.299482,102573.339646,18418.240998,0
2026-01-19T21:54:00.000000000Z,15.166112,68327.131795,88842.467929,54433.008892,68327.131795,102548.775482,18430.551041,0
2026-01-19T21:54:30.000000000Z,15.165854,68290.950998,88808.327658,54446.579287,68290.950998,102524.192533,18442.857775,0
2026-01-19T21:55:00.000000000Z,15.165596,68254.757462,88774.208163,54460.069107,68254.757462,102499.591192,18455.161000,0
2026-01-19T21:55:30.000000000Z,15.165340,68218.551123,88740.109323,54473.478453,68218.551123,102474.971315,18467.460878,0
2026-01-19T21:56:00.000000000Z,15.165084,68182.331386,88706.030892,54486.807006,68182.331386,102450.332489,18479.757227,0
2026-01-19T21:56:30.000000000Z,15.164829,68146.098524,88671.972992,54500.054982,68146.098524,102425.674836,18492.050228,0
2026-01-19T21:57:00.000000000Z,15.164575,68109.852676,88637.935953,54513.222287,68109.852676,102400.998562,18504.339697,0
2026-01-19T21:57:30.000000000Z,15.164322,68073.594066,88603.919976,54526.309114,68073.594066,102376.303856,18516.625762,0
2026-01-19T21:58:00.000000000Z,15.164070,68037.322091,88569.924602,54539.315166,68037.322091,102351.590112,18528.908338,0
2026-01-19T21:58:30.000000000Z,15.163818,68001.037183,88535.950409,54552.240645,68001.037183,102326.857877,18541.187426,0
2026-01-19T21:59:00.000000000Z,15.163567,67964.739359,88501.997223,54565.085525,67964.739359,102302.106911,18553.463086,0
2026-01-19T21:59:30.000000000Z,15.163317,67928.429165,88468.065745,54577.849943,67928.429165,102277.337847,18565.735211,0
2026-01-19T22:00:00.000000000Z,15.163068,67892.105921,88434.155350,54590.533793,67892.105921,102252.549999,18578.003955,0
2026-01-19T22:00:30.000000000Z,15.162820,67855.769652,88400.266210,54603.136901,67855.769652,102227.743396,18590.269111,0
2026-01-19T22:01:00.000000000Z,15.162572,67819.420175,88366.398258,54615.659327,67819.420175,102202.917930,18602.530781,0
2026-01-19T22:01:30.000000000Z,15.162326,67783.057794,88332.551633,54628.101093,67783.057794,102178.073671,18614.788956,0
2026-01-19T22:02:00.000000000Z,15.162080,67746.681834,88298.725963,54640.462169,67746.681834,102153.210199,18627.043747,0
2026-01-19T22:02:30.000000000Z,15.161835,67710.292988,88264.922033,54652.742490,67710.292988,102128.328149,18639.294859,0
2026-01-19T22:03:00.000000000Z,15.161591,67673.891000,88231.139497,54664.942190,67673.891000,102103.427182,18651.542545,0
2026-01-19T22:03:30.000000000Z,15.161348,67637.475745,88197.378386,54677.061126,67637.475745,102078.507210,18663.786681,0
2026-01-19T22:04:00.000000000Z,15.161105,67601.048158,88163.639569,54689.099635,67601.048158,102053.569099,18676.027283,0
2026-01-19T22:04:30.000000000Z,15.160864,67564.607425,88129.922400,54701.057446,67564.607425,102028.612083,18688.264349,0
2026-01-19T22:05:00.000000000Z,15.160623,67528.153635,88096.226945,54712.934546,67528.153635,102003.636152,18700.497863,0
2026-01-19T22:05:30.000000000Z,15.160384,67491.686571,88062.553164,54724.730904,67491.686571,101978.641193,18712.727828,0
2026-01-19T22:06:00.000000000Z,15.160145,67455.206979,88028.901620,54736.446734,67455.206979,101953.627742,18724.954254,0
2026-01-19T22:06:30.000000000Z,15.159907,67418.713784,87995.271611,54748.081784,67418.713784,101928.594988,18737.177180,0
2026-01-19T22:07:00.000000000Z,15.159670,67382.207320,87961.663464,54759.636028,67382.207320,101903.543161,18749.396480,0
2026-01-19T22:07:30.000000000Z,15.159434,67345.687970,87928.077457,54771.109731,67345.687970,101878.472554,18761.612312,0
2026-01-19T22:08:00.000000000Z,15.159199,67309.155323,87894.513524,54782.502610,67309.155323,101853.382934,18773.824453,0
2026-01-19T22:08:30.000000000Z,15.158965,67272.609239,87860.971413,54793.814792,67272.609239,101828.274052,18786.033131,0
2026-01-19T22:09:00.000000000Z,15.158731,67236.050834,87827.452189,54805.046435,67236.050834,101803.146889,18798.238115,0
2026-01-19T22:09:30.000000000Z,15.158499,67199.478886,87793.954806,54816.197300,67199.478886,101778.000322,18810.439581,0
2026-01-19T22:10:00.000000000Z,15.158267,67162.893515,87760.479540,54827.267391,67162.893515,101752.834546,18822.637447,0
2026-01-19T22:10:30.000000000Z,15.158037,67126.295879,87727.027341,54838.257003,67126.295879,101727.650488,18834.831651,0
2026-01-19T22:11:00.000000000Z,15.157807,67089.684673,87693.597159,54849.165823,67089.684673,101702.446994,18847.022302,0
2026-01-19T22:11:30.000000000Z,15.157579,67053.060019,87660.189227,54859.993875,67053.060019,101677.224225,18859.209349,0
2026-01-19T22:12:00.000000000Z,15.157351,67016.422635,87626.804215,54870.741376,67016.422635,101651.982821,18871.392760,0
2026-01-19T22:12:30.000000000Z,15.157124,66979.771962,87593.441739,54881.408116,66979.771962,101626.722285,18883.572493,0
2026-01-19T22:13:00.000000000Z,15.156898,66943.108492,87560.102190,54891.994295,66943.108492,101601.442992,18895.748602,0
2026-01-19T22:13:30.000000000Z,15.156674,66906.431879,87526.785463,54902.499729,66906.431879,101576.144715,18907.920954,0
2026-01-19T22:14:00.000000000Z,15.156450,66869.741672,87493.490618,54912.924415,66869.741672,101550.826513,18920.089928,0
2026-01-19T22:14:30.000000000Z,15.156227,66833.037864,87460.218448,54923.268346,66833.037864,101525.489060,18932.255223,0
2026-01-19T22:15:00.000000000Z,15.156005,66796.321955,87426.969864,54933.531840,66796.321955,101500.133260,18944.416813,0
2026-01-19T22:15:30.000000000Z,15.155784,66759.592362,87393.743914,54943.714509,66759.592362,101474.758020,18956.574694,0
2026-01-19T22:16:00.000000000Z,15.155564,66722.849472,87360.540855,54953.816574,66722.849472,101449.363601,18968.728988,0
2026-01-19T22:16:30.000000000Z,15.155345,66686.093694,87327.361219,54963.838004,66686.093694,101423.950425,18980.879481,0
2026-01-19T22:17:00.000000000Z,15.155127,66649.324445,87294.204307,54973.778699,66649.324445,101398.517742,18993.026343,0
2026-01-19T22:17:30.000000000Z,15.154910,66612.542671,87261.071136,54983.638896,66612.542671,101373.066527,19005.169431,0
2026-01-19T22:18:00.000000000Z,15.154694,66575.747087,87227.960679,54993.418278,66575.747087,101347.595644,19017.308836,0
2026-01-19T22:18:30.000000000Z,15.154479,66538.938465,87194.873150,55003.117056,66538.938465,101322.105311,19029.444683,0
2026-01-19T22:19:00.000000000Z,15.154265,66502.116044,87161.808385,55012.735120,66502.116044,101296.595274,19041.576936,0
2026-01-19T22:19:30.000000000Z,15.154052,66465.281311,87128.767497,55022.272751,66465.281311,101271.066612,19053.705456,0
2026-01-19T22:20:00.000000000Z,15.153840,66428.432650,87095.749635,55031.729523,66428.432650,101245.518315,19065.830165,0
2026-01-19T22:20:30.000000000Z,15.153630,66391.571573,87062.755835,55041.105980,66391.571573,101219.951489,19077.951194,0
2026-01-19T22:21:00.000000000Z,15.153420,66354.696809,87029.785428,55050.401652,66354.696809,101194.365277,19090.068359,0
2026-01-19T22:21:30.000000000Z,15.153211,66317.808588,86996.838092,55059.616654,66317.808588,101168.759363,19102.181891,0
2026-01-19T22:22:00.000000000Z,15.153003,66280.907109,86963.914324,55068.751034,66280.907109,101143.134168,19114.291655,0
2026-01-19T22:22:30.000000000Z,15.152797,66243.992271,86931.013898,55077.804823,66243.992271,101117.489436,19126.397770,0
2026-01-19T22:23:00.000000000Z,15.152591,66207.064547,86898.137514,55086.778085,66207.064547,101091.825779,19138.500040,0
2026-01-19T22:23:30.000000000Z,15.152386,66170.122922,86865.284063,55095.670678,66170.122922,101066.142058,19150.598747,0
2026-01-19T22:24:00.000000000Z,15.152183,66133.168328,86832.454563,55104.482649,66133.168328,101040.439176,19162.693563,0
2026-01-19T22:24:30.000000000Z,15.151980,66096.200451,86799.648973,55113.214151,66096.200451,101014.717096,19174.784637,0
2026-01-19T22:25:00.000000000Z,15.151779,66059.220301,86766.868003,55121.865337,66059.220301,100988.976472,19186.871874,0
2026-01-19T22:25:30.000000000Z,15.151579,66022.226011,86734.110313,55130.435708,66022.226011,100963.215820,19198.955297,0
2026-01-19T22:26:00.000000000Z,15.151380,65985.218283,86701.376250,55138.925529,65985.218283,100937.435500,19211.035025,0
2026-01-19T22:26:30.000000000Z,15.151182,65948.197300,86668.666168,55147.334787,65948.197300,100911.635781,19223.110919,0
2026-01-19T22:27:00.000000000Z,15.150985,65911.163021,86635.980065,55155.663534,65911.163021,100885.816622,19235.183028,0
2026-01-19T22:27:30.000000000Z,15.150789,65874.115304,86603.317713,55163.911749,65874.115304,100859.977748,19247.251418,0
2026-01-19T22:28:00.000000000Z,15.150594,65837.054266,86570.679522,55172.079486,65837.054266,100834.119500,19259.315987,0
2026-01-19T22:28:30.000000000Z,15.150400,65799.980083,86538.065498,55180.166731,65799.980083,100808.241825,19271.376723,0
2026-01-19T22:29:00.000000000Z,15.150207,65762.892690,86505.475913,55188.173585,65762.892690,100782.344954,19283.433617,0
2026-01-19T22:29:30.000000000Z,15.150016,65725.792137,86472.910614,55196.099928,65725.792137,100756.428647,19295.486614,0
2026-01-19T22:30:00.000000000Z,15.149826,65688.677943,86440.369148,55203.945773,65688.677943,100730.492430,19307.535893,0
2026-01-19T22:30:30.000000000Z,15.149636,65651.550696,86407.852262,55211.711192,65651.550696,100704.536967,19319.581244,0
2026-01-19T22:31:00.000000000Z,15.149448,65614.410089,86375.359539,55219.396226,65614.410089,100678.561833,19331.622856,0
2026-01-19T22:31:30.000000000Z,15.149261,65577.255983,86342.891161,55227.000786,65577.255983,100652.567108,19343.660577,0
2026-01-19T22:32:00.000000000Z,15.149076,65540.088226,86310.446874,55234.524822,65540.088226,100626.552481,19355.694454,0
2026-01-19T22:32:30.000000000Z,15.148891,65502.907520,86278.027348,55241.968611,65502.907520,100600.518623,19367.724492,0
2026-01-19T22:33:00.000000000Z,15.148707,65465.713338,86245.632214,55249.331941,65465.713338,100574.465057,19379.750628,0
2026-01-19T22:33:30.000000000Z,15.148525,65428.506003,86213.261740,55256.614999,65428.506003,100548.392048,19391.772934,0
2026-01-19T22:34:00.000000000Z,15.148344,65391.284993,86180.915535,55263.817540,65391.284993,100522.299088,19403.791322,0
2026-01-19T22:34:30.000000000Z,15.148164,65354.050428,86148.593849,55270.939682,65354.050428,100496.186398,19415.805805,0
2026-01-19T22:35:00.000000000Z,15.147985,65316.803073,86116.297293,55277.981604,65316.803073,100470.054557,19427.816318,0
2026-01-19T22:35:30.000000000Z,15.147807,65279.542579,86084.025417,55284.943347,65279.542579,100443.903111,19439.823062,0
2026-01-19T22:36:00.000000000Z,15.147630,65242.268208,86051.777942,55291.824662,65242.268208,100417.731656,19451.825894,0
2026-01-19T22:36:30.000000000Z,15.147455,65204.980206,86019.555041,55298.625556,65204.980206,100391.540297,19463.824768,0
2026-01-19T22:37:00.000000000Z,15.147281,65167.679019,85987.357006,55305.346241,65167.679019,100365.329335,19475.819758,0
2026-01-19T22:37:30.000000000Z,15.147108,65130.364228,85955.183681,55311.986547,65130.364228,100339.098508,19487.810757,0
2026-01-19T22:38:00.000000000Z,15.146936,65093.036108,85923.035147,55318.546693,65093.036108,100312.847920,19499.797933,0
2026-01-19T22:38:30.000000000Z,15.146766,65055.694246,85890.911246,55325.026446,65055.694246,100286.577285,19511.781119,0
2026-01-19T22:39:00.000000000Z,15.146596,65018.339006,85858.812460,55331.425974,65018.339006,100260.287061,19523.760284,0
2026-01-19T22:39:30.000000000Z,15.146428,64980.970520,85826.738572,55337.745362,64980.970520,100233.977029,19535.735583,0
2026-01-19T22:40:00.000000000Z,15.146261,64943.588674,85794.689715,55343.984622,64943.588674,100207.647261,19547.706965,0
2026-01-19T22:40:30.000000000Z,15.146095,64906.193256,85762.665848,55350.143669,64906.193256,100181.297638,19559.674361,0
2026-01-19T22:41:00.000000000Z,15.145931,64868.784357,85730.667020,55356.222500,64868.784357,100154.928153,19571.637738,0
2026-01-19T22:41:30.000000000Z,15.145768,64831.361841,85698.693144,55362.221067,64831.361841,100128.538657,19583.597076,0
2026-01-19T22:42:00.000000000Z,15.145606,64793.926051,85666.744477,55368.139615,64793.926051,100102.129428,19595.552498,0
2026-01-19T22:42:30.000000000Z,15.145445,64756.476668,85634.820854,55373.978029,64756.476668,100075.700220,19607.503945,0
2026-01-19T22:43:00.000000000Z,15.145285,64719.013935,85602.922517,55379.736364,64719.013935,100049.251228,19619.451370,0
2026-01-19T22:43:30.000000000Z,15.145127,64681.537851,85571.049482,55385.414732,64681.537851,100022.782457,19631.394859,0
2026-01-19T22:44:00.000000000Z,15.144970,64644.047616,85539.200979,55391.012767,64644.047616,99996.293008,19643.334347,0
2026-01-19T22:44:30.000000000Z,15.144814,64606.544137,85507.378043,55396.530807,64606.544137,99969.783916,19655.269751,0
2026-01-19T22:45:00.000000000Z,15.144660,64569.027492,85475.580702,55401.968989,64569.027492,99943.255210,19667.201176,0
2026-01-19T22:45:30.000000000Z,15.144506,64531.497099,85443.808431,55407.327053,64531.497099,99916.706258,19679.128562,0
2026-01-19T22:46:00.000000000Z,15.144354,64493.953192,85412.061520,55412.605129,64493.953192,99890.137326,19691.051912,0
2026-01-19T22:46:30.000000000Z,15.144204,64456.395918,85380.340065,55417.803334,64456.395918,99863.548498,19702.971281,0
2026-01-19T22:47:00.000000000Z,15.144054,64418.825152,85348.644094,55422.921544,64418.825152,99836.939709,19714.886528,0
2026-01-19T22:47:30.000000000Z,15.143906,64381.240875,85316.973610,55427.959800,64381.240875,99810.310923,19726.797685,0
2026-01-19T22:48:00.000000000Z,15.143759,64343.643068,85285.328517,55432.918233,64343.643068,99783.662057,19738.704890,0
2026-01-19T22:48:30.000000000Z,15.143614,64306.031062,85253.708328,55437.796467,64306.031062,99756.992466,19750.607960,0
2026-01-19T22:49:00.000000000Z,15.143469,64268.406342,85222.114416,55442.595138,64268.406342,99730.303619,19762.506959,0
2026-01-19T22:49:30.000000000Z,15.143326,64230.768070,85190.546036,55447.313997,64230.768070,99703.594681,19774.401917,0
2026-01-19T22:50:00.000000000Z,15.143185,64193.115776,85159.002755,55451.952842,64193.115776,99676.865128,19786.292792,0
2026-01-19T22:50:30.000000000Z,15.143044,64155.450050,85127.485199,55456.511934,64155.450050,99650.115593,19798.179577,0
2026-01-19T22:51:00.000000000Z,15.142905,64117.770641,85095.993091,55460.991210,64117.770641,99623.345746,19810.062299,0
2026-01-19T22:51:30.000000000Z,15.142768,64080.077814,85064.526842,55465.390738,64080.077814,99596.555951,19821.940852,0
2026-01-19T22:52:00.000000000Z,15.142631,64042.371258,85033.086154,55469.710448,64042.371258,99569.745858,19833.815265,0
2026-01-19T22:52:30.000000000Z,15.142496,64004.651283,85001.671206,55473.950542,64004.651283,99542.915660,19845.685639,0
2026-01-19T22:53:00.000000000Z,15.142363,63966.917585,84970.281948,55478.110808,63966.917585,99516.065188,19857.551778,0
2026-01-19T22:53:30.000000000Z,15.142230,63929.170818,84938.918810,55482.191798,63929.170818,99489.195001,19869.414016,0
2026-01-19T22:54:00.000000000Z,15.142099,63891.409902,84907.581039,55486.192787,63891.409902,99462.304086,19881.271941,0
2026-01-19T22:54:30.000000000Z,15.141970,63853.635161,84876.268846,55490.114025,63853.635161,99435.392684,19893.125686,0
2026-01-19T22:55:00.000000000Z,15.141841,63815.847004,84844.982560,55493.955803,63815.847004,99408.461166,19904.975380,0
2026-01-19T22:55:30.000000000Z,15.141714,63778.045169,84813.722040,55497.717935,63778.045169,99381.509287,19916.820883,0
2026-01-19T22:56:00.000000000Z,15.141589,63740.229788,84782.487468,55501.400553,63740.229788,99354.537221,19928.662228,0
2026-01-19T22:56:30.000000000Z,15.141464,63702.400784,84751.278797,55505.003632,63702.400784,99327.544871,19940.499389,0
2026-01-19T22:57:00.000000000Z,15.141341,63664.558126,84720.095985,55508.527162,63664.558126,99300.532150,19952.332349,0
2026-01-19T22:57:30.000000000Z,15.141220,63626.702270,84688.939551,55511.971356,63626.702270,99273.499576,19964.161092,0
2026-01-19T22:58:00.000000000Z,15.141100,63588.832574,84657.808826,55515.336106,63588.832574,99246.446444,19975.985744,0
2026-01-19T22:58:30.000000000Z,15.140981,63550.948718,84626.703645,55518.621165,63550.948718,99219.372467,19987.806113,0
2026-01-19T22:59:00.000000000Z,15.140864,63513.051305,84595.624604,55521.826828,63513.051305,99192.278263,19999.622232,0
2026-01-19T22:59:30.000000000Z,15.140748,63475.140608,84564.571735,55524.953356,63475.140608,99165.163918,20011.434307,0
2026-01-19T23:00:00.000000000Z,15.140633,63437.216203,84533.544863,55528.000436,63437.216203,99138.029111,20023.242086,0
2026-01-19T23:00:30.000000000Z,15.140520,63399.278046,84502.543964,55530.968199,63399.278046,99110.873823,20035.045678,0
2026-01-19T23:01:00.000000000Z,15.140408,63361.326157,84471.569099,55533.856598,63361.326157,99083.698056,20046.844992,0
2026-01-19T23:01:30.000000000Z,15.140298,63323.360029,84440.619797,55536.665526,63323.360029,99056.501290,20058.640077,0
2026-01-19T23:02:00.000000000Z,15.140189,63285.381304,84409.697577,55539.395625,63285.381304,99029.285130,20070.430939,0
2026-01-19T23:02:30.000000000Z,15.140082,63247.388659,84378.801224,55542.046400,63247.388659,99002.048226,20082.217545,0
2026-01-19T23:03:00.000000000Z,15.139976,63209.381909,84347.930642,55544.617828,63209.381909,98974.790436,20093.999884,0
2026-01-19T23:03:30.000000000Z,15.139871,63171.361433,84317.086310,55547.110049,63171.361433,98947.512220,20105.777880,0
2026-01-19T23:04:00.000000000Z,15.139768,63133.327382,84286.268115,55549.523257,63133.327382,98920.213502,20117.551730,0
2026-01-19T23:04:30.000000000Z,15.139666,63095.279415,84255.475850,55551.857280,63095.279415,98892.893987,20129.321322,0
2026-01-19T23:05:00.000000000Z,15.139566,63057.217679,84224.709865,55554.112178,63057.217679,98865.553982,20141.086555,0
2026-01-19T23:05:30.000000000Z,15.139467,63019.142161,84193.969974,55556.287992,63019.142161,98838.193290,20152.847507,0
2026-01-19T23:06:00.000000000Z,15.139369,62981.052606,84163.255983,55558.384709,62981.052606,98810.811686,20164.604211,0
2026-01-19T23:06:30.000000000Z,15.139273,62942.949728,84132.568696,55560.402517,62942.949728,98783.409948,20176.356512,0
2026-01-19T23:07:00.000000000Z,15.139179,62904.833290,84101.907745,55562.341473,62904.833290,98755.987717,20188.104572,0
2026-01-19T23:07:30.000000000Z,15.139086,62866.702818,84071.272795,55564.201395,62866.702818,98728.544576,20199.848317,0
2026-01-19T23:08:00.000000000Z,15.138994,62828.558557,84040.664158,55565.982285,62828.558557,98701.080775,20211.587602,0
2026-01-19T23:08:30.000000000Z,15.138904,62790.400591,84010.081832,55567.684375,62790.400591,98673.596361,20223.322612,0
2026-01-19T23:09:00.000000000Z,15.138816,62752.228336,83979.525261,55569.307393,62752.228336,98646.090679,20235.053272,0
2026-01-19T23:09:30.000000000Z,15.138728,62714.042529,83948.995254,55570.851742,62714.042529,98618.564593,20246.779622,0
2026-01-19T23:10:00.000000000Z,15.138643,62675.842881,83918.491498,55572.317293,62675.842881,98591.017727,20258.501629,0
2026-01-19T23:10:30.000000000Z,15.138559,62637.629575,83888.014180,55573.704095,62637.629575,98563.450234,20270.219238,0
2026-01-19T23:11:00.000000000Z,15.138476,62599.402128,83857.562968,55575.011995,62599.402128,98535.861713,20281.932395,0
2026-01-19T23:11:30.000000000Z,15.138395,62561.160994,83827.138133,55576.241298,62561.160994,98508.252493,20293.641251,0
2026-01-19T23:12:00.000000000Z,15.138315,62522.906318,83796.739808,55577.392103,62522.906318,98480.622697,20305.345813,0
2026-01-19T23:12:30.000000000Z,15.138237,62484.637619,83766.367697,55578.464097,62484.637619,98452.971898,20317.045871,0
2026-01-19T23:13:00.000000000Z,15.138160,62446.355278,83736.022138,55579.457603,62446.355278,98425.300495,20328.741563,0
2026-01-19T23:13:30.000000000Z,15.138085,62408.058825,83705.702761,55580.372252,62408.058825,98397.607969,20340.432649,0
2026-01-19T23:14:00.000000000Z,15.138011,62369.748913,83675.409903,55581.208731,62369.748913,98369.894856,20352.119607,0
2026-01-19T23:14:30.000000000Z,15.137939,62331.424681,83645.143230,55581.966503,62331.424681,98342.160609,20363.802029,0
2026-01-19T23:15:00.000000000Z,15.137869,62293.086972,83614.903128,55582.645919,62293.086972,98314.405683,20375.480060,0
2026-01-19T23:15:30.000000000Z,15.137800,62254.735114,83584.689243,55583.246748,62254.735114,98286.629629,20387.153581,0
2026-01-19T23:16:00.000000000Z,15.137732,62216.369448,83554.501791,55583.769252,62216.369448,98258.832710,20398.822721,0
2026-01-19T23:16:30.000000000Z,15.137666,62177.990041,83524.340817,55584.213450,62177.990041,98231.014941,20410.487441,0
2026-01-19T23:17:00.000000000Z,15.137602,62139.596686,83494.206302,55584.579232,62139.596686,98203.176229,20422.147611,0
2026-01-19T23:17:30.000000000Z,15.137539,62101.189326,83464.098039,55584.866704,62101.189326,98175.316388,20433.803368,0
2026-01-19T23:18:00.000000000Z,15.137478,62062.768180,83434.016344,55585.075868,62062.768180,98147.435679,20445.454558,0
2026-01-19T23:18:30.000000000Z,15.137418,62024.333691,83403.961299,55585.207186,62024.333691,98119.534318,20457.101542,0
2026-01-19T23:19:00.000000000Z,15.137360,61985.884439,83373.932216,55585.259883,61985.884439,98091.611343,20468.743817,0
2026-01-19T23:19:30.000000000Z,15.137303,61947.421674,83343.929758,55585.234598,61947.421674,98063.667576,20480.381691,0
2026-01-19T23:20:00.000000000Z,15.137248,61908.944743,83313.953605,55585.131034,61908.944743,98035.702578,20492.014968,0
2026-01-19T23:20:30.000000000Z,15.137195,61870.453996,83284.003965,55584.949460,61870.453996,98007.716608,20503.643779,0
2026-01-19T23:21:00.000000000Z,15.137143,61831.949165,83254.080647,55584.689752,61831.949165,97979.709412,20515.268042,0
2026-01-19T23:21:30.000000000Z,15.137092,61793.430741,83224.184052,55584.352171,61793.430741,97951.681427,20526.887807,0
2026-01-19T23:22:00.000000000Z,15.137044,61754.897873,83194.313500,55583.936455,61754.897873,97923.631894,20538.503044,0
2026-01-19T23:22:30.000000000Z,15.136996,61716.351360,83164.469596,55583.442834,61716.351360,97895.561429,20550.113698,0
2026-01-19T23:23:00.000000000Z,15.136951,61677.791117,83134.652258,55582.871515,61677.791117,97867.470002,20561.719952,0
2026-01-19T23:23:30.000000000Z,15.136907,61639.216718,83104.861364,55582.222171,61639.216718,97839.357347,20573.321504,0
2026-01-19T23:24:00.000000000Z,15.136865,61600.628334,83075.096892,55581.495039,61600.628334,97811.223503,20584.918540,0
2026-01-19T23:24:30.000000000Z,15.136824,61562.025875,83045.358707,55580.690007,61562.025875,97783.068271,20596.510964,0
2026-01-19T23:25:00.000000000Z,15.136785,61523.409233,83015.646628,55579.807146,61523.409233,97754.891482,20608.098865,0
2026-01-19T23:25:30.000000000Z,15.136747,61484.778971,82985.961498,55578.846741,61484.778971,97726.693993,20619.682150,0
2026-01-19T23:26:00.000000000Z,15.136711,61446.134580,82956.302584,55577.808592,61446.134580,97698.475021,20631.260862,0
2026-01-19T23:26:30.000000000Z,15.136677,61407.476268,82926.670297,55576.692905,61407.476268,97670.234996,20642.834993,0
2026-01-19T23:27:00.000000000Z,15.136644,61368.803823,82897.064211,55575.499455,61368.803823,97641.973410,20654.404450,0
2026-01-19T23:27:30.000000000Z,15.136613,61330.117312,82867.484570,55574.228549,61330.117312,97613.690573,20665.969380,0
2026-01-19T23:28:00.000000000Z,15.136584,61291.416718,82837.931256,55572.880060,61291.416718,97585.386303,20677.529663,0
2026-01-19T23:28:30.000000000Z,15.136556,61252.702353,82808.404664,55571.454207,61252.702353,97557.061019,20689.085311,0
2026-01-19T23:29:00.000000000Z,15.136530,61213.973726,82778.904176,55569.950753,61213.973726,97528.714031,20700.636285,0
2026-01-19T23:29:30.000000000Z,15.136506,61175.230827,82749.429776,55568.369841,61175.230827,97500.345352,20712.182678,0
