2026-01-19T17:00:00.000Z,51,51,2061,8.42,-6.25,4.26,-3.68,428.4,-423.8,-51.0,36.1,3.75,42582,1.38,607,-20
2026-01-19T17:01:00.000Z,51,51,2093,8.32,-6.02,4.42,-3.67,428.4,-423.8,-51.0,36.1,3.75,42582,1.38,589,-20
2026-01-19T17:02:00.000Z,51,51,2124,8.29,-5.96,4.54,-3.55,428.4,-423.8,-51.0,36.1,3.75,42582,1.38,563,-21
2026-01-19T17:03:00.000Z,51,99,2155,8.34,-5.75,4.72,-3.75,99999.9,99999.9,99999.9,99999.9,999.99,9999999.0,99.99,614,-20
2026-01-19T17:04:00.000Z,51,51,2187,8.54,-5.57,4.63,-4.48,439.2,-432.9,-61.6,40.7,4.28,55325,1.65,696,-20
2026-01-19T17:05:00.000Z,51,51,2220,8.85,-5.85,4.15,-5.17,439.2,-432.9,-61.6,40.7,4.28,55325,1.65,749,-20
2026-01-19T17:06:00.000Z,99,51,999999,9999.99,9999.99,9999.99,9999.99,439.2,-432.9,-61.6,40.7,4.28,55325,1.65,764,-20
2026-01-19T17:07:00.000Z,51,99,2312,8.91,-5.98,4.00,-5.24,99999.9,99999.9,99999.9,99999.9,999.99,9999999.0,99.99,742,-20
2026-01-19T17:08:00.000Z,51,99,2399,8.86,-5.46,4.67,-5.19,99999.9,99999.9,99999.9,99999.9,999.99,9999999.0,99.99,671,-20
2026-01-19T17:09:00.000Z,51,99,2399,8.86,-5.46,4.67,-5.19,99999.9,99999.9,99999.9,99999.9,999.99,9999999.0,99.99,646,-21
2026-01-19T17:10:00.000Z,51,99,2490,8.91,-5.27,4.89,-5.25,99999.9,99999.9,99999.9,99999.9,999.99,9999999.0,99.99,657,-21
2026-01-19T17:11:00.000Z,51,99,2490,8.91,-5.27,4.89,-5.25,99999.9,99999.9,99999.9,99999.9,999.99,9999999.0,99.99,658,-22
2026-01-19T17:12:00.000Z,51,99,2586,8.92,-5.26,4.34,-5.70,99999.9,99999.9,99999.9,99999.9,999.99,9999999.0,99.99,640,-23
2026-01-19T17:13:00.000Z,99,99,999999,9999.99,9999.99,9999.99,9999.99,99999.9,99999.9,99999.9,99999.9,999.99,9999999.0,99.99,636,-24
2026-01-19T17:14:00.000Z,51,51,2712,8.85,-5.49,4.24,-5.47,449.1,-443.1,-53.2,50.2,4.03,48214,1.63,713,-24
2026-01-19T17:15:00.000Z,51,51,2712,8.85,-5.49,4.24,-5.47,449.1,-443.1,-53.2,50.2,4.03,48214,1.63,765,-24
2026-01-19T17:16:00.000Z,99,51,999999,9999.99,9999.99,9999.99,9999.99,449.1,-443.1,-53.2,50.2,4.03,48214,1.63,813,-23
2026-01-19T17:17:00.000Z,51,99,2849,8.77,-5.52,4.53,-5.09,99999.9,99999.9,99999.9,99999.9,999.99,9999999.0,99.99,816,-23
2026-01-19T17:18:00.000Z,51,99,2895,8.77,-5.85,3.76,-5.34,99999.9,99999.9,99999.9,99999.9,999.99,9999999.0,99.99,841,-24
2026-01-19T17:19:00.000Z,51,99,2905,8.71,-5.81,3.39,-5.52,99999.9,99999.9,99999.9,99999.9,999.99,9999999.0,99.99,838,-23
2026-01-19T17:20:00.000Z,51,99,2987,8.61,-5.46,3.58,-5.61,99999.9,99999.9,99999.9,99999.9,999.99,9999999.0,99.99,837,-23
2026-01-19T17:21:00.000Z,51,99,3047,8.50,-5.42,3.90,-5.25,99999.9,99999.9,99999.9,99999.9,999.99,9999999.0,99.99,839,-23
2026-01-19T17:22:00.000Z,51,51,2981,8.27,-5.62,2.68,-5.03,442.7,-437.0,-50.0,49.5,3.75,44563,1.47,833,-23
2026-01-19T17:23:00.000Z,51,51,3041,8.02,-5.44,2.90,-5.06,439.8,-433.7,-46.4,55.6,3.69,49041,1.43,800,-24
2026-01-19T17:24:00.000Z,51,51,3082,7.83,-5.85,2.91,-4.24,436.6,-430.0,-42.3,62.4,3.62,54051,1.38,808,-24
2026-01-19T17:25:00.000Z,51,99,2809,7.53,-6.54,-1.10,-3.54,99999.9,99999.9,99999.9,99999.9,999.99,9999999.0,99.99,850,-24
2026-01-19T17:26:00.000Z,51,99,3024,7.60,-6.41,0.89,-3.34,99999.9,99999.9,99999.9,99999.9,999.99,9999999.0,99.99,892,-24
2026-01-19T17:27:00.000Z,51,99,2929,7.55,-6.69,-1.38,-3.18,99999.9,99999.9,99999.9,99999.9,999.99,9999999.0,99.99,913,-24
2026-01-19T17:28:00.000Z,51,51,3260,7.59,-6.10,3.81,-2.42,412.6,-410.6,0.0,40.4,2.59,37420,0.88,909,-24
2026-01-19T17:29:00.000Z,51,51,2230,7.65,-5.74,1.17,-4.47,420.1,-416.8,-10.9,47.2,2.87,44889,1.01,883,-23
2026-01-19T17:30:00.000Z,51,51,1589,7.99,-5.92,1.45,-5.15,432.9,-427.5,-29.5,59.0,3.34,57668,1.25,857,-24
2026-01-19T17:31:00.000Z,51,99,1869,8.60,-6.12,1.75,-5.55,99999.9,99999.9,99999.9,99999.9,999.99,9999999.0,99.99,819,-24
2026-01-19T17:32:00.000Z,51,51,2525,7.74,-6.16,0.94,-4.24,413.8,-410.7,-8.3,49.4,2.72,48900,0.93,755,-24
2026-01-19T17:33:00.000Z,51,51,2616,7.92,-6.11,2.06,-4.08,415.2,-411.9,-15.3,47.1,2.77,46556,0.96,718,-25
2026-01-19T17:34:00.000Z,51,51,2811,7.77,-6.08,1.72,-4.17,423.4,-418.4,-55.3,34.1,3.03,33278,1.09,691,-25
2026-01-19T17:35:00.000Z,51,51,2590,8.13,-6.93,1.45,-3.60,423.4,-418.4,-55.3,34.1,3.03,33269,1.09,681,-25
2026-01-19T17:36:00.000Z,51,99,2783,7.88,-6.52,0.94,-3.72,99999.9,99999.9,99999.9,99999.9,999.99,9999999.0,99.99,691,-26
2026-01-19T17:37:00.000Z,51,99,2659,8.25,-6.35,1.22,-3.86,99999.9,99999.9,99999.9,99999.9,999.99,9999999.0,99.99,702,-26
2026-01-19T17:38:00.000Z,51,51,2742,8.60,-5.61,2.48,-2.06,417.2,-414.5,4.6,47.9,2.95,36851,1.03,697,-26
2026-01-19T17:39:00.000Z,51,51,1904,8.97,-4.56,6.63,0.19,417.2,-414.5,4.6,47.9,2.95,36851,1.03,685,-26
2026-01-19T17:40:00.000Z,51,99,2391,8.93,-6.01,3.52,1.04,99999.9,99999.9,99999.9,99999.9,999.99,9999999.0,99.99,664,-28
2026-01-19T17:41:00.000Z,51,51,1754,8.75,-7.55,3.15,-2.76,419.7,-413.9,-53.0,45.5,3.11,45986,1.10,600,-29
2026-01-19T17:42:00.000Z,51,51,2072,8.71,-6.49,2.24,-3.78,412.3,-409.5,-40.3,22.2,3.58,57818,1.22,604,-30
2026-01-19T17:43:00.000Z,51,51,1936,7.66,-5.70,3.66,-1.71,433.3,-428.8,-42.7,34.3,3.68,61712,1.38,625,-31
2026-01-19T17:44:00.000Z,51,51,1468,7.05,-5.13,4.14,-0.67,432.9,-427.7,-63.8,8.2,3.88,70955,1.45,581,-31
2026-01-19T17:45:00.000Z,51,51,1546,6.42,-4.86,2.69,-0.36,441.7,-437.3,-56.0,26.6,3.51,74879,1.37,550,-31
2026-01-19T17:46:00.000Z,51,51,1577,6.56,-5.00,2.53,-1.72,428.7,-424.3,-55.8,15.2,2.98,63586,1.10,570,-31
2026-01-19T17:47:00.000Z,51,51,1583,6.37,-5.13,1.72,-0.07,426.9,-421.7,-52.4,26.3,2.96,57848,1.08,607,-32
2026-01-19T17:48:00.000Z,51,51,1757,6.50,-5.44,1.21,-0.10,428.1,-424.2,-30.7,16.2,2.50,42169,0.92,584,-31
2026-01-19T17:49:00.000Z,51,51,1736,6.40,-4.24,3.03,-1.95,452.7,-446.4,-63.9,34.0,3.07,74147,1.26,593,-31
2026-01-19T17:50:00.000Z,51,51,1590,6.68,-4.69,3.37,-1.71,454.0,-447.1,-66.2,41.0,3.54,93100,1.46,568,-32
2026-01-19T17:51:00.000Z,51,51,1165,7.74,-5.74,2.87,-1.68,438.2,-428.6,-82.5,35.8,4.56,135559,1.75,581,-32
2026-01-19T17:52:00.000Z,51,51,2565,7.05,-5.76,1.19,-1.79,421.0,-417.4,-35.0,31.9,3.04,60982,1.08,605,-31
2026-01-19T17:53:00.000Z,51,51,2402,7.27,-4.99,1.98,-1.80,429.5,-424.8,-32.1,15.4,3.41,64743,1.26,604,-31
2026-01-19T17:54:00.000Z,51,51,1537,8.61,-4.75,2.86,-1.33,433.1,-427.3,-51.0,26.5,3.08,54143,1.16,603,-31
2026-01-19T17:55:00.000Z,51,51,2410,7.06,-5.03,0.20,-0.04,432.8,-429.1,-28.0,31.4,3.08,43861,1.15,617,-30
2026-01-19T17:56:00.000Z,51,51,3232,7.41,-6.26,-1.02,-1.75,444.8,-441.3,-40.3,-15.1,2.78,51900,1.10,626,-30
2026-01-19T17:57:00.000Z,51,51,2916,7.05,-6.11,-0.64,-1.20,411.7,-410.4,9.0,31.7,2.90,43648,0.98,644,-30
2026-01-19T17:58:00.000Z,51,51,157,10.46,-3.11,5.49,0.61,416.9,-414.5,-13.9,22.7,2.69,44313,0.94,677,-31
2026-01-19T17:59:00.000Z,51,51,-4107,18.86,1.53,11.88,7.79,428.3,-423.5,-63.4,3.2,2.23,45753,0.82,717,-31
2026-01-19T18:00:00.000Z,51,51,-3429,19.43,-7.69,11.53,-9.42,406.0,-153.6,-76.8,-297.0,19.13,2878312,6.31,769,-31
2026-01-19T18:01:00.000Z,51,51,2149,6.42,-4.73,2.20,-2.00,430.9,-380.8,-49.2,-21.4,5.65,565569,2.10,779,-31
2026-01-19T18:02:00.000Z,51,51,1832,9.73,-6.53,3.58,-4.74,436.2,-430.7,-41.5,43.3,2.68,47948,1.02,744,-32
2026-01-19T18:03:00.000Z,51,51,2475,7.47,-5.69,2.09,-3.90,428.4,-422.9,-19.7,65.2,2.96,37353,1.09,748,-32
2026-01-19T18:04:00.000Z,51,51,-972,12.34,-7.35,4.69,-7.38,429.5,-425.2,-41.3,42.2,3.83,74758,1.41,777,-32
2026-01-19T18:05:00.000Z,51,51,-4779,22.51,-10.05,8.46,-16.43,430.8,-427.9,-23.2,42.5,3.82,70815,1.42,810,-31
2026-01-19T18:06:00.000Z,51,51,-2819,17.69,-8.28,7.01,-11.75,430.8,-428.7,-13.3,40.5,3.83,71510,1.42,805,-32
2026-01-19T18:07:00.000Z,51,51,-3862,17.96,-7.57,9.00,-12.00,427.3,-421.4,-34.0,62.6,3.48,58818,1.27,783,-32
2026-01-19T18:08:00.000Z,51,51,3179,7.33,-6.24,0.65,-2.00,427.3,-421.4,-34.0,62.6,3.48,58818,1.27,775,-32
2026-01-19T18:09:00.000Z,51,51,4301,7.93,-6.91,-1.78,-2.21,412.1,-410.7,-5.6,15.3,2.91,43068,0.99,738,-32
2026-01-19T18:10:00.000Z,51,51,-4849,29.01,-6.43,24.40,-12.83,421.2,-419.1,-26.6,6.4,3.12,75618,1.11,701,-31
2026-01-19T18:11:00.000Z,51,51,1165,6.72,-3.55,5.65,-0.65,435.8,-431.8,-58.6,7.1,3.54,118674,1.34,703,-31
2026-01-19T18:12:00.000Z,51,99,1207,6.80,-3.95,4.89,-2.46,99999.9,99999.9,99999.9,99999.9,999.99,9999999.0,99.99,719,-31
2026-01-19T18:13:00.000Z,51,99,2839,7.38,-4.96,2.97,-3.96,99999.9,99999.9,99999.9,99999.9,999.99,9999999.0,99.99,713,-30
2026-01-19T18:14:00.000Z,51,99,1278,6.72,-3.54,3.90,-2.85,99999.9,99999.9,99999.9,99999.9,999.99,9999999.0,99.99,694,-29
2026-01-19T18:15:00.000Z,51,99,2215,7.34,-1.94,-1.03,-6.34,99999.9,99999.9,99999.9,99999.9,999.99,9999999.0,99.99,721,-29
2026-01-19T18:16:00.000Z,51,99,-5138,24.12,-9.03,11.43,-17.38,99999.9,99999.9,99999.9,99999.9,999.99,9999999.0,99.99,716,-28
2026-01-19T18:17:00.000Z,99,99,999999,9999.99,9999.99,9999.99,9999.99,99999.9,99999.9,99999.9,99999.9,999.99,9999999.0,99.99,729,-28
2026-01-19T18:18:00.000Z,51,99,1474,7.56,-3.60,-0.33,-6.18,99999.9,99999.9,99999.9,99999.9,999.99,9999999.0,99.99,746,-28
2026-01-19T18:19:00.000Z,51,99,4833,8.20,-5.62,1.20,-5.86,99999.9,99999.9,99999.9,99999.9,999.99,9999999.0,99.99,719,-27
2026-01-19T18:20:00.000Z,51,99,3219,7.92,-5.83,1.50,-5.05,99999.9,99999.9,99999.9,99999.9,999.99,9999999.0,99.99,754,-27
2026-01-19T18:21:00.000Z,99,99,999999,9999.99,9999.99,9999.99,9999.99,99999.9,99999.9,99999.9,99999.9,999.99,9999999.0,99.99,792,-27
2026-01-19T18:22:00.000Z,51,99,-4983,31.16,-3.55,27.37,-11.43,99999.9,99999.9,99999.9,99999.9,999.99,9999999.0,99.99,728,-26
2026-01-19T18:23:00.000Z,51,99,4924,8.12,-5.73,1.41,-5.55,99999.9,99999.9,99999.9,99999.9,999.99,9999999.0,99.99,626,-26
2026-01-19T18:24:00.000Z,51,99,1821,7.94,-5.86,2.16,-4.86,99999.9,99999.9,99999.9,99999.9,999.99,9999999.0,99.99,756,-26
2026-01-19T18:25:00.000Z,51,99,1821,7.94,-5.86,2.16,-4.86,99999.9,99999.9,99999.9,99999.9,999.99,9999999.0,99.99,688,-26
2026-01-19T18:26:00.000Z,51,99,1923,7.79,-6.31,1.31,-4.30,99999.9,99999.9,99999.9,99999.9,999.99,9999999.0,99.99,653,-26
2026-01-19T18:27:00.000Z,51,99,5060,8.07,-6.12,1.37,-5.04,99999.9,99999.9,99999.9,99999.9,999.99,9999999.0,99.99,665,-26
2026-01-19T18:28:00.000Z,51,99,2019,7.90,-6.72,0.87,-4.00,99999.9,99999.9,99999.9,99999.9,999.99,9999999.0,99.99,694,-26
2026-01-19T18:29:00.000Z,99,99,999999,9999.99,9999.99,9999.99,9999.99,99999.9,99999.9,99999.9,99999.9,999.99,9999999.0,99.99,718,-25
2026-01-19T18:30:00.000Z,51,51,2100,7.96,-6.50,1.12,-4.44,427.6,-423.4,-35.5,48.6,4.36,80204,1.59,741,-25
2026-01-19T18:31:00.000Z,51,51,2176,8.17,-5.69,0.07,-5.65,427.6,-423.4,-35.5,48.6,4.36,80204,1.59,785,-25
2026-01-19T18:32:00.000Z,51,99,744,11.24,-4.88,4.52,-6.60,99999.9,99999.9,99999.9,99999.9,999.99,9999999.0,99.99,889,-24
2026-01-19T18:33:00.000Z,51,99,1273,10.12,-5.28,5.24,-5.54,99999.9,99999.9,99999.9,99999.9,999.99,9999999.0,99.99,793,-23
2026-01-19T18:34:00.000Z,51,51,-3163,25.61,-4.80,22.27,-8.32,414.6,-93.5,-93.3,-391.3,23.17,3589764,7.97,764,-23
2026-01-19T18:35:00.000Z,51,51,2289,7.83,-5.90,3.53,-3.74,436.2,-342.2,-57.9,-73.0,9.55,1089698,3.63,955,-22
2026-01-19T18:36:00.000Z,51,51,2069,8.41,-5.99,3.96,-3.90,444.6,-439.4,-44.0,51.4,4.38,112438,1.73,1021,-22
2026-01-19T18:37:00.000Z,51,99,-2070,18.69,-7.18,13.65,-7.84,99999.9,99999.9,99999.9,99999.9,999.99,9999999.0,99.99,1104,-22
2026-01-19T18:38:00.000Z,51,51,-3300,18.14,-4.44,15.20,-3.98,428.8,-95.2,-95.7,-407.0,24.29,3708998,8.93,1284,-22
2026-01-19T18:39:00.000Z,51,51,605,10.92,-6.81,5.83,-5.21,428.8,-95.2,-95.7,-407.0,24.29,3708998,8.93,1365,-22
2026-01-19T18:40:00.000Z,51,51,652,11.14,-6.18,6.55,-5.51,450.2,-443.5,-48.1,60.8,4.13,106922,1.67,1085,-22
2026-01-19T18:41:00.000Z,51,51,2345,7.99,-5.96,2.47,-4.31,442.4,-436.6,-48.9,50.9,4.24,83681,1.66,1123,-22
2026-01-19T18:42:00.000Z,51,51,931,10.03,-5.34,5.23,-4.70,436.1,-431.1,-49.5,42.9,4.33,65132,1.65,1125,-22
2026-01-19T18:43:00.000Z,51,51,2454,7.82,-5.31,1.84,-5.08,452.6,-444.9,-52.0,64.9,3.98,93377,1.63,1128,-21
2026-01-19T18:44:00.000Z,51,51,-3945,14.53,-1.65,12.02,-4.21,451.8,-444.1,-51.5,65.2,4.01,92996,1.64,1227,-20
2026-01-19T18:45:00.000Z,51,51,2505,7.84,-5.29,2.15,-4.89,448.4,-440.7,-49.4,66.6,4.11,91411,1.65,1251,-20
2026-01-19T18:46:00.000Z,51,99,2590,7.87,-5.15,2.69,-5.00,99999.9,99999.9,99999.9,99999.9,999.99,9999999.0,99.99,1240,-20
2026-01-19T18:47:00.000Z,51,99,2616,7.98,-4.74,3.39,-5.22,99999.9,99999.9,99999.9,99999.9,999.99,9999999.0,99.99,1203,-19
2026-01-19T18:48:00.000Z,51,99,2707,7.90,-5.39,2.77,-4.81,99999.9,99999.9,99999.9,99999.9,999.99,9999999.0,99.99,1237,-19
2026-01-19T18:49:00.000Z,51,99,2721,7.80,-5.29,3.17,-4.62,99999.9,99999.9,99999.9,99999.9,999.99,9999999.0,99.99,1296,-19
2026-01-19T18:50:00.000Z,51,51,2719,7.71,-5.84,3.04,-3.71,446.5,-441.7,-53.6,37.2,3.58,101857,1.43,1279,-18
2026-01-19T18:51:00.000Z,51,51,2543,7.82,-4.67,4.61,-4.04,448.1,-443.9,-42.0,42.9,3.64,87306,1.46,1320,-17
2026-01-19T18:52:00.000Z,51,51,2620,7.61,-4.95,4.26,-3.72,488.0,-480.0,-65.6,58.6,4.38,63014,2.09,1247,-18
2026-01-19T18:53:00.000Z,51,51,2500,8.34,-4.99,4.90,-3.98,454.2,-448.5,-46.2,54.1,3.81,68274,1.57,1244,-19
2026-01-19T18:54:00.000Z,51,51,2078,7.95,-5.38,1.91,-4.27,438.7,-434.0,-37.3,52.0,3.55,70763,1.37,1282,-18
2026-01-19T18:55:00.000Z,51,99,2194,8.02,-4.24,4.12,-4.42,99999.9,99999.9,99999.9,99999.9,999.99,9999999.0,99.99,1193,-16
2026-01-19T18:56:00.000Z,51,99,2198,7.47,-4.05,3.80,-3.99,99999.9,99999.9,99999.9,99999.9,999.99,9999999.0,99.99,1165,-14
2026-01-19T18:57:00.000Z,51,51,2410,7.68,-5.21,4.24,-2.97,476.1,-471.6,-48.5,43.2,5.14,101205,2.33,1214,-14
2026-01-19T18:58:00.000Z,51,51,2436,7.81,-5.45,3.45,-3.28,471.4,-465.8,-56.8,43.0,5.01,74864,2.23,1231,-14
2026-01-19T18:59:00.000Z,51,51,2482,7.15,-5.17,2.02,-3.39,469.0,-460.5,-72.5,51.1,4.19,59316,1.84,1259,-13
2026-01-19T19:00:00.000Z,51,51,2378,6.61,-5.01,1.97,-2.79,463.4,-456.2,-58.9,53.6,3.42,63248,1.47,1232,-13
2026-01-19T19:01:00.000Z,51,51,2599,7.47,-5.19,2.40,-3.09,446.5,-442.5,-29.0,48.4,3.92,56274,1.56,1308,-14
2026-01-19T19:02:00.000Z,51,51,2141,8.53,-7.45,-1.97,-3.53,468.0,-461.2,-56.0,53.6,4.35,78499,1.91,1357,-15
2026-01-19T19:03:00.000Z,51,51,2266,7.85,-6.43,-0.88,-2.61,445.1,-442.4,5.0,44.6,3.34,49001,1.32,1350,-14
2026-01-19T19:04:00.000Z,51,51,2482,7.85,-2.96,2.48,-5.38,442.6,-440.3,10.9,43.7,3.24,45986,1.27,1407,-15
2026-01-19T19:05:00.000Z,51,99,2456,7.12,-2.33,2.41,-4.96,99999.9,99999.9,99999.9,99999.9,999.99,9999999.0,99.99,1378,-14
2026-01-19T19:06:00.000Z,51,51,2470,6.76,-2.81,1.69,-4.85,470.2,-467.7,0.0,48.5,1.51,25054,0.67,1276,-15
2026-01-19T19:07:00.000Z,51,51,2219,7.44,-7.13,-0.84,-1.12,470.2,-467.7,0.0,48.5,1.51,25054,0.67,1269,-15
2026-01-19T19:08:00.000Z,51,51,2275,7.84,-7.76,0.25,0.17,470.2,-467.7,0.0,48.5,1.51,25054,0.67,1271,-14
2026-01-19T19:09:00.000Z,51,99,2333,7.83,-7.76,-0.88,0.09,99999.9,99999.9,99999.9,99999.9,999.99,9999999.0,99.99,1213,-12
2026-01-19T19:10:00.000Z,51,99,2610,7.80,-7.18,0.36,-1.13,99999.9,99999.9,99999.9,99999.9,999.99,9999999.0,99.99,1201,-11
2026-01-19T19:11:00.000Z,51,99,2964,7.83,-6.38,2.23,-2.43,99999.9,99999.9,99999.9,99999.9,999.99,9999999.0,99.99,1259,-12
2026-01-19T19:12:00.000Z,51,51,2375,10.03,-6.80,-3.02,-6.10,481.3,-476.5,-14.4,66.0,4.35,95353,2.02,1331,-13
2026-01-19T19:13:00.000Z,51,51,2425,9.89,-6.58,-2.01,-6.54,481.3,-476.5,-14.4,66.0,4.35,95353,2.02,1269,-12
2026-01-19T19:14:00.000Z,51,51,2489,9.08,-6.91,-0.27,-5.21,481.3,-476.5,-14.4,66.0,4.35,95353,2.02,1298,-12
2026-01-19T19:15:00.000Z,51,51,2779,8.54,-6.64,0.28,-4.23,433.4,-432.4,3.1,29.2,2.57,47737,0.97,1258,-6
2026-01-19T19:16:00.000Z,51,51,2305,10.45,-8.18,1.29,-5.69,444.3,-438.9,-23.2,49.6,3.69,82804,1.46,1259,-5
2026-01-19T19:17:00.000Z,51,51,2367,10.16,-8.29,1.33,-5.18,463.6,-450.3,-69.5,85.6,5.70,144668,2.45,1466,-3
2026-01-19T19:18:00.000Z,51,99,2546,9.66,-7.41,1.58,-5.81,99999.9,99999.9,99999.9,99999.9,999.99,9999999.0,99.99,1646,24
2026-01-19T19:19:00.000Z,51,99,2582,9.31,-6.84,1.56,-6.01,99999.9,99999.9,99999.9,99999.9,999.99,9999999.0,99.99,2200,12
2026-01-19T19:20:00.000Z,51,99,2620,8.97,-6.40,2.06,-5.84,99999.9,99999.9,99999.9,99999.9,999.99,9999999.0,99.99,3141,12
2026-01-19T19:21:00.000Z,51,51,2658,8.72,-4.87,2.59,-6.61,457.3,-445.3,-57.5,86.4,5.73,87132,2.40,4086,20
2026-01-19T19:22:00.000Z,51,51,2708,9.58,-4.07,3.02,-7.86,457.3,-445.3,-57.5,86.4,5.73,87132,2.40,3871,25
2026-01-19T19:23:00.000Z,51,99,2760,9.34,-0.52,-5.49,-6.38,99999.9,99999.9,99999.9,99999.9,999.99,9999999.0,99.99,3561,30
2026-01-19T19:24:00.000Z,51,99,2813,8.99,-1.53,-6.51,-5.87,99999.9,99999.9,99999.9,99999.9,999.99,9999999.0,99.99,3178,51
2026-01-19T19:25:00.000Z,51,99,2868,9.02,-2.09,-7.12,-4.28,99999.9,99999.9,99999.9,99999.9,999.99,9999999.0,99.99,3659,50
2026-01-19T19:26:00.000Z,51,99,2868,9.02,-2.09,-7.12,-4.28,99999.9,99999.9,99999.9,99999.9,999.99,9999999.0,99.99,3665,14
2026-01-19T19:27:00.000Z,51,99,2925,9.30,-2.93,-5.32,-6.34,99999.9,99999.9,99999.9,99999.9,999.99,9999999.0,99.99,3296,-1
2026-01-19T19:28:00.000Z,51,99,2983,10.27,-3.79,-4.53,-3.62,99999.9,99999.9,99999.9,99999.9,999.99,9999999.0,99.99,3596,1
2026-01-19T19:29:00.000Z,51,99,3043,10.61,-8.60,0.87,-6.04,99999.9,99999.9,99999.9,99999.9,999.99,9999999.0,99.99,3078,-1
2026-01-19T19:30:00.000Z,51,99,3105,10.52,-9.46,-0.15,-4.58,99999.9,99999.9,99999.9,99999.9,999.99,9999999.0,99.99,3405,13
2026-01-19T19:31:00.000Z,51,99,3105,10.52,-9.46,-0.15,-4.58,99999.9,99999.9,99999.9,99999.9,999.99,9999999.0,99.99,3828,19
2026-01-19T19:32:00.000Z,51,99,3169,10.09,-9.57,-0.04,-3.18,99999.9,99999.9,99999.9,99999.9,999.99,9999999.0,99.99,3467,-2
2026-01-19T19:33:00.000Z,51,99,2889,9.62,-9.29,0.54,-1.31,99999.9,99999.9,99999.9,99999.9,999.99,9999999.0,99.99,2563,-8
2026-01-19T19:34:00.000Z,51,99,3304,8.92,-8.40,-0.08,-2.99,99999.9,99999.9,99999.9,99999.9,999.99,9999999.0,99.99,3017,-3
2026-01-19T19:35:00.000Z,51,99,3304,8.92,-8.40,-0.08,-2.99,99999.9,99999.9,99999.9,99999.9,999.99,9999999.0,99.99,3748,-5
2026-01-19T19:36:00.000Z,51,51,3374,8.27,-7.85,0.49,-2.50,442.5,-435.5,-68.8,38.4,3.47,60643,1.36,4039,-18
2026-01-19T19:37:00.000Z,51,51,3149,7.74,-7.35,0.81,-1.96,442.5,-435.5,-68.8,38.4,3.47,60643,1.36,3842,-18
2026-01-19T19:38:00.000Z,51,99,3453,7.51,-7.44,0.60,-0.52,99999.9,99999.9,99999.9,99999.9,999.99,9999999.0,99.99,3841,-22
2026-01-19T19:39:00.000Z,51,99,3495,7.05,-6.95,-0.21,-1.03,99999.9,99999.9,99999.9,99999.9,999.99,9999999.0,99.99,3399,-24
2026-01-19T19:40:00.000Z,51,99,3536,6.62,-6.48,0.11,-1.27,99999.9,99999.9,99999.9,99999.9,999.99,9999999.0,99.99,3052,-24
2026-01-19T19:41:00.000Z,51,51,3385,6.92,-5.59,0.20,-1.95,434.7,-429.1,-56.2,40.8,3.09,43616,1.17,2880,-22
2026-01-19T19:42:00.000Z,51,51,3377,6.63,-4.49,-0.53,-4.26,434.7,-429.1,-56.2,40.8,3.09,43616,1.17,3124,-17
2026-01-19T19:43:00.000Z,51,51,3384,4.79,-3.12,-0.77,-3.14,434.7,-429.1,-56.2,40.8,3.09,43616,1.17,3021,-13
2026-01-19T19:44:00.000Z,51,99,3553,4.58,-3.02,-0.73,-3.10,99999.9,99999.9,99999.9,99999.9,999.99,9999999.0,99.99,2515,-10
2026-01-19T19:45:00.000Z,51,99,3470,4.10,-2.48,-1.47,-2.45,99999.9,99999.9,99999.9,99999.9,999.99,9999999.0,99.99,2634,-6
2026-01-19T19:46:00.000Z,51,99,3361,5.66,-2.29,-3.65,-2.61,99999.9,99999.9,99999.9,99999.9,999.99,9999999.0,99.99,2692,-1
2026-01-19T19:47:00.000Z,51,99,3404,8.03,-2.92,-3.96,-2.56,99999.9,99999.9,99999.9,99999.9,999.99,9999999.0,99.99,2587,6
2026-01-19T19:48:00.000Z,51,99,3395,7.22,-3.80,-2.66,-2.69,99999.9,99999.9,99999.9,99999.9,999.99,9999999.0,99.99,2881,5
2026-01-19T19:49:00.000Z,51,51,3465,7.28,-4.66,-1.84,-2.69,440.7,-433.6,-71.8,-32.2,3.40,39186,1.32,2363,0
2026-01-19T19:50:00.000Z,51,51,3700,8.12,-6.84,-0.44,-3.24,440.7,-433.6,-71.8,-32.2,3.40,39186,1.32,2234,-6
2026-01-19T19:51:00.000Z,51,99,3914,7.52,-7.04,-1.05,-2.30,99999.9,99999.9,99999.9,99999.9,999.99,9999999.0,99.99,2586,-12
2026-01-19T19:52:00.000Z,51,99,3951,8.02,-7.30,0.24,-3.27,99999.9,99999.9,99999.9,99999.9,999.99,9999999.0,99.99,2533,-12
2026-01-19T19:53:00.000Z,51,99,3962,8.16,-7.43,0.58,-3.32,99999.9,99999.9,99999.9,99999.9,999.99,9999999.0,99.99,2718,-7
2026-01-19T19:54:00.000Z,51,51,4047,8.14,-7.33,0.72,-3.46,471.1,-468.4,-46.3,21.6,3.52,58516,1.56,2803,-8
2026-01-19T19:55:00.000Z,99,51,999999,9999.99,9999.99,9999.99,9999.99,471.1,-468.4,-46.3,21.6,3.52,58516,1.56,2973,-3
2026-01-19T19:56:00.000Z,51,99,4140,8.35,-7.54,0.86,-3.47,99999.9,99999.9,99999.9,99999.9,999.99,9999999.0,99.99,2822,2
2026-01-19T19:57:00.000Z,99,99,999999,9999.99,9999.99,9999.99,9999.99,99999.9,99999.9,99999.9,99999.9,999.99,9999999.0,99.99,3869,-10
2026-01-19T19:58:00.000Z,51,99,4238,8.25,-7.62,0.64,-3.08,99999.9,99999.9,99999.9,99999.9,999.99,9999999.0,99.99,4116,-7
2026-01-19T19:59:00.000Z,99,99,999999,9999.99,9999.99,9999.99,9999.99,99999.9,99999.9,99999.9,99999.9,999.99,9999999.0,99.99,3872,-10
2026-01-19T20:00:00.000Z,51,99,4339,8.35,-7.85,0.63,-2.78,99999.9,99999.9,99999.9,99999.9,999.99,9999999.0,99.99,3124,-12
2026-01-19T20:01:00.000Z,99,99,999999,9999.99,9999.99,9999.99,9999.99,99999.9,99999.9,99999.9,99999.9,999.99,9999999.0,99.99,2531,-21
2026-01-19T20:02:00.000Z,51,99,4446,8.45,-7.89,-0.14,-2.96,99999.9,99999.9,99999.9,99999.9,999.99,9999999.0,99.99,2097,-29
2026-01-19T20:03:00.000Z,51,99,4420,8.26,-7.17,-0.96,-3.98,99999.9,99999.9,99999.9,99999.9,999.99,9999999.0,99.99,2660,-37
2026-01-19T20:04:00.000Z,51,99,4558,8.45,-8.01,0.41,-2.63,99999.9,99999.9,99999.9,99999.9,999.99,9999999.0,99.99,2123,-34
2026-01-19T20:05:00.000Z,99,99,999999,9999.99,9999.99,9999.99,9999.99,99999.9,99999.9,99999.9,99999.9,999.99,9999999.0,99.99,2707,-28
2026-01-19T20:06:00.000Z,51,99,4675,8.25,-7.84,0.50,-2.51,99999.9,99999.9,99999.9,99999.9,999.99,9999999.0,99.99,2856,-28
2026-01-19T20:07:00.000Z,99,99,999999,9999.99,9999.99,9999.99,9999.99,99999.9,99999.9,99999.9,99999.9,999.99,9999999.0,99.99,3270,-27
2026-01-19T20:08:00.000Z,51,51,4787,7.96,-7.42,-0.24,-2.84,441.4,-436.3,-64.0,19.1,2.29,39032,0.89,3430,-26
2026-01-19T20:09:00.000Z,99,51,999999,9999.99,9999.99,9999.99,9999.99,441.4,-436.3,-64.0,19.1,2.29,39032,0.89,3291,-28
2026-01-19T20:10:00.000Z,51,99,4894,7.94,-7.23,-0.11,-3.25,99999.9,99999.9,99999.9,99999.9,999.99,9999999.0,99.99,3179,-30
2026-01-19T20:11:00.000Z,99,99,999999,9999.99,9999.99,9999.99,9999.99,99999.9,99999.9,99999.9,99999.9,999.99,9999999.0,99.99,3161,-27
2026-01-19T20:12:00.000Z,51,99,5005,8.27,-7.03,-0.51,-4.28,99999.9,99999.9,99999.9,99999.9,999.99,9999999.0,99.99,3445,-24
2026-01-19T20:13:00.000Z,99,99,999999,9999.99,9999.99,9999.99,9999.99,99999.9,99999.9,99999.9,99999.9,999.99,9999999.0,99.99,4092,-12
2026-01-19T20:14:00.000Z,51,99,5120,8.19,-7.04,-0.94,-4.02,99999.9,99999.9,99999.9,99999.9,999.99,9999999.0,99.99,4082,0
2026-01-19T20:15:00.000Z,51,99,5120,8.19,-7.04,-0.94,-4.02,99999.9,99999.9,99999.9,99999.9,999.99,9999999.0,99.99,3951,-3
2026-01-19T20:16:00.000Z,99,99,999999,9999.99,9999.99,9999.99,9999.99,99999.9,99999.9,99999.9,99999.9,999.99,9999999.0,99.99,3273,0
2026-01-19T20:17:00.000Z,51,99,5240,8.09,-6.73,-1.63,-4.15,99999.9,99999.9,99999.9,99999.9,999.99,9999999.0,99.99,2657,-2
2026-01-19T20:18:00.000Z,99,99,999999,9999.99,9999.99,9999.99,9999.99,99999.9,99999.9,99999.9,99999.9,999.99,9999999.0,99.99,2496,-2
2026-01-19T20:19:00.000Z,99,99,999999,9999.99,9999.99,9999.99,9999.99,99999.9,99999.9,99999.9,99999.9,999.99,9999999.0,99.99,2486,-7
2026-01-19T20:20:00.000Z,99,99,999999,9999.99,9999.99,9999.99,9999.99,99999.9,99999.9,99999.9,99999.9,999.99,9999999.0,99.99,2510,-15
2026-01-19T20:21:00.000Z,99,99,999999,9999.99,9999.99,9999.99,9999.99,99999.9,99999.9,99999.9,99999.9,999.99,9999999.0,99.99,2581,-25
2026-01-19T20:22:00.000Z,99,99,999999,9999.99,9999.99,9999.99,9999.99,99999.9,99999.9,99999.9,99999.9,999.99,9999999.0,99.99,3552,-31
2026-01-19T20:23:00.000Z,99,99,999999,9999.99,9999.99,9999.99,9999.99,99999.9,99999.9,99999.9,99999.9,999.99,9999999.0,99.99,4320,-34
2026-01-19T20:24:00.000Z,99,99,999999,9999.99,9999.99,9999.99,9999.99,99999.9,99999.9,99999.9,99999.9,999.99,9999999.0,99.99,3935,-30
2026-01-19T20:25:00.000Z,99,99,999999,9999.99,9999.99,9999.99,9999.99,99999.9,99999.9,99999.9,99999.9,999.99,9999999.0,99.99,3581,-26
2026-01-19T20:26:00.000Z,99,99,999999,9999.99,9999.99,9999.99,9999.99,99999.9,99999.9,99999.9,99999.9,999.99,9999999.0,99.99,3183,-26
2026-01-19T20:27:00.000Z,99,99,999999,9999.99,9999.99,9999.99,9999.99,99999.9,99999.9,99999.9,99999.9,999.99,9999999.0,99.99,2835,-20
2026-01-19T20:28:00.000Z,99,99,999999,9999.99,9999.99,9999.99,9999.99,99999.9,99999.9,99999.9,99999.9,999.99,9999999.0,99.99,2385,-19
2026-01-19T20:29:00.000Z,99,99,999999,9999.99,9999.99,9999.99,9999.99,99999.9,99999.9,99999.9,99999.9,999.99,9999999.0,99.99,1927,-30
2026-01-19T20:30:00.000Z,99,99,999999,9999.99,9999.99,9999.99,9999.99,99999.9,99999.9,99999.9,99999.9,999.99,9999999.0,99.99,1756,-23
2026-01-19T20:31:00.000Z,99,99,999999,9999.99,9999.99,9999.99,9999.99,99999.9,99999.9,99999.9,99999.9,999.99,9999999.0,99.99,1976,-24
2026-01-19T20:32:00.000Z,99,99,999999,9999.99,9999.99,9999.99,9999.99,99999.9,99999.9,99999.9,99999.9,999.99,9999999.0,99.99,2112,-30
2026-01-19T20:33:00.000Z,99,99,999999,9999.99,9999.99,9999.99,9999.99,99999.9,99999.9,99999.9,99999.9,999.99,9999999.0,99.99,2133,-31
2026-01-19T20:34:00.000Z,99,99,999999,9999.99,9999.99,9999.99,9999.99,99999.9,99999.9,99999.9,99999.9,999.99,9999999.0,99.99,2506,-35
2026-01-19T20:35:00.000Z,99,99,999999,9999.99,9999.99,9999.99,9999.99,99999.9,99999.9,99999.9,99999.9,999.99,9999999.0,99.99,2635,-33
2026-01-19T20:36:00.000Z,99,99,999999,9999.99,9999.99,9999.99,9999.99,99999.9,99999.9,99999.9,99999.9,999.99,9999999.0,99.99,2846,-47
2026-01-19T20:37:00.000Z,99,99,999999,9999.99,9999.99,9999.99,9999.99,99999.9,99999.9,99999.9,99999.9,999.99,9999999.0,99.99,2601,-55
2026-01-19T20:38:00.000Z,99,99,999999,9999.99,9999.99,9999.99,9999.99,99999.9,99999.9,99999.9,99999.9,999.99,9999999.0,99.99,2191,-47
2026-01-19T20:39:00.000Z,99,99,999999,9999.99,9999.99,9999.99,9999.99,99999.9,99999.9,99999.9,99999.9,999.99,9999999.0,99.99,1764,-42
2026-01-19T20:40:00.000Z,99,99,999999,9999.99,9999.99,9999.99,9999.99,99999.9,99999.9,99999.9,99999.9,999.99,9999999.0,99.99,1309,-40
2026-01-19T20:41:00.000Z,99,99,999999,9999.99,9999.99,9999.99,9999.99,99999.9,99999.9,99999.9,99999.9,999.99,9999999.0,99.99,1067,-50
2026-01-19T20:42:00.000Z,99,99,999999,9999.99,9999.99,9999.99,9999.99,99999.9,99999.9,99999.9,99999.9,999.99,9999999.0,99.99,1191,-51
2026-01-19T20:43:00.000Z,99,99,999999,9999.99,9999.99,9999.99,9999.99,99999.9,99999.9,99999.9,99999.9,999.99,9999999.0,99.99,1190,-54
2026-01-19T20:44:00.000Z,99,99,999999,9999.99,9999.99,9999.99,9999.99,99999.9,99999.9,99999.9,99999.9,999.99,9999999.0,99.99,1295,-57
2026-01-19T20:45:00.000Z,99,99,999999,9999.99,9999.99,9999.99,9999.99,99999.9,99999.9,99999.9,99999.9,999.99,9999999.0,99.99,1323,-71
2026-01-19T20:46:00.000Z,99,99,999999,9999.99,9999.99,9999.99,9999.99,99999.9,99999.9,99999.9,99999.9,999.99,9999999.0,99.99,1282,-77
2026-01-19T20:47:00.000Z,99,99,999999,9999.99,9999.99,9999.99,9999.99,99999.9,99999.9,99999.9,99999.9,999.99,9999999.0,99.99,1197,-81
2026-01-19T20:48:00.000Z,99,99,999999,9999.99,9999.99,9999.99,9999.99,99999.9,99999.9,99999.9,99999.9,999.99,9999999.0,99.99,1172,-83
2026-01-19T20:49:00.000Z,99,99,999999,9999.99,9999.99,9999.99,9999.99,99999.9,99999.9,99999.9,99999.9,999.99,9999999.0,99.99,1131,-94
2026-01-19T20:50:00.000Z,99,99,999999,9999.99,9999.99,9999.99,9999.99,99999.9,99999.9,99999.9,99999.9,999.99,9999999.0,99.99,1053,-100
2026-01-19T20:51:00.000Z,99,99,999999,9999.99,9999.99,9999.99,9999.99,99999.9,99999.9,99999.9,99999.9,999.99,9999999.0,99.99,1091,-102
2026-01-19T20:52:00.000Z,99,99,999999,9999.99,9999.99,9999.99,9999.99,99999.9,99999.9,99999.9,99999.9,999.99,9999999.0,99.99,1204,-102
2026-01-19T20:53:00.000Z,99,99,999999,9999.99,9999.99,9999.99,9999.99,99999.9,99999.9,99999.9,99999.9,999.99,9999999.0,99.99,1348,-103
2026-01-19T20:54:00.000Z,99,99,999999,9999.99,9999.99,9999.99,9999.99,99999.9,99999.9,99999.9,99999.9,999.99,9999999.0,99.99,1456,-103
2026-01-19T20:55:00.000Z,99,99,999999,9999.99,9999.99,9999.99,9999.99,99999.9,99999.9,99999.9,99999.9,999.99,9999999.0,99.99,1481,-97
2026-01-19T20:56:00.000Z,99,99,999999,9999.99,9999.99,9999.99,9999.99,99999.9,99999.9,99999.9,99999.9,999.99,9999999.0,99.99,1602,-92
2026-01-19T20:57:00.000Z,99,99,999999,9999.99,9999.99,9999.99,9999.99,99999.9,99999.9,99999.9,99999.9,999.99,9999999.0,99.99,1639,-94
2026-01-19T20:58:00.000Z,99,99,999999,9999.99,9999.99,9999.99,9999.99,99999.9,99999.9,99999.9,99999.9,999.99,9999999.0,99.99,1449,-103
2026-01-19T20:59:00.000Z,99,99,999999,9999.99,9999.99,9999.99,9999.99,99999.9,99999.9,99999.9,99999.9,999.99,9999999.0,99.99,1444,-99
2026-01-19T21:00:00.000Z,99,99,999999,9999.99,9999.99,9999.99,9999.99,99999.9,99999.9,99999.9,99999.9,999.99,9999999.0,99.99,1579,-100
2026-01-19T21:01:00.000Z,99,99,999999,9999.99,9999.99,9999.99,9999.99,99999.9,99999.9,99999.9,99999.9,999.99,9999999.0,99.99,1680,-101
2026-01-19T21:02:00.000Z,99,99,999999,9999.99,9999.99,9999.99,9999.99,99999.9,99999.9,99999.9,99999.9,999.99,9999999.0,99.99,1824,-103
2026-01-19T21:03:00.000Z,99,99,999999,9999.99,9999.99,9999.99,9999.99,99999.9,99999.9,99999.9,99999.9,999.99,9999999.0,99.99,1962,-105
2026-01-19T21:04:00.000Z,99,99,999999,9999.99,9999.99,9999.99,9999.99,99999.9,99999.9,99999.9,99999.9,999.99,9999999.0,99.99,1827,-114
2026-01-19T21:05:00.000Z,99,99,999999,9999.99,9999.99,9999.99,9999.99,99999.9,99999.9,99999.9,99999.9,999.99,9999999.0,99.99,1639,-113
2026-01-19T21:06:00.000Z,99,99,999999,9999.99,9999.99,9999.99,9999.99,99999.9,99999.9,99999.9,99999.9,999.99,9999999.0,99.99,1381,-120
2026-01-19T21:07:00.000Z,99,99,999999,9999.99,9999.99,9999.99,9999.99,99999.9,99999.9,99999.9,99999.9,999.99,9999999.0,99.99,1245,-124
2026-01-19T21:08:00.000Z,99,99,999999,9999.99,9999.99,9999.99,9999.99,99999.9,99999.9,99999.9,99999.9,999.99,9999999.0,99.99,1180,-126
2026-01-19T21:09:00.000Z,99,99,999999,9999.99,9999.99,9999.99,9999.99,99999.9,99999.9,99999.9,99999.9,999.99,9999999.0,99.99,1126,-126
2026-01-19T21:10:00.000Z,99,99,999999,9999.99,9999.99,9999.99,9999.99,99999.9,99999.9,99999.9,99999.9,999.99,9999999.0,99.99,1160,-130
2026-01-19T21:11:00.000Z,99,99,999999,9999.99,9999.99,9999.99,9999.99,99999.9,99999.9,99999.9,99999.9,999.99,9999999.0,99.99,1289,-133
2026-01-19T21:12:00.000Z,99,99,999999,9999.99,9999.99,9999.99,9999.99,99999.9,99999.9,99999.9,99999.9,999.99,9999999.0,99.99,1316,-127
2026-01-19T21:13:00.000Z,99,99,999999,9999.99,9999.99,9999.99,9999.99,99999.9,99999.9,99999.9,99999.9,999.99,9999999.0,99.99,1331,-139
2026-01-19T21:14:00.000Z,99,99,999999,9999.99,9999.99,9999.99,9999.99,99999.9,99999.9,99999.9,99999.9,999.99,9999999.0,99.99,1301,-149
2026-01-19T21:15:00.000Z,99,99,999999,9999.99,9999.99,9999.99,9999.99,99999.9,99999.9,99999.9,99999.9,999.99,9999999.0,99.99,1368,-157
2026-01-19T21:16:00.000Z,99,99,999999,9999.99,9999.99,9999.99,9999.99,99999.9,99999.9,99999.9,99999.9,999.99,9999999.0,99.99,1382,-169
2026-01-19T21:17:00.000Z,99,99,999999,9999.99,9999.99,9999.99,9999.99,99999.9,99999.9,99999.9,99999.9,999.99,9999999.0,99.99,1378,-175
2026-01-19T21:18:00.000Z,99,99,999999,9999.99,9999.99,9999.99,9999.99,99999.9,99999.9,99999.9,99999.9,999.99,9999999.0,99.99,1378,-184
2026-01-19T21:19:00.000Z,99,99,999999,9999.99,9999.99,9999.99,9999.99,99999.9,99999.9,99999.9,99999.9,999.99,9999999.0,99.99,1273,-194
2026-01-19T21:20:00.000Z,99,99,999999,9999.99,9999.99,9999.99,9999.99,99999.9,99999.9,99999.9,99999.9,999.99,9999999.0,99.99,1131,-197
2026-01-19T21:21:00.000Z,99,99,999999,9999.99,9999.99,9999.99,9999.99,99999.9,99999.9,99999.9,99999.9,999.99,9999999.0,99.99,978,-206
2026-01-19T21:22:00.000Z,99,99,999999,9999.99,9999.99,9999.99,9999.99,99999.9,99999.9,99999.9,99999.9,999.99,9999999.0,99.99,905,-211
2026-01-19T21:23:00.000Z,99,99,999999,9999.99,9999.99,9999.99,9999.99,99999.9,99999.9,99999.9,99999.9,999.99,9999999.0,99.99,900,-219
2026-01-19T21:24:00.000Z,99,99,999999,9999.99,9999.99,9999.99,9999.99,99999.9,99999.9,99999.9,99999.9,999.99,9999999.0,99.99,979,-216
2026-01-19T21:25:00.000Z,99,99,999999,9999.99,9999.99,9999.99,9999.99,99999.9,99999.9,99999.9,99999.9,999.99,9999999.0,99.99,978,-219
2026-01-19T21:26:00.000Z,99,99,999999,9999.99,9999.99,9999.99,9999.99,99999.9,99999.9,99999.9,99999.9,999.99,9999999.0,99.99,944,-230
2026-01-19T21:27:00.000Z,99,99,999999,9999.99,9999.99,9999.99,9999.99,99999.9,99999.9,99999.9,99999.9,999.99,9999999.0,99.99,1039,-230
2026-01-19T21:28:00.000Z,99,99,999999,9999.99,9999.99,9999.99,9999.99,99999.9,99999.9,99999.9,99999.9,999.99,9999999.0,99.99,1022,-231
2026-01-19T21:29:00.000Z,99,99,999999,9999.99,9999.99,9999.99,9999.99,99999.9,99999.9,99999.9,99999.9,999.99,9999999.0,99.99,1101,-223
2026-01-19T21:30:00.000Z,99,99,999999,9999.99,9999.99,9999.99,9999.99,99999.9,99999.9,99999.9,99999.9,999.99,9999999.0,99.99,1119,-208
2026-01-19T21:31:00.000Z,99,99,999999,9999.99,9999.99,9999.99,9999.99,99999.9,99999.9,99999.9,99999.9,999.99,9999999.0,99.99,1785,-160
2026-01-19T21:32:00.000Z,99,99,999999,9999.99,9999.99,9999.99,9999.99,99999.9,99999.9,99999.9,99999.9,999.99,9999999.0,99.99,981,-190
2026-01-19T21:33:00.000Z,99,99,999999,9999.99,9999.99,9999.99,9999.99,99999.9,99999.9,99999.9,99999.9,999.99,9999999.0,99.99,690,-211
2026-01-19T21:34:00.000Z,99,99,999999,9999.99,9999.99,9999.99,9999.99,99999.9,99999.9,99999.9,99999.9,999.99,9999999.0,99.99,705,-207
2026-01-19T21:35:00.000Z,99,99,999999,9999.99,9999.99,9999.99,9999.99,99999.9,99999.9,99999.9,99999.9,999.99,9999999.0,99.99,709,-208
2026-01-19T21:36:00.000Z,99,99,999999,9999.99,9999.99,9999.99,9999.99,99999.9,99999.9,99999.9,99999.9,999.99,9999999.0,99.99,780,-214
2026-01-19T21:37:00.000Z,99,99,999999,9999.99,9999.99,9999.99,9999.99,99999.9,99999.9,99999.9,99999.9,999.99,9999999.0,99.99,869,-214
2026-01-19T21:38:00.000Z,99,99,999999,9999.99,9999.99,9999.99,9999.99,99999.9,99999.9,99999.9,99999.9,999.99,9999999.0,99.99,968,-213
2026-01-19T21:39:00.000Z,99,99,999999,9999.99,9999.99,9999.99,9999.99,99999.9,99999.9,99999.9,99999.9,999.99,9999999.0,99.99,845,-216
2026-01-19T21:40:00.000Z,99,99,999999,9999.99,9999.99,9999.99,9999.99,99999.9,99999.9,99999.9,99999.9,999.99,9999999.0,99.99,803,-218
2026-01-19T21:41:00.000Z,99,99,999999,9999.99,9999.99,9999.99,9999.99,99999.9,99999.9,99999.9,99999.9,999.99,9999999.0,99.99,1042,-233
2026-01-19T21:42:00.000Z,99,99,999999,9999.99,9999.99,9999.99,9999.99,99999.9,99999.9,99999.9,99999.9,999.99,9999999.0,99.99,920,-243
2026-01-19T21:43:00.000Z,99,99,999999,9999.99,9999.99,9999.99,9999.99,99999.9,99999.9,99999.9,99999.9,999.99,9999999.0,99.99,1361,-229
2026-01-19T21:44:00.000Z,99,99,999999,9999.99,9999.99,9999.99,9999.99,99999.9,99999.9,99999.9,99999.9,999.99,9999999.0,99.99,1471,-211
2026-01-19T21:45:00.000Z,99,99,999999,9999.99,9999.99,9999.99,9999.99,99999.9,99999.9,99999.9,99999.9,999.99,9999999.0,99.99,1062,-200
2026-01-19T21:46:00.000Z,99,99,999999,9999.99,9999.99,9999.99,9999.99,99999.9,99999.9,99999.9,99999.9,999.99,9999999.0,99.99,1351,-190
2026-01-19T21:47:00.000Z,99,99,999999,9999.99,9999.99,9999.99,9999.99,99999.9,99999.9,99999.9,99999.9,999.99,9999999.0,99.99,2013,-180
2026-01-19T21:48:00.000Z,99,99,999999,9999.99,9999.99,9999.99,9999.99,99999.9,99999.9,99999.9,99999.9,999.99,9999999.0,99.99,2410,-182
2026-01-19T21:49:00.000Z,99,99,999999,9999.99,9999.99,9999.99,9999.99,99999.9,99999.9,99999.9,99999.9,999.99,9999999.0,99.99,1988,-182
2026-01-19T21:50:00.000Z,99,99,999999,9999.99,9999.99,9999.99,9999.99,99999.9,99999.9,99999.9,99999.9,999.99,9999999.0,99.99,1569,-173
2026-01-19T21:51:00.000Z,99,99,999999,9999.99,9999.99,9999.99,9999.99,99999.9,99999.9,99999.9,99999.9,999.99,9999999.0,99.99,2002,-167
2026-01-19T21:52:00.000Z,99,99,999999,9999.99,9999.99,9999.99,9999.99,99999.9,99999.9,99999.9,99999.9,999.99,9999999.0,99.99,2266,-175
2026-01-19T21:53:00.000Z,99,99,999999,9999.99,9999.99,9999.99,9999.99,99999.9,99999.9,99999.9,99999.9,999.99,9999999.0,99.99,2072,-172
2026-01-19T21:54:00.000Z,99,99,999999,9999.99,9999.99,9999.99,9999.99,99999.9,99999.9,99999.9,99999.9,999.99,9999999.0,99.99,1757,-150
2026-01-19T21:55:00.000Z,99,99,999999,9999.99,9999.99,9999.99,9999.99,99999.9,99999.9,99999.9,99999.9,999.99,9999999.0,99.99,1885,-139
2026-01-19T21:56:00.000Z,51,99,2606,66.58,-12.26,47.18,43.73,99999.9,99999.9,99999.9,99999.9,999.99,9999999.0,99.99,2323,-120
2026-01-19T21:57:00.000Z,51,99,2637,65.29,-21.32,52.71,27.58,99999.9,99999.9,99999.9,99999.9,999.99,9999999.0,99.99,2189,-92
2026-01-19T21:58:00.000Z,51,99,2705,64.67,-25.96,56.32,18.29,99999.9,99999.9,99999.9,99999.9,999.99,9999999.0,99.99,3357,-81
2026-01-19T21:59:00.000Z,99,99,999999,9999.99,9999.99,9999.99,9999.99,99999.9,99999.9,99999.9,99999.9,999.99,9999999.0,99.99,2496,-150
2026-01-19T22:00:00.000Z,99,99,999999,9999.99,9999.99,9999.99,9999.99,99999.9,99999.9,99999.9,99999.9,999.99,9999999.0,99.99,2304,-144
2026-01-19T22:01:00.000Z,99,99,999999,9999.99,9999.99,9999.99,9999.99,99999.9,99999.9,99999.9,99999.9,999.99,9999999.0,99.99,2020,-110
2026-01-19T22:02:00.000Z,99,99,999999,9999.99,9999.99,9999.99,9999.99,99999.9,99999.9,99999.9,99999.9,999.99,9999999.0,99.99,2082,-127
2026-01-19T22:03:00.000Z,99,99,999999,9999.99,9999.99,9999.99,9999.99,99999.9,99999.9,99999.9,99999.9,999.99,9999999.0,99.99,1627,-176
2026-01-19T22:04:00.000Z,99,99,999999,9999.99,9999.99,9999.99,9999.99,99999.9,99999.9,99999.9,99999.9,999.99,9999999.0,99.99,1291,-152
2026-01-19T22:05:00.000Z,99,99,999999,9999.99,9999.99,9999.99,9999.99,99999.9,99999.9,99999.9,99999.9,999.99,9999999.0,99.99,1440,-135
2026-01-19T22:06:00.000Z,99,99,999999,9999.99,9999.99,9999.99,9999.99,99999.9,99999.9,99999.9,99999.9,999.99,9999999.0,99.99,1789,-79
2026-01-19T22:07:00.000Z,99,99,999999,9999.99,9999.99,9999.99,9999.99,99999.9,99999.9,99999.9,99999.9,999.99,9999999.0,99.99,2690,-104
2026-01-19T22:08:00.000Z,99,99,999999,9999.99,9999.99,9999.99,9999.99,99999.9,99999.9,99999.9,99999.9,999.99,9999999.0,99.99,1836,-106
2026-01-19T22:09:00.000Z,99,99,999999,9999.99,9999.99,9999.99,9999.99,99999.9,99999.9,99999.9,99999.9,999.99,9999999.0,99.99,1144,-104
2026-01-19T22:10:00.000Z,99,99,999999,9999.99,9999.99,9999.99,9999.99,99999.9,99999.9,99999.9,99999.9,999.99,9999999.0,99.99,1170,-89
2026-01-19T22:11:00.000Z,51,99,3712,68.17,-33.02,11.83,-61.72,99999.9,99999.9,99999.9,99999.9,999.99,9999999.0,99.99,1567,-87
2026-01-19T22:12:00.000Z,99,99,999999,9999.99,9999.99,9999.99,9999.99,99999.9,99999.9,99999.9,99999.9,999.99,9999999.0,99.99,1459,-115
2026-01-19T22:13:00.000Z,99,99,999999,9999.99,9999.99,9999.99,9999.99,99999.9,99999.9,99999.9,99999.9,999.99,9999999.0,99.99,1173,-109
2026-01-19T22:14:00.000Z,99,99,999999,9999.99,9999.99,9999.99,9999.99,99999.9,99999.9,99999.9,99999.9,999.99,9999999.0,99.99,1186,-99
2026-01-19T22:15:00.000Z,99,99,999999,9999.99,9999.99,9999.99,9999.99,99999.9,99999.9,99999.9,99999.9,999.99,9999999.0,99.99,1409,-104
2026-01-19T22:16:00.000Z,99,99,999999,9999.99,9999.99,9999.99,9999.99,99999.9,99999.9,99999.9,99999.9,999.99,9999999.0,99.99,1243,-104
2026-01-19T22:17:00.000Z,99,99,999999,9999.99,9999.99,9999.99,9999.99,99999.9,99999.9,99999.9,99999.9,999.99,9999999.0,99.99,1265,-101
2026-01-19T22:18:00.000Z,99,99,999999,9999.99,9999.99,9999.99,9999.99,99999.9,99999.9,99999.9,99999.9,999.99,9999999.0,99.99,1398,-105
2026-01-19T22:19:00.000Z,99,99,999999,9999.99,9999.99,9999.99,9999.99,99999.9,99999.9,99999.9,99999.9,999.99,9999999.0,99.99,1348,-100
2026-01-19T22:20:00.000Z,99,99,999999,9999.99,9999.99,9999.99,9999.99,99999.9,99999.9,99999.9,99999.9,999.99,9999999.0,99.99,1392,-93
2026-01-19T22:21:00.000Z,99,99,999999,9999.99,9999.99,9999.99,9999.99,99999.9,99999.9,99999.9,99999.9,999.99,9999999.0,99.99,1517,-102
2026-01-19T22:22:00.000Z,99,99,999999,9999.99,9999.99,9999.99,9999.99,99999.9,99999.9,99999.9,99999.9,999.99,9999999.0,99.99,1303,-91
2026-01-19T22:23:00.000Z,99,99,999999,9999.99,9999.99,9999.99,9999.99,99999.9,99999.9,99999.9,99999.9,999.99,9999999.0,99.99,1239,-108
2026-01-19T22:24:00.000Z,99,99,999999,9999.99,9999.99,9999.99,9999.99,99999.9,99999.9,99999.9,99999.9,999.99,9999999.0,99.99,1244,-111
2026-01-19T22:25:00.000Z,51,51,1421,69.63,31.69,20.15,58.68,1087.0,-1086.0,-25.7,10.3,22.71,338590,53.67,1109,-108
2026-01-19T22:26:00.000Z,51,51,1415,69.45,31.80,20.53,58.33,1087.0,-1086.0,-25.7,10.3,22.71,338590,53.67,1477,-104
2026-01-19T22:27:00.000Z,51,51,1418,69.13,33.51,23.50,55.49,1087.4,-1086.7,-20.5,6.0,21.57,344172,51.01,1697,-102
2026-01-19T22:28:00.000Z,51,51,1423,69.78,31.49,20.77,59.10,1089.0,-1089.0,-2.3,-8.9,17.58,363753,41.70,1529,-85
2026-01-19T22:29:00.000Z,51,51,1425,69.88,31.80,20.86,58.93,1089.0,-1089.0,-2.3,-8.9,17.58,363753,41.70,1258,-88
2026-01-19T22:30:00.000Z,51,99,1433,69.45,34.32,12.60,59.05,99999.9,99999.9,99999.9,99999.9,999.99,9999999.0,99.99,1567,-90
2026-01-19T22:31:00.000Z,51,51,1129,67.99,31.30,6.55,59.60,1054.0,-1053.0,44.4,13.7,17.03,362347,37.84,1613,-95
2026-01-19T22:32:00.000Z,51,51,1081,67.85,29.54,3.89,60.67,1054.4,-1053.4,43.6,13.9,17.03,361607,37.87,1577,-101
2026-01-19T22:33:00.000Z,51,51,1226,68.18,28.77,7.20,61.06,1077.0,-1077.0,-7.0,23.5,16.77,314940,38.90,1438,-155
2026-01-19T22:34:00.000Z,51,51,1100,67.33,27.41,8.96,60.15,1077.0,-1077.0,-7.0,23.5,16.77,314940,38.90,1364,-192
2026-01-19T22:35:00.000Z,51,99,1134,66.88,27.52,8.62,59.65,99999.9,99999.9,99999.9,99999.9,999.99,9999999.0,99.99,1365,-160
2026-01-19T22:36:00.000Z,51,99,1166,66.76,26.60,8.92,59.79,99999.9,99999.9,99999.9,99999.9,999.99,9999999.0,99.99,1405,-141
2026-01-19T22:37:00.000Z,51,51,1769,66.02,14.66,0.37,40.40,1075.0,-1073.0,47.5,49.4,16.31,308686,37.70,1369,-141
2026-01-19T22:38:00.000Z,51,51,1232,66.44,25.40,3.23,60.80,1075.0,-1073.0,47.5,49.4,16.31,308686,37.70,1342,-150
2026-01-19T22:39:00.000Z,51,51,1116,65.90,21.32,-6.56,61.57,1075.0,-1073.0,47.5,49.4,16.31,308686,37.70,1144,-154
2026-01-19T22:40:00.000Z,51,51,1159,65.98,22.71,-4.74,61.48,1068.2,-1067.3,21.4,44.7,15.77,227880,35.99,1202,-152
2026-01-19T22:41:00.000Z,51,51,1619,65.46,15.44,-4.65,49.06,1074.0,-1073.5,4.1,29.1,17.89,261659,41.27,1147,-155
2026-01-19T22:42:00.000Z,51,51,1137,65.43,20.34,-3.42,61.85,1075.6,-1075.2,-0.7,24.8,18.50,272953,42.81,1130,-150
2026-01-19T22:43:00.000Z,51,51,1215,65.38,20.17,-3.53,61.92,1066.0,-1065.0,27.4,45.8,16.50,314940,37.50,1117,-128
2026-01-19T22:44:00.000Z,51,51,1050,64.73,19.27,-0.52,61.57,1066.0,-1065.0,27.4,45.8,16.50,314940,37.50,1147,-126
2026-01-19T22:45:00.000Z,51,99,2175,63.26,4.84,0.11,31.27,99999.9,99999.9,99999.9,99999.9,999.99,9999999.0,99.99,1105,-128
2026-01-19T22:46:00.000Z,51,99,845,64.12,18.61,2.66,61.29,99999.9,99999.9,99999.9,99999.9,999.99,9999999.0,99.99,1028,-114
2026-01-19T22:47:00.000Z,51,99,853,62.85,12.14,5.96,61.33,99999.9,99999.9,99999.9,99999.9,999.99,9999999.0,99.99,1015,-95
2026-01-19T22:48:00.000Z,51,99,896,63.27,11.05,4.37,62.08,99999.9,99999.9,99999.9,99999.9,999.99,9999999.0,99.99,1090,-106
2026-01-19T22:49:00.000Z,51,99,2238,62.14,1.76,1.34,31.82,99999.9,99999.9,99999.9,99999.9,999.99,9999999.0,99.99,999,-102
2026-01-19T22:50:00.000Z,51,99,873,60.85,2.72,13.92,59.14,99999.9,99999.9,99999.9,99999.9,999.99,9999999.0,99.99,1363,-104
2026-01-19T22:51:00.000Z,51,99,892,59.27,0.81,16.08,57.03,99999.9,99999.9,99999.9,99999.9,999.99,9999999.0,99.99,1062,-104
2026-01-19T22:52:00.000Z,51,99,926,60.29,0.35,16.80,57.88,99999.9,99999.9,99999.9,99999.9,999.99,9999999.0,99.99,1029,-108
2026-01-19T22:53:00.000Z,51,99,978,61.01,-2.18,19.23,57.80,99999.9,99999.9,99999.9,99999.9,999.99,9999999.0,99.99,1098,-119
2026-01-19T22:54:00.000Z,51,99,2592,61.06,-10.51,13.75,25.60,99999.9,99999.9,99999.9,99999.9,999.99,9999999.0,99.99,738,-112
2026-01-19T22:55:00.000Z,51,99,992,60.60,0.32,17.75,57.71,99999.9,99999.9,99999.9,99999.9,999.99,9999999.0,99.99,1017,-107
2026-01-19T22:56:00.000Z,51,99,978,60.19,2.90,14.90,58.23,99999.9,99999.9,99999.9,99999.9,999.99,9999999.0,99.99,904,-121
2026-01-19T22:57:00.000Z,51,99,977,61.48,3.70,18.52,58.17,99999.9,99999.9,99999.9,99999.9,999.99,9999999.0,99.99,811,-127
2026-01-19T22:58:00.000Z,51,99,999,62.46,4.71,16.89,59.36,99999.9,99999.9,99999.9,99999.9,999.99,9999999.0,99.99,972,-121
2026-01-19T22:59:00.000Z,51,99,2868,61.09,-5.55,9.35,24.32,99999.9,99999.9,99999.9,99999.9,999.99,9999999.0,99.99,1017,-119
2026-01-19T23:00:00.000Z,51,99,1043,62.49,7.16,16.84,59.65,99999.9,99999.9,99999.9,99999.9,999.99,9999999.0,99.99,747,-123
2026-01-19T23:01:00.000Z,51,99,1065,62.89,9.57,17.15,59.72,99999.9,99999.9,99999.9,99999.9,999.99,9999999.0,99.99,824,-128
2026-01-19T23:02:00.000Z,51,99,1086,62.45,10.02,17.43,59.07,99999.9,99999.9,99999.9,99999.9,999.99,9999999.0,99.99,925,-127
2026-01-19T23:03:00.000Z,51,99,1106,62.43,9.39,17.14,59.26,99999.9,99999.9,99999.9,99999.9,999.99,9999999.0,99.99,720,-124
2026-01-19T23:04:00.000Z,51,99,1128,62.45,9.71,15.90,59.57,99999.9,99999.9,99999.9,99999.9,999.99,9999999.0,99.99,530,-120
2026-01-19T23:05:00.000Z,51,99,2819,61.80,0.54,6.55,28.89,99999.9,99999.9,99999.9,99999.9,999.99,9999999.0,99.99,564,-121
2026-01-19T23:06:00.000Z,51,99,1169,62.19,7.99,17.75,58.73,99999.9,99999.9,99999.9,99999.9,999.99,9999999.0,99.99,691,-124
2026-01-19T23:07:00.000Z,51,99,1189,61.15,5.77,26.81,54.58,99999.9,99999.9,99999.9,99999.9,999.99,9999999.0,99.99,654,-120
2026-01-19T23:08:00.000Z,51,99,1209,61.50,10.02,19.31,57.43,99999.9,99999.9,99999.9,99999.9,999.99,9999999.0,99.99,486,-119
2026-01-19T23:09:00.000Z,51,99,1229,62.03,7.05,20.29,58.02,99999.9,99999.9,99999.9,99999.9,999.99,9999999.0,99.99,519,-120
2026-01-19T23:10:00.000Z,51,99,1249,61.99,5.63,19.09,58.66,99999.9,99999.9,99999.9,99999.9,999.99,9999999.0,99.99,636,-107
2026-01-19T23:11:00.000Z,51,99,1268,61.65,6.32,18.03,58.58,99999.9,99999.9,99999.9,99999.9,999.99,9999999.0,99.99,477,-65
2026-01-19T23:12:00.000Z,51,99,3248,59.16,-3.84,18.51,23.94,99999.9,99999.9,99999.9,99999.9,999.99,9999999.0,99.99,854,-27
2026-01-19T23:13:00.000Z,51,99,1306,60.87,4.01,26.75,54.42,99999.9,99999.9,99999.9,99999.9,999.99,9999999.0,99.99,1244,-62
2026-01-19T23:14:00.000Z,51,99,1325,60.61,3.77,25.49,54.75,99999.9,99999.9,99999.9,99999.9,999.99,9999999.0,99.99,700,-55
2026-01-19T23:15:00.000Z,51,99,1344,60.57,6.30,21.64,56.11,99999.9,99999.9,99999.9,99999.9,999.99,9999999.0,99.99,996,-35
2026-01-19T23:16:00.000Z,51,99,1363,60.21,5.32,23.22,55.26,99999.9,99999.9,99999.9,99999.9,999.99,9999999.0,99.99,963,-57
2026-01-19T23:17:00.000Z,51,99,1381,60.25,4.98,20.66,56.32,99999.9,99999.9,99999.9,99999.9,999.99,9999999.0,99.99,694,-107
2026-01-19T23:18:00.000Z,51,99,1399,59.88,4.11,17.82,56.82,99999.9,99999.9,99999.9,99999.9,999.99,9999999.0,99.99,537,-103
2026-01-19T23:19:00.000Z,51,99,2052,60.73,-1.26,9.86,50.30,99999.9,99999.9,99999.9,99999.9,999.99,9999999.0,99.99,663,-89
2026-01-19T23:20:00.000Z,51,99,1840,61.15,0.41,12.51,53.66,99999.9,99999.9,99999.9,99999.9,999.99,9999999.0,99.99,515,-106
2026-01-19T23:21:00.000Z,51,99,1443,60.45,-0.21,15.31,58.44,99999.9,99999.9,99999.9,99999.9,999.99,9999999.0,99.99,400,-112
2026-01-19T23:22:00.000Z,51,99,1458,60.30,-0.80,16.35,58.02,99999.9,99999.9,99999.9,99999.9,999.99,9999999.0,99.99,479,-103
2026-01-19T23:23:00.000Z,51,99,1471,60.50,-1.30,14.21,58.73,99999.9,99999.9,99999.9,99999.9,999.99,9999999.0,99.99,308,-101
2026-01-19T23:24:00.000Z,51,99,1482,60.77,1.76,19.46,57.18,99999.9,99999.9,99999.9,99999.9,999.99,9999999.0,99.99,441,-95
2026-01-19T23:25:00.000Z,51,99,1453,57.71,2.30,19.90,52.87,99999.9,99999.9,99999.9,99999.9,999.99,9999999.0,99.99,575,-91
2026-01-19T23:26:00.000Z,51,99,1412,57.58,3.95,24.42,51.95,99999.9,99999.9,99999.9,99999.9,999.99,9999999.0,99.99,545,-107
2026-01-19T23:27:00.000Z,51,99,1372,59.52,5.03,18.70,55.68,99999.9,99999.9,99999.9,99999.9,999.99,9999999.0,99.99,542,-107
2026-01-19T23:28:00.000Z,51,99,2360,59.56,1.60,17.34,41.46,99999.9,99999.9,99999.9,99999.9,999.99,9999999.0,99.99,733,-99
2026-01-19T23:29:00.000Z,51,99,1292,59.05,9.21,21.83,54.01,99999.9,99999.9,99999.9,99999.9,999.99,9999999.0,99.99,737,-104
